Country or Area,Year(s),Value
Afghanistan,2023,66.0346
Afghanistan,2022,65.617
Afghanistan,2021,60.4174
Afghanistan,2020,61.4537
Afghanistan,2019,62.9411
Afghanistan,2018,62.4434
Afghanistan,2017,62.4062
Afghanistan,2016,62.6459
Afghanistan,2015,62.2695
Afghanistan,2014,62.2599
Afghanistan,2013,62.1878
Afghanistan,2012,61.7349
Afghanistan,2011,61.2503
Afghanistan,2010,60.7018
Afghanistan,2009,60.2478
Afghanistan,2008,59.7081
Afghanistan,2007,58.9563
Afghanistan,2006,58.5533
Afghanistan,2005,58.2468
Afghanistan,2004,57.8098
Afghanistan,2003,57.1713
Afghanistan,2002,56.2251
Afghanistan,2001,55.5113
Afghanistan,2000,55.0047
Afghanistan,1999,54.5324
Afghanistan,1998,52.487
Afghanistan,1997,53.2123
Afghanistan,1996,52.8302
Afghanistan,1995,52.1032
Afghanistan,1994,50.9689
Afghanistan,1993,51.0212
Afghanistan,1992,46.5691
Afghanistan,1991,45.5207
Afghanistan,1990,45.1183
Afghanistan,1989,44.4961
Afghanistan,1988,43.2381
Afghanistan,1987,38.8312
Afghanistan,1986,38.4001
Afghanistan,1985,32.1316
Afghanistan,1984,31.4732
Afghanistan,1983,36.5174
Afghanistan,1982,36.0577
Afghanistan,1981,39.4058
Afghanistan,1980,39.2581
Afghanistan,1979,38.8441
Afghanistan,1978,40.0859
Afghanistan,1977,41.0821
Afghanistan,1976,40.5184
Afghanistan,1975,39.9944
Afghanistan,1974,39.4687
Afghanistan,1973,38.951
Afghanistan,1972,38.4226
Afghanistan,1971,37.9324
Afghanistan,1970,37.4601
Afghanistan,1969,36.979
Afghanistan,1968,36.5101
Afghanistan,1967,36.042
Afghanistan,1966,35.5831
Afghanistan,1965,35.1245
Afghanistan,1964,34.6726
Afghanistan,1963,34.2008
Afghanistan,1962,33.7565
Afghanistan,1961,33.291
Afghanistan,1960,32.7987
Afghanistan,1959,32.3365
Afghanistan,1958,31.84
Afghanistan,1957,31.3451
Afghanistan,1956,30.8303
Afghanistan,1955,30.366
Afghanistan,1954,29.6975
Afghanistan,1953,29.4521
Afghanistan,1952,29.0138
Afghanistan,1951,28.5836
Afghanistan,1950,28.1563
Albania,2023,79.6019
Albania,2022,78.7688
Albania,2021,76.8442
Albania,2020,77.8241
Albania,2019,79.4669
Albania,2018,79.2377
Albania,2017,78.9003
Albania,2016,78.6433
Albania,2015,78.358
Albania,2014,78.0291
Albania,2013,77.9951
Albania,2012,78.0836
Albania,2011,78.3029
Albania,2010,78.4141
Albania,2009,78.5088
Albania,2008,78.2484
Albania,2007,77.6907
Albania,2006,76.9943
Albania,2005,76.4266
Albania,2004,75.9515
Albania,2003,75.5566
Albania,2002,75.2987
Albania,2001,75.083
Albania,2000,74.8262
Albania,1999,74.5684
Albania,1998,74.3572
Albania,1997,73.3832
Albania,1996,74.1134
Albania,1995,74.0218
Albania,1994,73.8367
Albania,1993,73.6377
Albania,1992,73.303
Albania,1991,73.0011
Albania,1990,72.7096
Albania,1989,72.4573
Albania,1988,72.2167
Albania,1987,71.9814
Albania,1986,71.6651
Albania,1985,71.2816
Albania,1984,70.9838
Albania,1983,70.7051
Albania,1982,70.4249
Albania,1981,70.1446
Albania,1980,69.903
Albania,1979,69.6169
Albania,1978,69.3665
Albania,1977,68.9918
Albania,1976,68.5695
Albania,1975,68.1198
Albania,1974,67.6334
Albania,1973,67.1066
Albania,1972,66.5263
Albania,1971,65.8959
Albania,1970,65.2343
Albania,1969,64.5384
Albania,1968,63.7876
Albania,1967,62.976
Albania,1966,62.149
Albania,1965,61.2735
Albania,1964,60.4035
Albania,1963,59.4792
Albania,1962,58.4944
Albania,1961,57.488
Albania,1960,56.4132
Albania,1959,55.13
Albania,1958,53.7357
Albania,1957,52.257
Albania,1956,50.8468
Albania,1955,49.5754
Albania,1954,48.4165
Albania,1953,47.3686
Albania,1952,46.281
Albania,1951,45.2742
Albania,1950,44.5214
Algeria,2023,76.261
Algeria,2022,76.1289
Algeria,2021,75.2077
Algeria,2020,73.2568
Algeria,2019,75.6818
Algeria,2018,75.5554
Algeria,2017,75.4313
Algeria,2016,75.3099
Algeria,2015,75.1589
Algeria,2014,74.9923
Algeria,2013,74.8095
Algeria,2012,74.6086
Algeria,2011,74.3834
Algeria,2010,74.1435
Algeria,2009,73.8711
Algeria,2008,73.6181
Algeria,2007,73.346
Algeria,2006,73.1164
Algeria,2005,72.836
Algeria,2004,72.5359
Algeria,2003,71.9064
Algeria,2002,71.6437
Algeria,2001,71.0245
Algeria,2000,70.5759
Algeria,1999,70.0881
Algeria,1998,69.3271
Algeria,1997,68.8594
Algeria,1996,68.2186
Algeria,1995,67.6914
Algeria,1994,67.2844
Algeria,1993,67.7974
Algeria,1992,67.7245
Algeria,1991,67.6919
Algeria,1990,67.6584
Algeria,1989,67.4609
Algeria,1988,66.9097
Algeria,1987,66.13
Algeria,1986,65.2728
Algeria,1985,64.155
Algeria,1984,62.7219
Algeria,1983,61.2511
Algeria,1982,59.5944
Algeria,1981,57.4223
Algeria,1980,54.5124
Algeria,1979,52.409
Algeria,1978,50.6152
Algeria,1977,49.2492
Algeria,1976,48.0338
Algeria,1975,46.9211
Algeria,1974,45.9531
Algeria,1973,45.1016
Algeria,1972,44.384
Algeria,1971,43.7823
Algeria,1970,43.328
Algeria,1969,42.991
Algeria,1968,42.806
Algeria,1967,42.7307
Algeria,1966,42.7454
Algeria,1965,42.8455
Algeria,1964,42.9867
Algeria,1963,43.1431
Algeria,1962,39.5266
Algeria,1961,40.7916
Algeria,1960,40.8388
Algeria,1959,40.8828
Algeria,1958,40.9028
Algeria,1957,40.9191
Algeria,1956,40.9093
Algeria,1955,40.8697
Algeria,1954,40.6404
Algeria,1953,43.6004
Algeria,1952,43.4651
Algeria,1951,43.3012
Algeria,1950,42.6787
Andorra,2023,84.0406
Andorra,2022,84.0164
Andorra,2021,82.3311
Andorra,2020,79.4177
Andorra,2019,84.098
Andorra,2018,84.2416
Andorra,2017,84.3595
Andorra,2016,84.4885
Andorra,2015,84.5316
Andorra,2014,84.4853
Andorra,2013,84.4065
Andorra,2012,84.3339
Andorra,2011,84.2965
Andorra,2010,84.1974
Andorra,2009,84.0997
Andorra,2008,83.8546
Andorra,2007,83.6324
Andorra,2006,83.3745
Andorra,2005,83.086
Andorra,2004,82.8153
Andorra,2003,82.7183
Andorra,2002,82.4485
Andorra,2001,82.1618
Andorra,2000,81.8633
Andorra,1999,81.5505
Andorra,1998,81.2803
Andorra,1997,81.1446
Andorra,1996,81.009
Andorra,1995,80.8037
Andorra,1994,80.5868
Andorra,1993,80.186
Andorra,1992,79.7941
Andorra,1991,79.3458
Andorra,1990,78.9608
Andorra,1989,78.5571
Andorra,1988,78.3641
Andorra,1987,78.1885
Andorra,1986,78.1066
Andorra,1985,78.006
Andorra,1984,77.9159
Andorra,1983,77.7865
Andorra,1982,77.6174
Andorra,1981,77.3915
Andorra,1980,77.1371
Andorra,1979,76.8187
Andorra,1978,76.4879
Andorra,1977,76.1538
Andorra,1976,75.8689
Andorra,1975,75.5675
Andorra,1974,75.3398
Andorra,1973,75.0961
Andorra,1972,74.8635
Andorra,1971,74.6146
Andorra,1970,74.452
Andorra,1969,74.2962
Andorra,1968,74.2199
Andorra,1967,74.1189
Andorra,1966,74.0199
Andorra,1965,73.8557
Andorra,1964,73.6241
Andorra,1963,73.2981
Andorra,1962,72.9929
Andorra,1961,72.5725
Andorra,1960,72.0941
Andorra,1959,71.6151
Andorra,1958,71.1759
Andorra,1957,70.6423
Andorra,1956,70.2326
Andorra,1955,69.7772
Andorra,1954,69.2632
Andorra,1953,68.607
Andorra,1952,67.9474
Andorra,1951,67.5312
Andorra,1950,67.1591
Angola,2023,64.617
Angola,2022,64.2455
Angola,2021,62.9581
Angola,2020,63.1164
Angola,2019,63.0511
Angola,2018,62.6219
Angola,2017,62.1221
Angola,2016,61.6189
Angola,2015,61.042
Angola,2014,60.3956
Angola,2013,59.7048
Angola,2012,58.916
Angola,2011,58.0931
Angola,2010,57.242
Angola,2009,56.2251
Angola,2008,55.2809
Angola,2007,54.2001
Angola,2006,52.9647
Angola,2005,52.1295
Angola,2004,51.1225
Angola,2003,50.218
Angola,2002,47.8736
Angola,2001,47.0323
Angola,2000,46.5005
Angola,1999,45.8077
Angola,1998,45.4515
Angola,1997,46.6882
Angola,1996,46.4177
Angola,1995,46.1391
Angola,1994,43.5671
Angola,1993,42.1902
Angola,1992,42.2673
Angola,1991,43.8116
Angola,1990,41.8542
Angola,1989,41.6977
Angola,1988,41.4711
Angola,1987,40.7857
Angola,1986,42.7391
Angola,1985,42.495
Angola,1984,42.2455
Angola,1983,41.9717
Angola,1982,42.8569
Angola,1981,42.5556
Angola,1980,42.2415
Angola,1979,41.9129
Angola,1978,41.5731
Angola,1977,41.2146
Angola,1976,40.8116
Angola,1975,40.8174
Angola,1974,41.2597
Angola,1973,40.8714
Angola,1972,40.4686
Angola,1971,40.0762
Angola,1970,39.6882
Angola,1969,39.3293
Angola,1968,38.9675
Angola,1967,38.6156
Angola,1966,38.2582
Angola,1965,37.9682
Angola,1964,37.7041
Angola,1963,37.4192
Angola,1962,37.1683
Angola,1961,36.9017
Angola,1960,37.933
Angola,1959,37.6939
Angola,1958,37.4746
Angola,1957,37.2697
Angola,1956,37.0809
Angola,1955,36.8537
Angola,1954,36.6251
Angola,1953,36.4338
Angola,1952,36.2235
Angola,1951,36.0462
Angola,1950,35.8661
Antigua and Barbuda,2023,77.5976
Antigua and Barbuda,2022,77.4833
Antigua and Barbuda,2021,77.197
Antigua and Barbuda,2020,77.1613
Antigua and Barbuda,2019,77.1681
Antigua and Barbuda,2018,77.1325
Antigua and Barbuda,2017,77.0296
Antigua and Barbuda,2016,76.9684
Antigua and Barbuda,2015,76.8924
Antigua and Barbuda,2014,76.9122
Antigua and Barbuda,2013,77.0496
Antigua and Barbuda,2012,77.1
Antigua and Barbuda,2011,77.0227
Antigua and Barbuda,2010,76.7013
Antigua and Barbuda,2009,76.3856
Antigua and Barbuda,2008,76.0753
Antigua and Barbuda,2007,75.72
Antigua and Barbuda,2006,75.5059
Antigua and Barbuda,2005,75.3638
Antigua and Barbuda,2004,75.3295
Antigua and Barbuda,2003,75.3125
Antigua and Barbuda,2002,75.237
Antigua and Barbuda,2001,75.1082
Antigua and Barbuda,2000,74.8191
Antigua and Barbuda,1999,74.456
Antigua and Barbuda,1998,74.1873
Antigua and Barbuda,1997,74.0454
Antigua and Barbuda,1996,73.8389
Antigua and Barbuda,1995,73.5759
Antigua and Barbuda,1994,73.4934
Antigua and Barbuda,1993,73.3902
Antigua and Barbuda,1992,73.3864
Antigua and Barbuda,1991,73.4716
Antigua and Barbuda,1990,73.6024
Antigua and Barbuda,1989,73.6281
Antigua and Barbuda,1988,73.8107
Antigua and Barbuda,1987,73.8734
Antigua and Barbuda,1986,73.8927
Antigua and Barbuda,1985,73.8727
Antigua and Barbuda,1984,73.8077
Antigua and Barbuda,1983,73.6838
Antigua and Barbuda,1982,73.5245
Antigua and Barbuda,1981,73.3205
Antigua and Barbuda,1980,73.0936
Antigua and Barbuda,1979,72.8235
Antigua and Barbuda,1978,72.4997
Antigua and Barbuda,1977,72.1487
Antigua and Barbuda,1976,71.7944
Antigua and Barbuda,1975,71.4474
Antigua and Barbuda,1974,71.095
Antigua and Barbuda,1973,70.7102
Antigua and Barbuda,1972,70.3044
Antigua and Barbuda,1971,69.8607
Antigua and Barbuda,1970,69.3709
Antigua and Barbuda,1969,68.8274
Antigua and Barbuda,1968,68.2297
Antigua and Barbuda,1967,67.5864
Antigua and Barbuda,1966,66.9018
Antigua and Barbuda,1965,66.1711
Antigua and Barbuda,1964,65.4281
Antigua and Barbuda,1963,64.6969
Antigua and Barbuda,1962,63.9955
Antigua and Barbuda,1961,63.3352
Antigua and Barbuda,1960,62.6351
Antigua and Barbuda,1959,62.129
Antigua and Barbuda,1958,61.594
Antigua and Barbuda,1957,61.1069
Antigua and Barbuda,1956,60.6663
Antigua and Barbuda,1955,60.2496
Antigua and Barbuda,1954,59.8337
Antigua and Barbuda,1953,59.4337
Antigua and Barbuda,1952,59.0191
Antigua and Barbuda,1951,58.6041
Antigua and Barbuda,1950,58.0996
Argentina,2023,77.3947
Argentina,2022,75.8061
Argentina,2021,73.9485
Argentina,2020,75.8781
Argentina,2019,76.8475
Argentina,2018,76.7698
Argentina,2017,76.5434
Argentina,2016,76.105
Argentina,2015,76.5995
Argentina,2014,76.2678
Argentina,2013,75.8292
Argentina,2012,75.8024
Argentina,2011,76.0998
Argentina,2010,75.68
Argentina,2009,75.5773
Argentina,2008,75.4281
Argentina,2007,74.7827
Argentina,2006,75.2791
Argentina,2005,75.2306
Argentina,2004,74.8713
Argentina,2003,74.3073
Argentina,2002,74.3122
Argentina,2001,74.1542
Argentina,2000,73.91
Argentina,1999,73.6833
Argentina,1998,73.4121
Argentina,1997,73.4071
Argentina,1996,73.0565
Argentina,1995,72.8644
Argentina,1994,72.7317
Argentina,1993,72.3033
Argentina,1992,72.0958
Argentina,1991,72.0204
Argentina,1990,71.6145
Argentina,1989,71.5019
Argentina,1988,71.0973
Argentina,1987,70.6989
Argentina,1986,70.2812
Argentina,1985,69.8793
Argentina,1984,69.3533
Argentina,1983,69.2905
Argentina,1982,68.9728
Argentina,1981,68.8576
Argentina,1980,68.5761
Argentina,1979,68.4341
Argentina,1978,67.9989
Argentina,1977,67.5946
Argentina,1976,67.0299
Argentina,1975,66.9647
Argentina,1974,66.4053
Argentina,1973,66.186
Argentina,1972,65.953
Argentina,1971,65.6193
Argentina,1970,65.6474
Argentina,1969,65.0853
Argentina,1968,65.234
Argentina,1967,65.4672
Argentina,1966,65.3976
Argentina,1965,65.0531
Argentina,1964,64.8161
Argentina,1963,64.8554
Argentina,1962,64.6184
Argentina,1961,64.6314
Argentina,1960,64.2423
Argentina,1959,64.0997
Argentina,1958,64.2017
Argentina,1957,63.22
Argentina,1956,63.5774
Argentina,1955,62.7026
Argentina,1954,63.0694
Argentina,1953,62.4599
Argentina,1952,62.4656
Argentina,1951,61.7087
Argentina,1950,61.2746
Armenia,2023,75.6827
Armenia,2022,74.6333
Armenia,2021,72.5524
Armenia,2020,68.8898
Armenia,2019,75.1931
Armenia,2018,74.9783
Armenia,2017,74.7441
Armenia,2016,74.4937
Armenia,2015,74.229
Armenia,2014,73.98
Armenia,2013,73.7131
Armenia,2012,73.4396
Armenia,2011,73.1852
Armenia,2010,72.9381
Armenia,2009,72.7136
Armenia,2008,72.5193
Armenia,2007,72.3589
Armenia,2006,72.2188
Armenia,2005,72.0822
Armenia,2004,71.9262
Armenia,2003,71.7343
Armenia,2002,71.4859
Armenia,2001,71.1744
Armenia,2000,70.8123
Armenia,1999,70.418
Armenia,1998,70.0054
Armenia,1997,69.5924
Armenia,1996,69.1975
Armenia,1995,68.8131
Armenia,1994,68.4477
Armenia,1993,68.1432
Armenia,1992,67.8819
Armenia,1991,67.8008
Armenia,1990,67.7332
Armenia,1989,67.7222
Armenia,1988,52.7089
Armenia,1987,67.5713
Armenia,1986,67.3942
Armenia,1985,67.1331
Armenia,1984,66.8119
Armenia,1983,66.452
Armenia,1982,66.0755
Armenia,1981,65.7071
Armenia,1980,65.3623
Armenia,1979,65.043
Armenia,1978,64.7228
Armenia,1977,64.4226
Armenia,1976,64.1441
Armenia,1975,63.9073
Armenia,1974,63.6808
Armenia,1973,63.4589
Armenia,1972,63.2372
Armenia,1971,63.0061
Armenia,1970,62.7596
Armenia,1969,62.4917
Armenia,1968,62.2021
Armenia,1967,61.8894
Armenia,1966,61.5536
Armenia,1965,61.1945
Armenia,1964,60.8132
Armenia,1963,60.4123
Armenia,1962,59.9953
Armenia,1961,59.5666
Armenia,1960,59.1303
Armenia,1959,58.6909
Armenia,1958,58.2486
Armenia,1957,57.8036
Armenia,1956,57.3546
Armenia,1955,56.9012
Armenia,1954,56.4433
Armenia,1953,55.9801
Armenia,1952,55.5107
Armenia,1951,55.0359
Armenia,1950,54.5541
Australia,2023,83.9228
Australia,2022,82.7662
Australia,2021,83.564
Australia,2020,83.6639
Australia,2019,83.2412
Australia,2018,83.2582
Australia,2017,82.7184
Australia,2016,82.8014
Australia,2015,82.605
Australia,2014,82.5182
Australia,2013,82.5511
Australia,2012,82.2966
Australia,2011,82.0911
Australia,2010,82.0132
Australia,2009,81.7283
Australia,2008,81.4267
Australia,2007,81.2324
Australia,2006,81.2581
Australia,2005,81.0923
Australia,2004,80.7334
Australia,2003,80.4396
Australia,2002,80.0515
Australia,2001,80.006
Australia,2000,79.6207
Australia,1999,79.2769
Australia,1998,79.0202
Australia,1997,78.6256
Australia,1996,78.3436
Australia,1995,78.2569
Australia,1994,77.8515
Australia,1993,78.006
Australia,1992,77.4731
Australia,1991,77.4806
Australia,1990,77.0414
Australia,1989,76.1973
Australia,1988,76.3443
Australia,1987,76.083
Australia,1986,76.0716
Australia,1985,75.4303
Australia,1984,75.5099
Australia,1983,75.4402
Australia,1982,74.7192
Australia,1981,74.7827
Australia,1980,74.5655
Australia,1979,74.327
Australia,1978,73.7403
Australia,1977,73.4719
Australia,1976,72.7871
Australia,1975,72.7834
Australia,1974,71.8491
Australia,1973,72.0579
Australia,1972,71.7682
Australia,1971,71.451
Australia,1970,70.6534
Australia,1969,71.0719
Australia,1968,70.6807
Australia,1967,71.0472
Australia,1966,70.6776
Australia,1965,70.8021
Australia,1964,70.5715
Australia,1963,70.9606
Australia,1962,70.9059
Australia,1961,71.1348
Australia,1960,70.8652
Australia,1959,70.445
Australia,1958,70.8606
Australia,1957,70.3168
Australia,1956,70.0366
Australia,1955,70.1564
Australia,1954,69.8595
Australia,1953,69.6911
Australia,1952,69.1125
Australia,1951,68.6995
Australia,1950,69.0
Austria,2023,81.9559
Austria,2022,81.2959
Austria,2021,81.8204
Austria,2020,81.8037
Austria,2019,81.9072
Austria,2018,81.6859
Austria,2017,81.6387
Austria,2016,81.5922
Austria,2015,81.1592
Austria,2014,81.39
Austria,2013,81.078
Austria,2012,80.8407
Austria,2011,80.8281
Austria,2010,80.4634
Austria,2009,80.2064
Austria,2008,80.3633
Austria,2007,80.1664
Austria,2006,79.9648
Austria,2005,79.5202
Austria,2004,79.3624
Austria,2003,78.8491
Austria,2002,78.8464
Austria,2001,78.7184
Austria,2000,78.235
Austria,1999,77.9554
Austria,1998,77.7823
Austria,1997,77.4279
Austria,1996,77.0256
Austria,1995,76.7753
Austria,1994,76.5414
Austria,1993,76.2247
Austria,1992,75.992
Austria,1991,75.7921
Austria,1990,75.7385
Austria,1989,75.4635
Austria,1988,75.3743
Austria,1987,74.9001
Austria,1986,74.4574
Austria,1985,73.9861
Austria,1984,73.7658
Austria,1983,73.2168
Austria,1982,73.1434
Austria,1981,72.9901
Austria,1980,72.6676
Austria,1979,72.5428
Austria,1978,72.2031
Austria,1977,72.135
Austria,1976,71.7881
Austria,1975,71.3264
Austria,1974,71.1741
Austria,1973,71.1953
Austria,1972,70.6196
Austria,1971,70.2905
Austria,1970,70.086
Austria,1969,70.0414
Austria,1968,70.2678
Austria,1967,70.1157
Austria,1966,70.2228
Austria,1965,69.9316
Austria,1964,70.1194
Austria,1963,69.6529
Austria,1962,69.4991
Austria,1961,69.7129
Austria,1960,68.7468
Austria,1959,68.3921
Austria,1958,68.4551
Austria,1957,67.4448
Austria,1956,67.681
Austria,1955,67.5509
Austria,1954,67.2867
Austria,1953,67.2543
Austria,1952,66.7483
Austria,1951,65.2225
Austria,1950,64.8131
Azerbaijan,2023,74.4286
Azerbaijan,2022,74.125
Azerbaijan,2021,70.9994
Azerbaijan,2020,70.3116
Azerbaijan,2019,73.29
Azerbaijan,2018,73.0156
Azerbaijan,2017,72.6943
Azerbaijan,2016,72.5678
Azerbaijan,2015,72.3486
Azerbaijan,2014,71.9304
Azerbaijan,2013,71.4849
Azerbaijan,2012,71.0799
Azerbaijan,2011,70.5651
Azerbaijan,2010,70.3088
Azerbaijan,2009,69.8743
Azerbaijan,2008,69.355
Azerbaijan,2007,68.6587
Azerbaijan,2006,68.489
Azerbaijan,2005,67.7103
Azerbaijan,2004,67.4882
Azerbaijan,2003,67.036
Azerbaijan,2002,66.769
Azerbaijan,2001,66.0429
Azerbaijan,2000,65.3772
Azerbaijan,1999,64.7334
Azerbaijan,1998,63.7498
Azerbaijan,1997,62.9533
Azerbaijan,1996,62.6603
Azerbaijan,1995,61.9313
Azerbaijan,1994,60.277
Azerbaijan,1993,61.4261
Azerbaijan,1992,60.7729
Azerbaijan,1991,62.5436
Azerbaijan,1990,62.7504
Azerbaijan,1989,62.9447
Azerbaijan,1988,62.672
Azerbaijan,1987,62.8241
Azerbaijan,1986,62.6027
Azerbaijan,1985,62.6744
Azerbaijan,1984,62.0838
Azerbaijan,1983,62.4786
Azerbaijan,1982,62.2302
Azerbaijan,1981,61.9083
Azerbaijan,1980,61.4333
Azerbaijan,1979,60.9307
Azerbaijan,1978,60.494
Azerbaijan,1977,59.9719
Azerbaijan,1976,59.4769
Azerbaijan,1975,58.6874
Azerbaijan,1974,58.3323
Azerbaijan,1973,57.9261
Azerbaijan,1972,57.5032
Azerbaijan,1971,57.0431
Azerbaijan,1970,56.5859
Azerbaijan,1969,56.0802
Azerbaijan,1968,55.5625
Azerbaijan,1967,55.0316
Azerbaijan,1966,54.4849
Azerbaijan,1965,53.884
Azerbaijan,1964,53.292
Azerbaijan,1963,52.6964
Azerbaijan,1962,52.0533
Azerbaijan,1961,51.4351
Azerbaijan,1960,50.8616
Azerbaijan,1959,50.2585
Azerbaijan,1958,49.6874
Azerbaijan,1957,49.195
Azerbaijan,1956,48.797
Azerbaijan,1955,48.3468
Azerbaijan,1954,47.8395
Azerbaijan,1953,47.435
Azerbaijan,1952,47.0081
Azerbaijan,1951,46.64
Azerbaijan,1950,46.2883
Bahamas,2023,74.5518
Bahamas,2022,74.4911
Bahamas,2021,70.752
Bahamas,2020,72.9936
Bahamas,2019,71.4084
Bahamas,2018,74.062
Bahamas,2017,74.0314
Bahamas,2016,74.0421
Bahamas,2015,73.8047
Bahamas,2014,74.0286
Bahamas,2013,73.9304
Bahamas,2012,73.7069
Bahamas,2011,73.5712
Bahamas,2010,73.4487
Bahamas,2009,73.4551
Bahamas,2008,73.4454
Bahamas,2007,73.4628
Bahamas,2006,73.4558
Bahamas,2005,73.4132
Bahamas,2004,73.235
Bahamas,2003,73.2126
Bahamas,2002,73.0234
Bahamas,2001,72.7654
Bahamas,2000,72.4812
Bahamas,1999,72.1465
Bahamas,1998,71.8399
Bahamas,1997,71.5975
Bahamas,1996,71.4638
Bahamas,1995,71.4225
Bahamas,1994,71.4292
Bahamas,1993,71.4202
Bahamas,1992,71.2981
Bahamas,1991,71.1826
Bahamas,1990,70.9449
Bahamas,1989,70.7188
Bahamas,1988,70.5079
Bahamas,1987,70.3829
Bahamas,1986,70.3156
Bahamas,1985,70.2892
Bahamas,1984,70.1918
Bahamas,1983,70.0033
Bahamas,1982,69.6818
Bahamas,1981,69.3678
Bahamas,1980,69.0905
Bahamas,1979,68.9596
Bahamas,1978,68.873
Bahamas,1977,68.762
Bahamas,1976,68.5293
Bahamas,1975,68.1404
Bahamas,1974,67.5849
Bahamas,1973,67.1471
Bahamas,1972,66.781
Bahamas,1971,66.5265
Bahamas,1970,66.1634
Bahamas,1969,65.7731
Bahamas,1968,65.3994
Bahamas,1967,65.0297
Bahamas,1966,64.5887
Bahamas,1965,64.2723
Bahamas,1964,63.8965
Bahamas,1963,63.532
Bahamas,1962,63.1868
Bahamas,1961,62.8134
Bahamas,1960,62.4539
Bahamas,1959,62.0846
Bahamas,1958,61.7374
Bahamas,1957,61.3714
Bahamas,1956,61.0134
Bahamas,1955,60.6517
Bahamas,1954,60.3145
Bahamas,1953,59.9504
Bahamas,1952,59.5782
Bahamas,1951,59.2012
Bahamas,1950,58.8933
Bahrain,2023,81.2835
Bahrain,2022,80.9921
Bahrain,2021,78.0826
Bahrain,2020,78.6833
Bahrain,2019,80.4706
Bahrain,2018,80.4118
Bahrain,2017,80.4067
Bahrain,2016,80.407
Bahrain,2015,80.3378
Bahrain,2014,80.2139
Bahrain,2013,79.9981
Bahrain,2012,79.6218
Bahrain,2011,79.1409
Bahrain,2010,78.5933
Bahrain,2009,78.0162
Bahrain,2008,77.4565
Bahrain,2007,76.9519
Bahrain,2006,76.5101
Bahrain,2005,76.1249
Bahrain,2004,75.7869
Bahrain,2003,75.4857
Bahrain,2002,75.2086
Bahrain,2001,74.9419
Bahrain,2000,74.6726
Bahrain,1999,74.4053
Bahrain,1998,74.1381
Bahrain,1997,73.8717
Bahrain,1996,73.6103
Bahrain,1995,73.3613
Bahrain,1994,73.1344
Bahrain,1993,72.9393
Bahrain,1992,72.7846
Bahrain,1991,72.6682
Bahrain,1990,72.5867
Bahrain,1989,72.5238
Bahrain,1988,72.4605
Bahrain,1987,72.3774
Bahrain,1986,72.2574
Bahrain,1985,72.0923
Bahrain,1984,71.8843
Bahrain,1983,71.6373
Bahrain,1982,71.3543
Bahrain,1981,71.0371
Bahrain,1980,70.6844
Bahrain,1979,70.2955
Bahrain,1978,69.8504
Bahrain,1977,69.3834
Bahrain,1976,68.858
Bahrain,1975,68.2764
Bahrain,1974,67.6331
Bahrain,1973,66.9218
Bahrain,1972,66.0947
Bahrain,1971,65.2793
Bahrain,1970,64.3585
Bahrain,1969,63.35
Bahrain,1968,62.2534
Bahrain,1967,61.0362
Bahrain,1966,59.7445
Bahrain,1965,58.3791
Bahrain,1964,56.9463
Bahrain,1963,55.4493
Bahrain,1962,53.8932
Bahrain,1961,52.2777
Bahrain,1960,50.634
Bahrain,1959,48.9511
Bahrain,1958,47.2764
Bahrain,1957,45.6523
Bahrain,1956,44.1271
Bahrain,1955,42.774
Bahrain,1954,41.6479
Bahrain,1953,40.7141
Bahrain,1952,39.934
Bahrain,1951,39.2701
Bahrain,1950,38.6019
Bangladesh,2023,74.6723
Bangladesh,2022,74.2647
Bangladesh,2021,71.1035
Bangladesh,2020,71.4211
Bangladesh,2019,72.6254
Bangladesh,2018,72.1217
Bangladesh,2017,71.6056
Bangladesh,2016,71.0752
Bangladesh,2015,70.5429
Bangladesh,2014,70.0162
Bangladesh,2013,69.4874
Bangladesh,2012,68.9894
Bangladesh,2011,68.4988
Bangladesh,2010,68.0091
Bangladesh,2009,67.5269
Bangladesh,2008,67.0471
Bangladesh,2007,66.4578
Bangladesh,2006,66.0479
Bangladesh,2005,65.5087
Bangladesh,2004,64.9118
Bangladesh,2003,64.2877
Bangladesh,2002,63.5914
Bangladesh,2001,62.8358
Bangladesh,2000,62.0487
Bangladesh,1999,61.2444
Bangladesh,1998,60.4291
Bangladesh,1997,59.6713
Bangladesh,1996,58.9395
Bangladesh,1995,58.2442
Bangladesh,1994,57.6403
Bangladesh,1993,57.0729
Bangladesh,1992,56.5915
Bangladesh,1991,53.7809
Bangladesh,1990,55.8219
Bangladesh,1989,55.5135
Bangladesh,1988,55.1744
Bangladesh,1987,54.8992
Bangladesh,1986,54.5915
Bangladesh,1985,53.9371
Bangladesh,1984,53.8259
Bangladesh,1983,53.4409
Bangladesh,1982,53.0119
Bangladesh,1981,52.6383
Bangladesh,1980,52.2778
Bangladesh,1979,51.9585
Bangladesh,1978,51.5964
Bangladesh,1977,51.2652
Bangladesh,1976,50.9509
Bangladesh,1975,50.6268
Bangladesh,1974,49.5885
Bangladesh,1973,49.9142
Bangladesh,1972,49.6465
Bangladesh,1971,26.5218
Bangladesh,1970,42.6672
Bangladesh,1969,48.6864
Bangladesh,1968,48.4003
Bangladesh,1967,48.0658
Bangladesh,1966,47.6443
Bangladesh,1965,46.0464
Bangladesh,1964,46.7522
Bangladesh,1963,45.7217
Bangladesh,1962,45.7651
Bangladesh,1961,44.8874
Bangladesh,1960,43.9795
Bangladesh,1959,43.7158
Bangladesh,1958,43.0829
Bangladesh,1957,42.5748
Bangladesh,1956,41.6034
Bangladesh,1955,41.0664
Bangladesh,1954,40.3718
Bangladesh,1953,39.4449
Bangladesh,1952,38.8443
Bangladesh,1951,38.1362
Bangladesh,1950,37.4114
Barbados,2023,76.1782
Barbados,2022,75.6761
Barbados,2021,76.5797
Barbados,2020,76.6465
Barbados,2019,76.4951
Barbados,2018,76.3784
Barbados,2017,76.2365
Barbados,2016,76.1681
Barbados,2015,76.0546
Barbados,2014,75.9263
Barbados,2013,75.816
Barbados,2012,75.7373
Barbados,2011,75.5985
Barbados,2010,75.4882
Barbados,2009,75.4582
Barbados,2008,75.3002
Barbados,2007,75.2625
Barbados,2006,75.0485
Barbados,2005,74.9602
Barbados,2004,75.1499
Barbados,2003,74.8653
Barbados,2002,74.8203
Barbados,2001,74.7065
Barbados,2000,74.5803
Barbados,1999,74.5868
Barbados,1998,74.4652
Barbados,1997,73.9884
Barbados,1996,74.0647
Barbados,1995,73.8796
Barbados,1994,73.7551
Barbados,1993,73.7394
Barbados,1992,73.6101
Barbados,1991,73.5431
Barbados,1990,73.4625
Barbados,1989,73.3746
Barbados,1988,73.4306
Barbados,1987,73.4625
Barbados,1986,73.4165
Barbados,1985,73.3155
Barbados,1984,73.3018
Barbados,1983,73.1557
Barbados,1982,72.9027
Barbados,1981,72.6299
Barbados,1980,72.1289
Barbados,1979,71.5491
Barbados,1978,71.1428
Barbados,1977,70.6397
Barbados,1976,70.114
Barbados,1975,69.7897
Barbados,1974,69.3795
Barbados,1973,69.1082
Barbados,1972,69.1321
Barbados,1971,68.7865
Barbados,1970,68.5182
Barbados,1969,68.5038
Barbados,1968,68.1997
Barbados,1967,67.9196
Barbados,1966,67.7099
Barbados,1965,67.2358
Barbados,1964,66.6783
Barbados,1963,66.2045
Barbados,1962,65.7154
Barbados,1961,65.0326
Barbados,1960,64.1488
Barbados,1959,63.3071
Barbados,1958,62.4496
Barbados,1957,61.6557
Barbados,1956,60.5421
Barbados,1955,59.0043
Barbados,1954,58.3155
Barbados,1953,56.9651
Barbados,1952,55.9316
Barbados,1951,54.7061
Barbados,1950,53.5923
Belarus,2023,74.4339
Belarus,2022,74.3612
Belarus,2021,72.2206
Belarus,2020,72.269
Belarus,2019,74.2555
Belarus,2018,74.3344
Belarus,2017,74.3618
Belarus,2016,74.1532
Belarus,2015,73.7607
Belarus,2014,73.245
Belarus,2013,72.6808
Belarus,2012,71.8
Belarus,2011,71.0679
Belarus,2010,70.5005
Belarus,2009,70.4088
Belarus,2008,70.3485
Belarus,2007,69.9855
Belarus,2006,69.436
Belarus,2005,68.9822
Belarus,2004,68.6879
Belarus,2003,68.4289
Belarus,2002,68.2983
Belarus,2001,68.4351
Belarus,2000,68.4637
Belarus,1999,68.4193
Belarus,1998,68.2715
Belarus,1997,68.5006
Belarus,1996,68.5655
Belarus,1995,68.7521
Belarus,1994,68.9659
Belarus,1993,69.5221
Belarus,1992,70.119
Belarus,1991,70.7224
Belarus,1990,71.1446
Belarus,1989,71.5034
Belarus,1988,71.7496
Belarus,1987,71.9488
Belarus,1986,71.6715
Belarus,1985,71.1922
Belarus,1984,70.791
Belarus,1983,70.7121
Belarus,1982,70.7837
Belarus,1981,70.7537
Belarus,1980,70.7483
Belarus,1979,70.8118
Belarus,1978,70.9476
Belarus,1977,71.0784
Belarus,1976,71.2208
Belarus,1975,71.4177
Belarus,1974,71.6568
Belarus,1973,71.7422
Belarus,1972,71.7636
Belarus,1971,71.5899
Belarus,1970,71.6772
Belarus,1969,71.7103
Belarus,1968,71.8652
Belarus,1967,71.8661
Belarus,1966,71.7979
Belarus,1965,71.6312
Belarus,1964,71.3025
Belarus,1963,70.7977
Belarus,1962,70.4617
Belarus,1961,70.0217
Belarus,1960,69.3223
Belarus,1959,67.987
Belarus,1958,66.6311
Belarus,1957,65.441
Belarus,1956,64.5027
Belarus,1955,63.5116
Belarus,1954,62.5112
Belarus,1953,61.4858
Belarus,1952,60.4511
Belarus,1951,59.3877
Belarus,1950,58.6416
Belgium,2023,82.115
Belgium,2022,81.1589
Belgium,2021,81.6591
Belgium,2020,80.7977
Belgium,2019,81.8353
Belgium,2018,81.4805
Belgium,2017,81.3624
Belgium,2016,81.2647
Belgium,2015,80.8889
Belgium,2014,81.0802
Belgium,2013,80.4668
Belgium,2012,80.2604
Belgium,2011,80.3664
Belgium,2010,80.04
Belgium,2009,79.8489
Belgium,2008,79.5793
Belgium,2007,79.5284
Belgium,2006,79.3894
Belgium,2005,79.0532
Belgium,2004,78.9605
Belgium,2003,78.3203
Belgium,2002,78.1678
Belgium,2001,78.0824
Belgium,2000,77.7684
Belgium,1999,77.6479
Belgium,1998,77.4763
Belgium,1997,77.4025
Belgium,1996,77.1847
Belgium,1995,76.8403
Belgium,1994,76.7159
Belgium,1993,76.3632
Belgium,1992,76.3582
Belgium,1991,76.1992
Belgium,1990,76.0586
Belgium,1989,75.6465
Belgium,1988,75.5907
Belgium,1987,75.2903
Belgium,1986,74.6685
Belgium,1985,74.4685
Belgium,1984,74.3691
Belgium,1983,73.88
Belgium,1982,73.8793
Belgium,1981,73.6517
Belgium,1980,73.2416
Belgium,1979,73.1993
Belgium,1978,72.7057
Belgium,1977,72.7584
Belgium,1976,72.1041
Belgium,1975,71.9646
Belgium,1974,71.9713
Belgium,1973,71.6353
Belgium,1972,71.412
Belgium,1971,71.0861
Belgium,1970,70.9368
Belgium,1969,70.6749
Belgium,1968,70.609
Belgium,1967,70.9133
Belgium,1966,70.6308
Belgium,1965,70.5551
Belgium,1964,70.7055
Belgium,1963,70.0424
Belgium,1962,70.2272
Belgium,1961,70.498
Belgium,1960,69.6237
Belgium,1959,70.3138
Belgium,1958,69.9086
Belgium,1957,69.1981
Belgium,1956,68.8383
Belgium,1955,68.5455
Belgium,1954,68.5934
Belgium,1953,68.3562
Belgium,1952,67.9672
Belgium,1951,66.7477
Belgium,1950,66.3066
Belize,2023,73.5656
Belize,2022,72.1904
Belize,2021,70.917
Belize,2020,71.5801
Belize,2019,72.5766
Belize,2018,72.3215
Belize,2017,72.062
Belize,2016,71.8433
Belize,2015,71.6467
Belize,2014,71.4372
Belize,2013,71.2757
Belize,2012,71.1342
Belize,2011,70.9755
Belize,2010,70.8753
Belize,2009,70.8058
Belize,2008,70.6651
Belize,2007,70.6524
Belize,2006,70.5352
Belize,2005,70.3347
Belize,2004,70.1521
Belize,2003,69.8185
Belize,2002,69.5285
Belize,2001,68.944
Belize,2000,68.9108
Belize,1999,68.9764
Belize,1998,68.9063
Belize,1997,69.1828
Belize,1996,69.3627
Belize,1995,69.4839
Belize,1994,69.5846
Belize,1993,69.5946
Belize,1992,69.6012
Belize,1991,69.645
Belize,1990,69.5692
Belize,1989,69.5342
Belize,1988,69.4015
Belize,1987,69.1076
Belize,1986,68.7426
Belize,1985,68.3474
Belize,1984,67.9521
Belize,1983,67.6007
Belize,1982,67.3391
Belize,1981,67.095
Belize,1980,66.8841
Belize,1979,66.6769
Belize,1978,66.3384
Belize,1977,66.1347
Belize,1976,65.7649
Belize,1975,65.3769
Belize,1974,64.9355
Belize,1973,64.4869
Belize,1972,64.0254
Belize,1971,63.5459
Belize,1970,63.0436
Belize,1969,62.4966
Belize,1968,61.961
Belize,1967,61.4367
Belize,1966,60.8596
Belize,1965,60.3559
Belize,1964,59.8402
Belize,1963,59.3162
Belize,1962,58.7407
Belize,1961,52.9437
Belize,1960,57.3886
Belize,1959,56.5842
Belize,1958,55.7045
Belize,1957,54.7847
Belize,1956,53.8712
Belize,1955,52.6683
Belize,1954,52.1772
Belize,1953,51.3821
Belize,1952,50.6587
Belize,1951,49.9327
Belize,1950,49.205
Benin,2023,60.7738
Benin,2022,60.4751
Benin,2021,59.6103
Benin,2020,60.154
Benin,2019,59.8875
Benin,2018,59.7097
Benin,2017,59.5278
Benin,2016,59.2826
Benin,2015,59.1233
Benin,2014,59.0082
Benin,2013,58.8634
Benin,2012,58.5585
Benin,2011,58.4618
Benin,2010,58.3873
Benin,2009,58.258
Benin,2008,58.099
Benin,2007,58.2488
Benin,2006,57.9659
Benin,2005,57.7384
Benin,2004,57.3465
Benin,2003,57.0924
Benin,2002,56.851
Benin,2001,56.6542
Benin,2000,56.5945
Benin,1999,56.3363
Benin,1998,56.1545
Benin,1997,55.9859
Benin,1996,55.648
Benin,1995,55.3657
Benin,1994,54.9884
Benin,1993,54.6123
Benin,1992,54.1366
Benin,1991,53.441
Benin,1990,53.0205
Benin,1989,52.4504
Benin,1988,52.0188
Benin,1987,51.2576
Benin,1986,50.6318
Benin,1985,49.9591
Benin,1984,49.3992
Benin,1983,48.8449
Benin,1982,48.4934
Benin,1981,48.1223
Benin,1980,47.7469
Benin,1979,47.3624
Benin,1978,46.941
Benin,1977,46.504
Benin,1976,45.9515
Benin,1975,45.4053
Benin,1974,44.8758
Benin,1973,44.4352
Benin,1972,43.9282
Benin,1971,43.3908
Benin,1970,43.0293
Benin,1969,42.5912
Benin,1968,42.1823
Benin,1967,41.7587
Benin,1966,41.2742
Benin,1965,40.971
Benin,1964,40.5025
Benin,1963,40.0813
Benin,1962,39.6428
Benin,1961,39.2326
Benin,1960,38.7746
Benin,1959,38.3887
Benin,1958,38.0126
Benin,1957,37.6403
Benin,1956,37.2808
Benin,1955,36.9609
Benin,1954,36.6662
Benin,1953,36.315
Benin,1952,35.9878
Benin,1951,35.6951
Benin,1950,35.3964
Bhutan,2023,72.9753
Bhutan,2022,72.754
Bhutan,2021,72.4482
Bhutan,2020,72.2531
Bhutan,2019,72.0049
Bhutan,2018,71.7113
Bhutan,2017,71.4127
Bhutan,2016,71.1193
Bhutan,2015,70.7971
Bhutan,2014,70.5035
Bhutan,2013,70.1611
Bhutan,2012,69.7589
Bhutan,2011,69.2802
Bhutan,2010,68.7648
Bhutan,2009,68.1565
Bhutan,2008,67.7329
Bhutan,2007,67.1518
Bhutan,2006,66.4992
Bhutan,2005,65.8746
Bhutan,2004,65.2898
Bhutan,2003,64.6619
Bhutan,2002,63.984
Bhutan,2001,63.3226
Bhutan,2000,61.8417
Bhutan,1999,62.0323
Bhutan,1998,61.3225
Bhutan,1997,60.6392
Bhutan,1996,59.9816
Bhutan,1995,59.2766
Bhutan,1994,58.3951
Bhutan,1993,57.9059
Bhutan,1992,57.208
Bhutan,1991,56.4509
Bhutan,1990,55.811
Bhutan,1989,55.12
Bhutan,1988,54.3848
Bhutan,1987,53.6201
Bhutan,1986,52.8263
Bhutan,1985,52.0334
Bhutan,1984,51.3133
Bhutan,1983,50.5534
Bhutan,1982,49.7755
Bhutan,1981,48.9749
Bhutan,1980,48.1981
Bhutan,1979,47.4455
Bhutan,1978,46.6912
Bhutan,1977,45.9504
Bhutan,1976,45.2302
Bhutan,1975,44.5129
Bhutan,1974,43.8002
Bhutan,1973,43.1358
Bhutan,1972,42.4868
Bhutan,1971,41.83
Bhutan,1970,41.1854
Bhutan,1969,40.5665
Bhutan,1968,39.9598
Bhutan,1967,39.3587
Bhutan,1966,38.7893
Bhutan,1965,38.2633
Bhutan,1964,37.7961
Bhutan,1963,37.37
Bhutan,1962,36.9916
Bhutan,1961,36.6537
Bhutan,1960,36.3674
Bhutan,1959,36.1217
Bhutan,1958,35.9148
Bhutan,1957,35.7491
Bhutan,1956,35.6159
Bhutan,1955,35.5132
Bhutan,1954,35.438
Bhutan,1953,35.3869
Bhutan,1952,35.3538
Bhutan,1951,35.3322
Bhutan,1950,35.3081
Bolivia,2023,68.5814
Bolivia,2022,67.4342
Bolivia,2021,61.4268
Bolivia,2020,62.906
Bolivia,2019,67.8198
Bolivia,2018,67.6992
Bolivia,2017,67.5357
Bolivia,2016,67.3925
Bolivia,2015,67.2052
Bolivia,2014,66.9697
Bolivia,2013,66.7773
Bolivia,2012,66.5858
Bolivia,2011,66.2816
Bolivia,2010,66.0033
Bolivia,2009,65.6555
Bolivia,2008,65.2987
Bolivia,2007,64.9386
Bolivia,2006,64.529
Bolivia,2005,64.1822
Bolivia,2004,63.8186
Bolivia,2003,63.4553
Bolivia,2002,63.0676
Bolivia,2001,62.5381
Bolivia,2000,62.0572
Bolivia,1999,61.6551
Bolivia,1998,61.2274
Bolivia,1997,60.745
Bolivia,1996,60.2866
Bolivia,1995,59.7873
Bolivia,1994,59.2821
Bolivia,1993,58.6598
Bolivia,1992,57.9227
Bolivia,1991,57.4388
Bolivia,1990,56.7967
Bolivia,1989,56.1463
Bolivia,1988,55.5046
Bolivia,1987,54.9012
Bolivia,1986,54.2467
Bolivia,1985,53.7774
Bolivia,1984,53.3832
Bolivia,1983,52.8608
Bolivia,1982,52.5108
Bolivia,1981,52.2593
Bolivia,1980,51.8285
Bolivia,1979,51.3527
Bolivia,1978,50.8379
Bolivia,1977,50.387
Bolivia,1976,49.9707
Bolivia,1975,49.336
Bolivia,1974,48.7521
Bolivia,1973,48.2818
Bolivia,1972,47.8291
Bolivia,1971,47.4826
Bolivia,1970,47.1027
Bolivia,1969,46.7053
Bolivia,1968,46.342
Bolivia,1967,45.9044
Bolivia,1966,45.4788
Bolivia,1965,45.09
Bolivia,1964,44.6739
Bolivia,1963,44.3348
Bolivia,1962,44.0025
Bolivia,1961,43.6283
Bolivia,1960,43.3382
Bolivia,1959,43.0097
Bolivia,1958,42.7205
Bolivia,1957,42.4284
Bolivia,1956,42.1966
Bolivia,1955,41.9303
Bolivia,1954,41.6891
Bolivia,1953,41.4209
Bolivia,1952,41.0405
Bolivia,1951,40.9288
Bolivia,1950,40.7034
Bosnia and Herzegovina,2023,77.8504
Bosnia and Herzegovina,2022,76.7772
Bosnia and Herzegovina,2021,74.5673
Bosnia and Herzegovina,2020,76.0395
Bosnia and Herzegovina,2019,77.3939
Bosnia and Herzegovina,2018,77.9425
Bosnia and Herzegovina,2017,77.3855
Bosnia and Herzegovina,2016,77.1241
Bosnia and Herzegovina,2015,77.0733
Bosnia and Herzegovina,2014,77.089
Bosnia and Herzegovina,2013,77.1292
Bosnia and Herzegovina,2012,77.0365
Bosnia and Herzegovina,2011,76.9632
Bosnia and Herzegovina,2010,76.827
Bosnia and Herzegovina,2009,76.7013
Bosnia and Herzegovina,2008,76.3005
Bosnia and Herzegovina,2007,76.1618
Bosnia and Herzegovina,2006,76.0275
Bosnia and Herzegovina,2005,76.4243
Bosnia and Herzegovina,2004,76.4891
Bosnia and Herzegovina,2003,76.4487
Bosnia and Herzegovina,2002,75.9938
Bosnia and Herzegovina,2001,75.5725
Bosnia and Herzegovina,2000,75.292
Bosnia and Herzegovina,1999,74.9464
Bosnia and Herzegovina,1998,74.4725
Bosnia and Herzegovina,1997,73.8955
Bosnia and Herzegovina,1996,73.4537
Bosnia and Herzegovina,1995,70.1882
Bosnia and Herzegovina,1994,66.6025
Bosnia and Herzegovina,1993,50.8941
Bosnia and Herzegovina,1992,51.9671
Bosnia and Herzegovina,1991,71.8134
Bosnia and Herzegovina,1990,71.5093
Bosnia and Herzegovina,1989,71.4447
Bosnia and Herzegovina,1988,70.9702
Bosnia and Herzegovina,1987,70.8756
Bosnia and Herzegovina,1986,70.7506
Bosnia and Herzegovina,1985,70.5815
Bosnia and Herzegovina,1984,70.2287
Bosnia and Herzegovina,1983,70.0971
Bosnia and Herzegovina,1982,70.0763
Bosnia and Herzegovina,1981,70.0554
Bosnia and Herzegovina,1980,69.6033
Bosnia and Herzegovina,1979,69.0833
Bosnia and Herzegovina,1978,68.8438
Bosnia and Herzegovina,1977,68.7792
Bosnia and Herzegovina,1976,68.574
Bosnia and Herzegovina,1975,68.3287
Bosnia and Herzegovina,1974,67.6346
Bosnia and Herzegovina,1973,66.5858
Bosnia and Herzegovina,1972,65.6816
Bosnia and Herzegovina,1971,65.1806
Bosnia and Herzegovina,1970,64.8442
Bosnia and Herzegovina,1969,64.4478
Bosnia and Herzegovina,1968,64.0061
Bosnia and Herzegovina,1967,63.7341
Bosnia and Herzegovina,1966,63.1293
Bosnia and Herzegovina,1965,62.213
Bosnia and Herzegovina,1964,61.5115
Bosnia and Herzegovina,1963,60.5107
Bosnia and Herzegovina,1962,60.1223
Bosnia and Herzegovina,1961,59.2846
Bosnia and Herzegovina,1960,58.5297
Bosnia and Herzegovina,1959,57.605
Bosnia and Herzegovina,1958,56.1637
Bosnia and Herzegovina,1957,55.0889
Bosnia and Herzegovina,1956,53.9236
Bosnia and Herzegovina,1955,53.0394
Bosnia and Herzegovina,1954,51.909
Bosnia and Herzegovina,1953,51.0856
Bosnia and Herzegovina,1952,49.4351
Bosnia and Herzegovina,1951,48.3693
Bosnia and Herzegovina,1950,47.3318
Botswana,2023,69.1631
Botswana,2022,68.7487
Botswana,2021,63.3025
Botswana,2020,67.6426
Botswana,2019,67.1668
Botswana,2018,66.3709
Botswana,2017,65.4203
Botswana,2016,64.3199
Botswana,2015,63.215
Botswana,2014,62.1675
Botswana,2013,61.2167
Botswana,2012,60.3844
Botswana,2011,59.7149
Botswana,2010,59.1373
Botswana,2009,58.2975
Botswana,2008,57.6607
Botswana,2007,56.7351
Botswana,2006,55.1119
Botswana,2005,54.3862
Botswana,2004,53.5729
Botswana,2003,52.8508
Botswana,2002,52.3733
Botswana,2001,52.2104
Botswana,2000,52.2631
Botswana,1999,52.4993
Botswana,1998,52.9685
Botswana,1997,53.594
Botswana,1996,54.2842
Botswana,1995,54.7127
Botswana,1994,55.9696
Botswana,1993,57.3159
Botswana,1992,58.1903
Botswana,1991,58.9109
Botswana,1990,60.104
Botswana,1989,61.1887
Botswana,1988,61.6957
Botswana,1987,62.837
Botswana,1986,63.3627
Botswana,1985,63.6466
Botswana,1984,63.7059
Botswana,1983,63.6054
Botswana,1982,63.3821
Botswana,1981,63.0272
Botswana,1980,62.5267
Botswana,1979,62.0346
Botswana,1978,61.4854
Botswana,1977,60.8665
Botswana,1976,60.2089
Botswana,1975,59.5303
Botswana,1974,58.9137
Botswana,1973,58.286
Botswana,1972,57.6691
Botswana,1971,57.0617
Botswana,1970,56.4464
Botswana,1969,55.9032
Botswana,1968,55.3718
Botswana,1967,54.8589
Botswana,1966,54.3599
Botswana,1965,53.8534
Botswana,1964,53.3582
Botswana,1963,52.8482
Botswana,1962,52.3127
Botswana,1961,51.7811
Botswana,1960,51.2198
Botswana,1959,50.6686
Botswana,1958,50.0894
Botswana,1957,49.5298
Botswana,1956,48.9907
Botswana,1955,48.4653
Botswana,1954,47.9732
Botswana,1953,47.5007
Botswana,1952,47.0391
Botswana,1951,46.5906
Botswana,1950,46.1706
Brazil,2023,75.8482
Brazil,2022,74.8719
Brazil,2021,73.0377
Brazil,2020,74.5058
Brazil,2019,75.8093
Brazil,2018,75.6335
Brazil,2017,75.3835
Brazil,2016,75.0805
Brazil,2015,75.1064
Brazil,2014,74.8225
Brazil,2013,74.6093
Brazil,2012,74.3346
Brazil,2011,74.0473
Brazil,2010,73.779
Brazil,2009,73.4569
Brazil,2008,73.1109
Brazil,2007,72.7297
Brazil,2006,72.2963
Brazil,2005,71.8319
Brazil,2004,71.3611
Brazil,2003,70.8841
Brazil,2002,70.3958
Brazil,2001,69.98
Brazil,2000,69.5842
Brazil,1999,69.2111
Brazil,1998,68.8482
Brazil,1997,68.505
Brazil,1996,68.1084
Brazil,1995,67.7006
Brazil,1994,67.2934
Brazil,1993,66.8923
Brazil,1992,66.5393
Brazil,1991,66.203
Brazil,1990,65.8624
Brazil,1989,65.5141
Brazil,1988,65.1613
Brazil,1987,64.7849
Brazil,1986,64.3887
Brazil,1985,63.9795
Brazil,1984,63.5532
Brazil,1983,63.1329
Brazil,1982,62.7083
Brazil,1981,62.2672
Brazil,1980,61.8195
Brazil,1979,61.3654
Brazil,1978,60.9215
Brazil,1977,60.4612
Brazil,1976,60.0072
Brazil,1975,59.5561
Brazil,1974,59.0812
Brazil,1973,58.6812
Brazil,1972,58.2553
Brazil,1971,57.7857
Brazil,1970,57.338
Brazil,1969,56.8978
Brazil,1968,56.4704
Brazil,1967,56.0157
Brazil,1966,55.6252
Brazil,1965,55.2429
Brazil,1964,54.8483
Brazil,1963,54.4516
Brazil,1962,54.0165
Brazil,1961,53.5944
Brazil,1960,53.1624
Brazil,1959,52.7043
Brazil,1958,52.2487
Brazil,1957,51.8056
Brazil,1956,51.3433
Brazil,1955,50.8866
Brazil,1954,50.4339
Brazil,1953,49.9883
Brazil,1952,49.5531
Brazil,1951,49.0447
Brazil,1950,48.5286
Brunei Darussalam,2023,75.3266
Brunei Darussalam,2022,72.9171
Brunei Darussalam,2021,74.8692
Brunei Darussalam,2020,75.1138
Brunei Darussalam,2019,75.049
Brunei Darussalam,2018,74.9915
Brunei Darussalam,2017,74.9429
Brunei Darussalam,2016,74.9054
Brunei Darussalam,2015,74.8802
Brunei Darussalam,2014,74.862
Brunei Darussalam,2013,74.8544
Brunei Darussalam,2012,74.8428
Brunei Darussalam,2011,74.8355
Brunei Darussalam,2010,74.8195
Brunei Darussalam,2009,74.8144
Brunei Darussalam,2008,74.8138
Brunei Darussalam,2007,74.793
Brunei Darussalam,2006,74.7534
Brunei Darussalam,2005,74.6831
Brunei Darussalam,2004,74.6033
Brunei Darussalam,2003,74.5091
Brunei Darussalam,2002,74.3652
Brunei Darussalam,2001,74.2089
Brunei Darussalam,2000,74.0169
Brunei Darussalam,1999,73.806
Brunei Darussalam,1998,73.584
Brunei Darussalam,1997,73.3262
Brunei Darussalam,1996,73.0794
Brunei Darussalam,1995,72.8379
Brunei Darussalam,1994,72.5706
Brunei Darussalam,1993,72.3327
Brunei Darussalam,1992,72.0903
Brunei Darussalam,1991,71.8583
Brunei Darussalam,1990,71.6293
Brunei Darussalam,1989,71.4083
Brunei Darussalam,1988,71.1834
Brunei Darussalam,1987,70.9824
Brunei Darussalam,1986,70.7619
Brunei Darussalam,1985,70.4987
Brunei Darussalam,1984,70.2364
Brunei Darussalam,1983,69.9914
Brunei Darussalam,1982,69.6691
Brunei Darussalam,1981,69.3439
Brunei Darussalam,1980,69.014
Brunei Darussalam,1979,68.6417
Brunei Darussalam,1978,68.2578
Brunei Darussalam,1977,67.8328
Brunei Darussalam,1976,67.4109
Brunei Darussalam,1975,66.9503
Brunei Darussalam,1974,66.4416
Brunei Darussalam,1973,65.9503
Brunei Darussalam,1972,65.4467
Brunei Darussalam,1971,64.9748
Brunei Darussalam,1970,64.4896
Brunei Darussalam,1969,63.9633
Brunei Darussalam,1968,63.4702
Brunei Darussalam,1967,62.9092
Brunei Darussalam,1966,62.4005
Brunei Darussalam,1965,61.7211
Brunei Darussalam,1964,61.2665
Brunei Darussalam,1963,60.6251
Brunei Darussalam,1962,58.8244
Brunei Darussalam,1961,59.3866
Brunei Darussalam,1960,58.7208
Brunei Darussalam,1959,58.0201
Brunei Darussalam,1958,57.2649
Brunei Darussalam,1957,56.5095
Brunei Darussalam,1956,55.7401
Brunei Darussalam,1955,54.9783
Brunei Darussalam,1954,54.1694
Brunei Darussalam,1953,53.3217
Brunei Darussalam,1952,52.4393
Brunei Darussalam,1951,51.5375
Brunei Darussalam,1950,50.5645
Bulgaria,2023,75.6363
Bulgaria,2022,74.0342
Bulgaria,2021,71.4137
Bulgaria,2020,73.5992
Bulgaria,2019,75.0874
Bulgaria,2018,74.9325
Bulgaria,2017,74.7977
Bulgaria,2016,74.8271
Bulgaria,2015,74.6208
Bulgaria,2014,74.4664
Bulgaria,2013,74.8277
Bulgaria,2012,74.3373
Bulgaria,2011,74.1693
Bulgaria,2010,73.814
Bulgaria,2009,73.6808
Bulgaria,2008,73.3385
Bulgaria,2007,73.008
Bulgaria,2006,72.6899
Bulgaria,2005,72.5591
Bulgaria,2004,72.5754
Bulgaria,2003,72.3727
Bulgaria,2002,72.128
Bulgaria,2001,71.8788
Bulgaria,2000,71.5746
Bulgaria,1999,71.5607
Bulgaria,1998,70.8733
Bulgaria,1997,70.3137
Bulgaria,1996,70.8357
Bulgaria,1995,70.962
Bulgaria,1994,70.8608
Bulgaria,1993,71.1853
Bulgaria,1992,71.178
Bulgaria,1991,71.1938
Bulgaria,1990,71.3213
Bulgaria,1989,71.4801
Bulgaria,1988,71.4156
Bulgaria,1987,71.3442
Bulgaria,1986,71.5502
Bulgaria,1985,71.0482
Bulgaria,1984,71.3472
Bulgaria,1983,71.2393
Bulgaria,1982,71.0775
Bulgaria,1981,71.4778
Bulgaria,1980,71.0809
Bulgaria,1979,71.2172
Bulgaria,1978,71.1261
Bulgaria,1977,70.7678
Bulgaria,1976,71.358
Bulgaria,1975,71.0056
Bulgaria,1974,71.2172
Bulgaria,1973,71.3021
Bulgaria,1972,70.8589
Bulgaria,1971,70.8551
Bulgaria,1970,71.2505
Bulgaria,1969,70.4684
Bulgaria,1968,71.2001
Bulgaria,1967,70.4117
Bulgaria,1966,71.2179
Bulgaria,1965,71.3063
Bulgaria,1964,71.1367
Bulgaria,1963,70.339
Bulgaria,1962,69.5347
Bulgaria,1961,70.2257
Bulgaria,1960,69.1772
Bulgaria,1959,66.6294
Bulgaria,1958,68.7143
Bulgaria,1957,66.5906
Bulgaria,1956,65.2191
Bulgaria,1955,64.8294
Bulgaria,1954,64.3912
Bulgaria,1953,64.1912
Bulgaria,1952,59.5744
Bulgaria,1951,60.692
Bulgaria,1950,61.4691
Burkina Faso,2023,61.092
Burkina Faso,2022,60.7
Burkina Faso,2021,60.0463
Burkina Faso,2020,60.4536
Burkina Faso,2019,60.1842
Burkina Faso,2018,59.9719
Burkina Faso,2017,59.5775
Burkina Faso,2016,59.1732
Burkina Faso,2015,58.7777
Burkina Faso,2014,58.3315
Burkina Faso,2013,57.9033
Burkina Faso,2012,57.4574
Burkina Faso,2011,57.0011
Burkina Faso,2010,56.343
Burkina Faso,2009,55.7909
Burkina Faso,2008,55.1985
Burkina Faso,2007,54.3768
Burkina Faso,2006,53.7837
Burkina Faso,2005,53.271
Burkina Faso,2004,52.5999
Burkina Faso,2003,51.9586
Burkina Faso,2002,51.4475
Burkina Faso,2001,51.1884
Burkina Faso,2000,50.8081
Burkina Faso,1999,50.4632
Burkina Faso,1998,50.1629
Burkina Faso,1997,49.5597
Burkina Faso,1996,49.6934
Burkina Faso,1995,49.5545
Burkina Faso,1994,49.4695
Burkina Faso,1993,49.4119
Burkina Faso,1992,49.378
Burkina Faso,1991,49.3296
Burkina Faso,1990,49.3145
Burkina Faso,1989,49.2704
Burkina Faso,1988,49.2152
Burkina Faso,1987,49.0968
Burkina Faso,1986,48.987
Burkina Faso,1985,48.7475
Burkina Faso,1984,48.4637
Burkina Faso,1983,48.0612
Burkina Faso,1982,47.6334
Burkina Faso,1981,46.8656
Burkina Faso,1980,46.4653
Burkina Faso,1979,45.7017
Burkina Faso,1978,44.9947
Burkina Faso,1977,44.1672
Burkina Faso,1976,43.3266
Burkina Faso,1975,42.4857
Burkina Faso,1974,41.7112
Burkina Faso,1973,40.9475
Burkina Faso,1972,40.3986
Burkina Faso,1971,39.8529
Burkina Faso,1970,39.5404
Burkina Faso,1969,39.0231
Burkina Faso,1968,38.7602
Burkina Faso,1967,38.432
Burkina Faso,1966,38.0912
Burkina Faso,1965,37.758
Burkina Faso,1964,37.3986
Burkina Faso,1963,37.0928
Burkina Faso,1962,36.7531
Burkina Faso,1961,36.3612
Burkina Faso,1960,36.0736
Burkina Faso,1959,35.7159
Burkina Faso,1958,35.4012
Burkina Faso,1957,35.101
Burkina Faso,1956,34.7622
Burkina Faso,1955,34.4693
Burkina Faso,1954,34.1847
Burkina Faso,1953,33.8987
Burkina Faso,1952,33.6027
Burkina Faso,1951,33.3732
Burkina Faso,1950,33.0262
Burundi,2023,63.6511
Burundi,2022,62.8819
Burundi,2021,62.1013
Burundi,2020,62.5694
Burundi,2019,62.1801
Burundi,2018,61.8065
Burundi,2017,61.3452
Burundi,2016,60.7887
Burundi,2015,60.1068
Burundi,2014,59.7644
Burundi,2013,59.1786
Burundi,2012,58.5008
Burundi,2011,57.8039
Burundi,2010,57.0883
Burundi,2009,56.4215
Burundi,2008,55.5813
Burundi,2007,54.8317
Burundi,2006,53.962
Burundi,2005,53.0529
Burundi,2004,52.2171
Burundi,2003,50.997
Burundi,2002,49.9237
Burundi,2001,48.5094
Burundi,2000,47.6166
Burundi,1999,47.6266
Burundi,1998,46.6781
Burundi,1997,45.7207
Burundi,1996,44.8069
Burundi,1995,44.5888
Burundi,1994,44.5152
Burundi,1993,37.2214
Burundi,1992,44.469
Burundi,1991,44.66
Burundi,1990,45.184
Burundi,1989,45.7452
Burundi,1988,42.8894
Burundi,1987,47.0665
Burundi,1986,47.4021
Burundi,1985,47.6621
Burundi,1984,47.6871
Burundi,1983,47.4333
Burundi,1982,47.0119
Burundi,1981,46.4119
Burundi,1980,45.7311
Burundi,1979,45.0381
Burundi,1978,44.4044
Burundi,1977,43.9703
Burundi,1976,43.6913
Burundi,1975,43.4453
Burundi,1974,43.3367
Burundi,1973,37.4086
Burundi,1972,25.7768
Burundi,1971,43.1724
Burundi,1970,43.2251
Burundi,1969,43.0002
Burundi,1968,43.4048
Burundi,1967,43.3318
Burundi,1966,43.5285
Burundi,1965,41.8441
Burundi,1964,43.601
Burundi,1963,43.5585
Burundi,1962,43.4919
Burundi,1961,43.3642
Burundi,1960,43.262
Burundi,1959,43.0676
Burundi,1958,42.8673
Burundi,1957,42.6432
Burundi,1956,42.4124
Burundi,1955,42.1749
Burundi,1954,41.9731
Burundi,1953,41.7429
Burundi,1952,41.4802
Burundi,1951,41.2292
Burundi,1950,40.9382
Côte d'Ivoire,2023,61.9438
Côte d'Ivoire,2022,61.5622
Côte d'Ivoire,2021,60.2897
Côte d'Ivoire,2020,60.1397
Côte d'Ivoire,2019,60.2741
Côte d'Ivoire,2018,59.7946
Côte d'Ivoire,2017,59.3151
Côte d'Ivoire,2016,58.8136
Côte d'Ivoire,2015,58.2807
Côte d'Ivoire,2014,57.7719
Côte d'Ivoire,2013,57.0571
Côte d'Ivoire,2012,56.5698
Côte d'Ivoire,2011,55.9724
Côte d'Ivoire,2010,55.282
Côte d'Ivoire,2009,54.7441
Côte d'Ivoire,2008,54.1794
Côte d'Ivoire,2007,53.4517
Côte d'Ivoire,2006,52.8853
Côte d'Ivoire,2005,52.4324
Côte d'Ivoire,2004,51.9392
Côte d'Ivoire,2003,51.4432
Côte d'Ivoire,2002,51.5441
Côte d'Ivoire,2001,51.4284
Côte d'Ivoire,2000,51.3927
Côte d'Ivoire,1999,51.2728
Côte d'Ivoire,1998,51.22
Côte d'Ivoire,1997,51.4983
Côte d'Ivoire,1996,51.5961
Côte d'Ivoire,1995,51.7133
Côte d'Ivoire,1994,52.0052
Côte d'Ivoire,1993,52.2468
Côte d'Ivoire,1992,52.4291
Côte d'Ivoire,1991,52.6211
Côte d'Ivoire,1990,52.7959
Côte d'Ivoire,1989,52.9552
Côte d'Ivoire,1988,53.0616
Côte d'Ivoire,1987,53.1184
Côte d'Ivoire,1986,53.0093
Côte d'Ivoire,1985,52.8613
Côte d'Ivoire,1984,52.6478
Côte d'Ivoire,1983,52.3516
Côte d'Ivoire,1982,52.0903
Côte d'Ivoire,1981,51.7906
Côte d'Ivoire,1980,51.4373
Côte d'Ivoire,1979,50.9835
Côte d'Ivoire,1978,50.3607
Côte d'Ivoire,1977,49.6241
Côte d'Ivoire,1976,48.8626
Côte d'Ivoire,1975,48.0298
Côte d'Ivoire,1974,47.2068
Côte d'Ivoire,1973,46.3723
Côte d'Ivoire,1972,45.5745
Côte d'Ivoire,1971,44.7834
Côte d'Ivoire,1970,44.0446
Côte d'Ivoire,1969,43.3446
Côte d'Ivoire,1968,42.6485
Côte d'Ivoire,1967,41.9592
Côte d'Ivoire,1966,41.2971
Côte d'Ivoire,1965,40.6428
Côte d'Ivoire,1964,39.9656
Côte d'Ivoire,1963,39.3153
Côte d'Ivoire,1962,38.6204
Côte d'Ivoire,1961,37.9232
Côte d'Ivoire,1960,37.2441
Côte d'Ivoire,1959,36.5469
Côte d'Ivoire,1958,35.8264
Côte d'Ivoire,1957,35.156
Côte d'Ivoire,1956,34.4642
Côte d'Ivoire,1955,33.8113
Côte d'Ivoire,1954,33.1909
Côte d'Ivoire,1953,32.5476
Côte d'Ivoire,1952,31.9591
Côte d'Ivoire,1951,31.3838
Côte d'Ivoire,1950,30.8325
Cabo Verde,2023,76.0587
Cabo Verde,2022,75.9068
Cabo Verde,2021,74.4235
Cabo Verde,2020,73.8177
Cabo Verde,2019,75.4486
Cabo Verde,2018,74.8397
Cabo Verde,2017,74.7103
Cabo Verde,2016,74.3504
Cabo Verde,2015,74.0963
Cabo Verde,2014,73.7885
Cabo Verde,2013,73.4812
Cabo Verde,2012,73.3148
Cabo Verde,2011,72.9131
Cabo Verde,2010,72.5066
Cabo Verde,2009,72.1424
Cabo Verde,2008,71.8877
Cabo Verde,2007,71.487
Cabo Verde,2006,71.341
Cabo Verde,2005,70.9365
Cabo Verde,2004,70.4988
Cabo Verde,2003,70.0058
Cabo Verde,2002,69.4471
Cabo Verde,2001,68.7073
Cabo Verde,2000,68.1167
Cabo Verde,1999,67.4087
Cabo Verde,1998,66.7144
Cabo Verde,1997,66.0824
Cabo Verde,1996,65.5207
Cabo Verde,1995,63.6911
Cabo Verde,1994,64.6485
Cabo Verde,1993,64.4581
Cabo Verde,1992,64.2529
Cabo Verde,1991,64.066
Cabo Verde,1990,63.8691
Cabo Verde,1989,63.5656
Cabo Verde,1988,63.2419
Cabo Verde,1987,62.9099
Cabo Verde,1986,62.5839
Cabo Verde,1985,62.2808
Cabo Verde,1984,61.8293
Cabo Verde,1983,61.7668
Cabo Verde,1982,61.5185
Cabo Verde,1981,61.2988
Cabo Verde,1980,61.0307
Cabo Verde,1979,60.7259
Cabo Verde,1978,60.3813
Cabo Verde,1977,59.9856
Cabo Verde,1976,59.3962
Cabo Verde,1975,58.9759
Cabo Verde,1974,58.4324
Cabo Verde,1973,57.9792
Cabo Verde,1972,57.4856
Cabo Verde,1971,57.0274
Cabo Verde,1970,56.5591
Cabo Verde,1969,56.0376
Cabo Verde,1968,55.4261
Cabo Verde,1967,54.7159
Cabo Verde,1966,53.9218
Cabo Verde,1965,53.0404
Cabo Verde,1964,52.0888
Cabo Verde,1963,51.1447
Cabo Verde,1962,50.2386
Cabo Verde,1961,49.4185
Cabo Verde,1960,48.7127
Cabo Verde,1959,48.1539
Cabo Verde,1958,47.7117
Cabo Verde,1957,47.3756
Cabo Verde,1956,47.0919
Cabo Verde,1955,46.8517
Cabo Verde,1954,46.6262
Cabo Verde,1953,46.3954
Cabo Verde,1952,46.1506
Cabo Verde,1951,45.5518
Cabo Verde,1950,44.9445
Cambodia,2023,70.6675
Cambodia,2022,70.528
Cambodia,2021,69.3012
Cambodia,2020,70.0594
Cambodia,2019,70.1267
Cambodia,2018,69.9935
Cambodia,2017,69.8424
Cambodia,2016,69.6352
Cambodia,2015,69.3977
Cambodia,2014,69.1174
Cambodia,2013,68.7548
Cambodia,2012,68.3714
Cambodia,2011,67.8691
Cambodia,2010,67.3108
Cambodia,2009,66.7473
Cambodia,2008,66.1469
Cambodia,2007,65.5491
Cambodia,2006,64.8859
Cambodia,2005,64.1128
Cambodia,2004,63.2558
Cambodia,2003,62.3452
Cambodia,2002,61.3945
Cambodia,2001,60.4566
Cambodia,2000,59.4914
Cambodia,1999,58.6108
Cambodia,1998,57.8595
Cambodia,1997,57.2661
Cambodia,1996,56.832
Cambodia,1995,56.562
Cambodia,1994,56.2205
Cambodia,1993,56.0364
Cambodia,1992,55.7473
Cambodia,1991,55.582
Cambodia,1990,55.205
Cambodia,1989,54.7681
Cambodia,1988,54.4333
Cambodia,1987,53.6738
Cambodia,1986,51.5552
Cambodia,1985,50.7986
Cambodia,1984,50.0891
Cambodia,1983,49.3829
Cambodia,1982,48.7555
Cambodia,1981,48.0351
Cambodia,1980,47.4978
Cambodia,1979,41.0717
Cambodia,1978,11.5726
Cambodia,1977,11.2952
Cambodia,1976,11.6323
Cambodia,1975,12.7845
Cambodia,1974,39.2958
Cambodia,1973,39.078
Cambodia,1972,38.9094
Cambodia,1971,38.7005
Cambodia,1970,38.6281
Cambodia,1969,45.9354
Cambodia,1968,45.5859
Cambodia,1967,45.1928
Cambodia,1966,44.9476
Cambodia,1965,44.4969
Cambodia,1964,44.044
Cambodia,1963,43.6125
Cambodia,1962,43.0786
Cambodia,1961,42.5882
Cambodia,1960,42.1339
Cambodia,1959,41.6521
Cambodia,1958,41.2178
Cambodia,1957,40.8713
Cambodia,1956,40.5041
Cambodia,1955,40.2528
Cambodia,1954,39.9046
Cambodia,1953,39.6179
Cambodia,1952,39.3388
Cambodia,1951,39.0371
Cambodia,1950,38.8588
Cameroon,2023,63.6996
Cameroon,2022,62.4428
Cameroon,2021,61.1463
Cameroon,2020,61.6738
Cameroon,2019,61.6952
Cameroon,2018,61.1888
Cameroon,2017,60.8174
Cameroon,2016,60.2934
Cameroon,2015,59.6866
Cameroon,2014,59.1301
Cameroon,2013,58.7305
Cameroon,2012,58.1696
Cameroon,2011,57.482
Cameroon,2010,56.9652
Cameroon,2009,56.4855
Cameroon,2008,56.1164
Cameroon,2007,55.7101
Cameroon,2006,55.3014
Cameroon,2005,54.9042
Cameroon,2004,54.5782
Cameroon,2003,54.2528
Cameroon,2002,53.9219
Cameroon,2001,53.5983
Cameroon,2000,53.3376
Cameroon,1999,53.1663
Cameroon,1998,53.0433
Cameroon,1997,53.1048
Cameroon,1996,53.2003
Cameroon,1995,53.3471
Cameroon,1994,53.5366
Cameroon,1993,53.8723
Cameroon,1992,54.0527
Cameroon,1991,54.1677
Cameroon,1990,54.3484
Cameroon,1989,54.3892
Cameroon,1988,54.3594
Cameroon,1987,54.1875
Cameroon,1986,53.5719
Cameroon,1985,53.4653
Cameroon,1984,52.8859
Cameroon,1983,52.4473
Cameroon,1982,51.801
Cameroon,1981,51.2274
Cameroon,1980,50.8516
Cameroon,1979,50.5352
Cameroon,1978,50.3191
Cameroon,1977,50.1302
Cameroon,1976,50.0165
Cameroon,1975,49.8911
Cameroon,1974,49.7337
Cameroon,1973,49.517
Cameroon,1972,49.1203
Cameroon,1971,48.5766
Cameroon,1970,47.9542
Cameroon,1969,47.1912
Cameroon,1968,46.3888
Cameroon,1967,45.6024
Cameroon,1966,44.8387
Cameroon,1965,44.1753
Cameroon,1964,43.5963
Cameroon,1963,43.0744
Cameroon,1962,42.5986
Cameroon,1961,35.1862
Cameroon,1960,34.6667
Cameroon,1959,39.8041
Cameroon,1958,39.0744
Cameroon,1957,38.2755
Cameroon,1956,38.4145
Cameroon,1955,37.4971
Cameroon,1954,36.5069
Cameroon,1953,35.5222
Cameroon,1952,34.6187
Cameroon,1951,33.8693
Cameroon,1950,33.0908
Canada,2023,82.6302
Canada,2022,81.2493
Canada,2021,81.976
Canada,2020,81.6536
Canada,2019,82.2848
Canada,2018,81.9247
Canada,2017,81.9195
Canada,2016,82.0301
Canada,2015,81.9084
Canada,2014,81.8373
Canada,2013,81.7852
Canada,2012,81.7037
Canada,2011,81.5133
Canada,2010,81.3363
Canada,2009,81.0648
Canada,2008,80.7304
Canada,2007,80.5422
Canada,2006,80.5398
Canada,2005,80.131
Canada,2004,80.029
Canada,2003,79.7363
Canada,2002,79.5658
Canada,2001,79.4494
Canada,2000,79.233
Canada,1999,78.8851
Canada,1998,78.6741
Canada,1997,78.4649
Canada,1996,78.272
Canada,1995,78.0206
Canada,1994,77.9007
Canada,1993,77.7251
Canada,1992,77.8525
Canada,1991,77.5939
Canada,1990,77.4333
Canada,1989,77.1239
Canada,1988,76.8618
Canada,1987,76.7975
Canada,1986,76.4911
Canada,1985,76.3479
Canada,1984,76.3553
Canada,1983,76.0662
Canada,1982,75.6923
Canada,1981,75.4816
Canada,1980,75.0612
Canada,1979,74.8362
Canada,1978,74.4822
Canada,1977,74.1536
Canada,1976,73.87
Canada,1975,73.4485
Canada,1974,73.1423
Canada,1973,73.0691
Canada,1972,72.8259
Canada,1971,72.9489
Canada,1970,72.6092
Canada,1969,72.3957
Canada,1968,72.2375
Canada,1967,72.0808
Canada,1966,71.8676
Canada,1965,71.7479
Canada,1964,71.6382
Canada,1963,71.266
Canada,1962,71.2363
Canada,1961,71.2153
Canada,1960,70.9728
Canada,1959,70.6124
Canada,1958,70.572
Canada,1957,69.9152
Canada,1956,69.9698
Canada,1955,69.9974
Canada,1954,69.9377
Canada,1953,69.067
Canada,1952,68.6817
Canada,1951,68.5075
Canada,1950,68.2146
Central African Republic,2023,57.4077
Central African Republic,2022,18.8177
Central African Republic,2021,40.2791
Central African Republic,2020,50.5959
Central African Republic,2019,31.5302
Central African Republic,2018,52.2973
Central African Republic,2017,45.2315
Central African Republic,2016,50.9988
Central African Republic,2015,51.9338
Central African Republic,2014,40.2652
Central African Republic,2013,49.4871
Central African Republic,2012,51.3355
Central African Republic,2011,50.107
Central African Republic,2010,46.8707
Central African Republic,2009,14.6655
Central African Republic,2008,49.8728
Central African Republic,2007,49.3267
Central African Republic,2006,48.6867
Central African Republic,2005,48.207
Central African Republic,2004,47.6964
Central African Republic,2003,47.3059
Central African Republic,2002,46.8395
Central African Republic,2001,46.7338
Central African Republic,2000,46.6095
Central African Republic,1999,46.9095
Central African Republic,1998,47.0892
Central African Republic,1997,47.2836
Central African Republic,1996,47.6995
Central African Republic,1995,48.1087
Central African Republic,1994,48.5087
Central African Republic,1993,48.8994
Central African Republic,1992,49.2128
Central African Republic,1991,49.5748
Central African Republic,1990,49.8543
Central African Republic,1989,50.0744
Central African Republic,1988,50.2429
Central African Republic,1987,50.3715
Central African Republic,1986,50.4446
Central African Republic,1985,50.463
Central African Republic,1984,50.4269
Central African Republic,1983,50.3422
Central African Republic,1982,50.2126
Central African Republic,1981,50.0284
Central African Republic,1980,49.7894
Central African Republic,1979,49.4997
Central African Republic,1978,49.1615
Central African Republic,1977,48.7784
Central African Republic,1976,48.3554
Central African Republic,1975,47.8924
Central African Republic,1974,47.4054
Central African Republic,1973,46.8838
Central African Republic,1972,46.3321
Central African Republic,1971,45.7641
Central African Republic,1970,45.1758
Central African Republic,1969,44.5795
Central African Republic,1968,43.9795
Central African Republic,1967,43.3793
Central African Republic,1966,42.7869
Central African Republic,1965,42.2069
Central African Republic,1964,41.6398
Central African Republic,1963,41.0897
Central African Republic,1962,40.5622
Central African Republic,1961,40.0563
Central African Republic,1960,39.5724
Central African Republic,1959,39.102
Central African Republic,1958,38.6722
Central African Republic,1957,38.2503
Central African Republic,1956,37.8372
Central African Republic,1955,37.4395
Central African Republic,1954,37.0361
Central African Republic,1953,36.6366
Central African Republic,1952,36.2463
Central African Republic,1951,35.844
Central African Republic,1950,35.4449
Chad,2023,55.0692
Chad,2022,54.5275
Chad,2021,53.1362
Chad,2020,53.0818
Chad,2019,52.9927
Chad,2018,52.4467
Chad,2017,51.8747
Chad,2016,51.6027
Chad,2015,51.3196
Chad,2014,51.1411
Chad,2013,51.0508
Chad,2012,50.7651
Chad,2011,50.4258
Chad,2010,50.1067
Chad,2009,49.8275
Chad,2008,49.5034
Chad,2007,49.2102
Chad,2006,48.7467
Chad,2005,48.86
Chad,2004,48.6865
Chad,2003,48.6095
Chad,2002,48.3596
Chad,2001,48.3056
Chad,2000,47.937
Chad,1999,47.9336
Chad,1998,47.8024
Chad,1997,47.7622
Chad,1996,47.5508
Chad,1995,47.4533
Chad,1994,47.0796
Chad,1993,47.0023
Chad,1992,46.7769
Chad,1991,46.5959
Chad,1990,45.0738
Chad,1989,46.4337
Chad,1988,46.3521
Chad,1987,43.071
Chad,1986,45.598
Chad,1985,45.3147
Chad,1984,44.7316
Chad,1983,44.4456
Chad,1982,43.9105
Chad,1981,43.4968
Chad,1980,43.4522
Chad,1979,43.2392
Chad,1978,43.0167
Chad,1977,42.8839
Chad,1976,42.6865
Chad,1975,42.7364
Chad,1974,42.6007
Chad,1973,42.3987
Chad,1972,41.9221
Chad,1971,40.8688
Chad,1970,41.3855
Chad,1969,41.0187
Chad,1968,40.7015
Chad,1967,40.393
Chad,1966,40.0887
Chad,1965,40.05
Chad,1964,40.1203
Chad,1963,39.8927
Chad,1962,39.6075
Chad,1961,39.4211
Chad,1960,39.2157
Chad,1959,38.9612
Chad,1958,38.7392
Chad,1957,38.333
Chad,1956,37.9189
Chad,1955,37.3461
Chad,1954,36.7859
Chad,1953,36.2833
Chad,1952,35.8555
Chad,1951,35.4514
Chad,1950,35.2304
Chile,2023,81.1667
Chile,2022,79.1762
Chile,2021,78.8764
Chile,2020,79.3488
Chile,2019,80.3243
Chile,2018,80.5594
Chile,2017,80.6096
Chile,2016,80.2949
Chile,2015,80.0079
Chile,2014,79.7137
Chile,2013,79.5509
Chile,2012,79.2211
Chile,2011,79.2357
Chile,2010,79.0954
Chile,2009,78.8901
Chile,2008,78.7518
Chile,2007,78.6519
Chile,2006,78.5328
Chile,2005,78.4589
Chile,2004,78.2765
Chile,2003,77.8841
Chile,2002,77.8397
Chile,2001,77.5798
Chile,2000,77.1276
Chile,1999,76.7382
Chile,1998,76.3241
Chile,1997,75.8262
Chile,1996,75.5548
Chile,1995,75.2984
Chile,1994,74.973
Chile,1993,74.6793
Chile,1992,74.3673
Chile,1991,74.0824
Chile,1990,73.6752
Chile,1989,73.1876
Chile,1988,72.7881
Chile,1987,72.4662
Chile,1986,72.0606
Chile,1985,71.6153
Chile,1984,71.2153
Chile,1983,70.8302
Chile,1982,70.291
Chile,1981,69.8222
Chile,1980,69.4748
Chile,1979,68.8581
Chile,1978,68.0421
Chile,1977,67.5294
Chile,1976,66.8193
Chile,1975,66.0374
Chile,1974,65.0853
Chile,1973,64.42
Chile,1972,63.717
Chile,1971,63.0715
Chile,1970,62.6344
Chile,1969,62.341
Chile,1968,61.6798
Chile,1967,61.0536
Chile,1966,60.3733
Chile,1965,59.4726
Chile,1964,58.8118
Chile,1963,58.3487
Chile,1962,57.8108
Chile,1961,57.3091
Chile,1960,57.2163
Chile,1959,56.6425
Chile,1958,56.2881
Chile,1957,55.7734
Chile,1956,55.4818
Chile,1955,54.9278
Chile,1954,54.7141
Chile,1953,54.3125
Chile,1952,53.929
Chile,1951,53.5373
Chile,1950,53.1513
China,2023,77.9529
China,2022,78.2021
China,2021,78.1166
China,2020,78.0191
China,2019,77.9396
China,2018,77.709
China,2017,77.2353
China,2016,77.214
China,2015,76.9755
China,2014,76.7143
China,2013,76.4521
China,2012,76.2
China,2011,75.8891
China,2010,75.6679
China,2009,75.3174
China,2008,74.8333
China,2007,74.7886
China,2006,74.4037
China,2005,74.085
China,2004,73.7274
China,2003,73.3853
China,2002,73.0339
China,2001,72.6755
China,2000,72.2885
China,1999,71.9519
China,1998,71.6014
China,1997,71.2271
China,1996,70.8225
China,1995,70.3631
China,1994,69.8355
China,1993,69.4924
China,1992,69.0587
China,1991,68.6099
China,1990,68.1547
China,1989,67.9303
China,1988,67.6071
China,1987,67.263
China,1986,66.8873
China,1985,66.5319
China,1984,66.1478
China,1983,65.7285
China,1982,65.2494
China,1981,64.7779
China,1980,64.2433
China,1979,63.7043
China,1978,63.1016
China,1977,62.458
China,1976,61.225
China,1975,60.952
China,1974,60.2408
China,1973,59.4961
China,1972,58.5789
China,1971,57.7312
China,1970,56.8241
China,1969,55.9878
China,1968,55.1908
China,1967,54.4005
China,1966,53.6624
China,1965,53.0009
China,1964,52.3425
China,1963,51.6698
China,1962,50.9594
China,1961,40.1583
China,1960,33.419
China,1959,40.1699
China,1958,48.8336
China,1957,48.3776
China,1956,47.8067
China,1955,47.2366
China,1954,46.763
China,1953,45.9092
China,1952,45.3416
China,1951,44.5567
China,1950,43.8289
Colombia,2023,77.7246
Colombia,2022,76.5081
Colombia,2021,72.6983
Colombia,2020,74.7565
Colombia,2019,76.7927
Colombia,2018,76.5791
Colombia,2017,76.4178
Colombia,2016,76.2285
Colombia,2015,76.0665
Colombia,2014,75.9497
Colombia,2013,75.8343
Colombia,2012,75.6106
Colombia,2011,75.1803
Colombia,2010,74.8757
Colombia,2009,74.5306
Colombia,2008,74.2057
Colombia,2007,73.7509
Colombia,2006,73.4974
Colombia,2005,73.1557
Colombia,2004,72.7605
Colombia,2003,72.3086
Colombia,2002,71.5366
Colombia,2001,71.1853
Colombia,2000,70.905
Colombia,1999,70.9131
Colombia,1998,70.9236
Colombia,1997,70.632
Colombia,1996,70.2085
Colombia,1995,69.8096
Colombia,1994,69.4223
Colombia,1993,69.0831
Colombia,1992,68.7643
Colombia,1991,68.7719
Colombia,1990,68.7008
Colombia,1989,68.6156
Colombia,1988,68.3012
Colombia,1987,68.1659
Colombia,1986,68.3034
Colombia,1985,65.3591
Colombia,1984,68.3081
Colombia,1983,68.1211
Colombia,1982,67.8614
Colombia,1981,67.1895
Colombia,1980,66.6932
Colombia,1979,66.1616
Colombia,1978,65.8268
Colombia,1977,65.2366
Colombia,1976,64.6421
Colombia,1975,64.0117
Colombia,1974,63.4971
Colombia,1973,62.9911
Colombia,1972,62.5304
Colombia,1971,62.0051
Colombia,1970,61.4646
Colombia,1969,61.031
Colombia,1968,60.5723
Colombia,1967,60.1495
Colombia,1966,59.7126
Colombia,1965,59.2469
Colombia,1964,58.7695
Colombia,1963,58.2961
Colombia,1962,57.7368
Colombia,1961,57.2025
Colombia,1960,56.6086
Colombia,1959,55.8631
Colombia,1958,54.7166
Colombia,1957,54.081
Colombia,1956,52.5246
Colombia,1955,51.9303
Colombia,1954,51.2783
Colombia,1953,50.6142
Colombia,1952,49.8149
Colombia,1951,48.9623
Colombia,1950,48.285
Comoros,2023,66.7768
Comoros,2022,66.4806
Comoros,2021,65.2009
Comoros,2020,65.7559
Comoros,2019,65.6622
Comoros,2018,65.4009
Comoros,2017,65.1272
Comoros,2016,64.7916
Comoros,2015,64.4727
Comoros,2014,64.1427
Comoros,2013,63.8388
Comoros,2012,63.4626
Comoros,2011,63.1048
Comoros,2010,62.7473
Comoros,2009,62.3017
Comoros,2008,61.9548
Comoros,2007,61.4753
Comoros,2006,61.2291
Comoros,2005,60.8827
Comoros,2004,60.5567
Comoros,2003,60.2402
Comoros,2002,59.7228
Comoros,2001,59.5867
Comoros,2000,58.9407
Comoros,1999,58.8533
Comoros,1998,58.3008
Comoros,1997,58.2281
Comoros,1996,58.1506
Comoros,1995,57.8299
Comoros,1994,57.4582
Comoros,1993,57.0256
Comoros,1992,56.5762
Comoros,1991,56.1042
Comoros,1990,55.6196
Comoros,1989,54.9831
Comoros,1988,54.6778
Comoros,1987,54.1339
Comoros,1986,53.7556
Comoros,1985,53.2626
Comoros,1984,52.7843
Comoros,1983,52.1207
Comoros,1982,51.7497
Comoros,1981,51.2105
Comoros,1980,50.6809
Comoros,1979,50.126
Comoros,1978,49.7019
Comoros,1977,49.1703
Comoros,1976,48.6454
Comoros,1975,46.866
Comoros,1974,47.6091
Comoros,1973,47.0449
Comoros,1972,46.4626
Comoros,1971,45.8488
Comoros,1970,45.226
Comoros,1969,44.6434
Comoros,1968,44.1008
Comoros,1967,43.5928
Comoros,1966,43.1525
Comoros,1965,42.6756
Comoros,1964,42.3277
Comoros,1963,41.9093
Comoros,1962,41.5339
Comoros,1961,41.1574
Comoros,1960,40.7774
Comoros,1959,40.4717
Comoros,1958,40.0947
Comoros,1957,39.7391
Comoros,1956,39.3666
Comoros,1955,39.0327
Comoros,1954,38.7048
Comoros,1953,38.3791
Comoros,1952,38.0401
Comoros,1951,34.329
Comoros,1950,37.3921
Congo,2023,65.772
Congo,2022,65.0003
Congo,2021,64.1918
Congo,2020,64.3907
Congo,2019,63.1523
Congo,2018,64.472
Congo,2017,64.2028
Congo,2016,63.9108
Congo,2015,63.6622
Congo,2014,63.3491
Congo,2013,62.9689
Congo,2012,62.6616
Congo,2011,62.2862
Congo,2010,61.7311
Congo,2009,61.2148
Congo,2008,60.7903
Congo,2007,60.0502
Congo,2006,59.474
Congo,2005,58.7302
Congo,2004,57.9574
Congo,2003,57.1313
Congo,2002,56.414
Congo,2001,55.8849
Congo,2000,55.3706
Congo,1999,54.4272
Congo,1998,52.5509
Congo,1997,48.5746
Congo,1996,55.2403
Congo,1995,55.4737
Congo,1994,55.6414
Congo,1993,56.0414
Congo,1992,56.4826
Congo,1991,56.7645
Congo,1990,57.0703
Congo,1989,57.2925
Congo,1988,57.4935
Congo,1987,57.5904
Congo,1986,57.6328
Congo,1985,57.6085
Congo,1984,57.5404
Congo,1983,57.4284
Congo,1982,57.236
Congo,1981,57.0647
Congo,1980,56.8031
Congo,1979,56.5242
Congo,1978,56.2475
Congo,1977,56.0269
Congo,1976,55.699
Congo,1975,55.4024
Congo,1974,55.053
Congo,1973,54.7436
Congo,1972,54.3606
Congo,1971,53.9826
Congo,1970,53.5549
Congo,1969,53.1135
Congo,1968,52.6196
Congo,1967,51.9101
Congo,1966,51.5567
Congo,1965,50.9964
Congo,1964,50.3626
Congo,1963,49.7286
Congo,1962,49.0381
Congo,1961,48.351
Congo,1960,47.5949
Congo,1959,46.7845
Congo,1958,45.9694
Congo,1957,45.1279
Congo,1956,44.276
Congo,1955,43.4479
Congo,1954,42.6115
Congo,1953,41.855
Congo,1952,41.0869
Congo,1951,40.3449
Congo,1950,39.6023
Costa Rica,2023,80.7995
Costa Rica,2022,79.3164
Costa Rica,2021,78.0501
Costa Rica,2020,79.7252
Costa Rica,2019,80.2963
Costa Rica,2018,80.0896
Costa Rica,2017,79.9944
Costa Rica,2016,79.9879
Costa Rica,2015,80.4069
Costa Rica,2014,80.2313
Costa Rica,2013,80.1892
Costa Rica,2012,79.925
Costa Rica,2011,79.624
Costa Rica,2010,79.354
Costa Rica,2009,79.3718
Costa Rica,2008,79.1802
Costa Rica,2007,79.0981
Costa Rica,2006,79.049
Costa Rica,2005,78.8766
Costa Rica,2004,78.5116
Costa Rica,2003,78.2142
Costa Rica,2002,77.9394
Costa Rica,2001,77.609
Costa Rica,2000,77.3175
Costa Rica,1999,77.0581
Costa Rica,1998,76.8686
Costa Rica,1997,76.6035
Costa Rica,1996,76.4276
Costa Rica,1995,76.44
Costa Rica,1994,76.3287
Costa Rica,1993,76.3153
Costa Rica,1992,76.3849
Costa Rica,1991,76.2375
Costa Rica,1990,76.0936
Costa Rica,1989,75.8502
Costa Rica,1988,75.5459
Costa Rica,1987,75.2236
Costa Rica,1986,74.9488
Costa Rica,1985,74.7648
Costa Rica,1984,74.5809
Costa Rica,1983,74.2454
Costa Rica,1982,73.8646
Costa Rica,1981,73.441
Costa Rica,1980,73.0337
Costa Rica,1979,72.5373
Costa Rica,1978,72.0286
Costa Rica,1977,71.5194
Costa Rica,1976,70.9456
Costa Rica,1975,70.2527
Costa Rica,1974,69.4456
Costa Rica,1973,68.7309
Costa Rica,1972,68.014
Costa Rica,1971,67.4131
Costa Rica,1970,66.7871
Costa Rica,1969,66.3628
Costa Rica,1968,65.7796
Costa Rica,1967,65.5516
Costa Rica,1966,65.0958
Costa Rica,1965,64.76
Costa Rica,1964,64.4931
Costa Rica,1963,64.3258
Costa Rica,1962,64.2317
Costa Rica,1961,63.8599
Costa Rica,1960,63.4634
Costa Rica,1959,62.9054
Costa Rica,1958,62.2617
Costa Rica,1957,61.5816
Costa Rica,1956,61.2019
Costa Rica,1955,60.4535
Costa Rica,1954,59.8546
Costa Rica,1953,59.0586
Costa Rica,1952,58.1135
Costa Rica,1951,57.8193
Costa Rica,1950,57.4605
Croatia,2023,78.5803
Croatia,2022,78.2779
Croatia,2021,77.1412
Croatia,2020,77.4972
Croatia,2019,78.197
Croatia,2018,77.8654
Croatia,2017,77.7264
Croatia,2016,77.6294
Croatia,2015,77.6329
Croatia,2014,77.5144
Croatia,2013,77.51
Croatia,2012,77.2841
Croatia,2011,76.9926
Croatia,2010,76.6761
Croatia,2009,76.3127
Croatia,2008,76.0009
Croatia,2007,75.886
Croatia,2006,75.6767
Croatia,2005,75.5705
Croatia,2004,75.2665
Croatia,2003,74.7093
Croatia,2002,74.6461
Croatia,2001,74.3547
Croatia,2000,74.0014
Croatia,1999,73.6092
Croatia,1998,73.1929
Croatia,1997,72.9898
Croatia,1996,72.9752
Croatia,1995,72.5612
Croatia,1994,72.6142
Croatia,1993,72.3053
Croatia,1992,71.7206
Croatia,1991,70.5745
Croatia,1990,72.2429
Croatia,1989,72.4968
Croatia,1988,72.1502
Croatia,1987,71.9377
Croatia,1986,71.7882
Croatia,1985,71.5285
Croatia,1984,70.9782
Croatia,1983,70.7456
Croatia,1982,70.6625
Croatia,1981,70.8764
Croatia,1980,70.969
Croatia,1979,71.0947
Croatia,1978,71.265
Croatia,1977,71.3716
Croatia,1976,71.3659
Croatia,1975,71.0405
Croatia,1974,70.6122
Croatia,1973,70.106
Croatia,1972,69.7534
Croatia,1971,69.446
Croatia,1970,69.1747
Croatia,1969,68.9562
Croatia,1968,68.8924
Croatia,1967,69.0432
Croatia,1966,68.9137
Croatia,1965,68.4751
Croatia,1964,68.044
Croatia,1963,67.6194
Croatia,1962,67.2665
Croatia,1961,66.549
Croatia,1960,65.9462
Croatia,1959,65.5485
Croatia,1958,65.0314
Croatia,1957,64.4122
Croatia,1956,63.5591
Croatia,1955,63.101
Croatia,1954,62.231
Croatia,1953,61.4886
Croatia,1952,59.8436
Croatia,1951,59.0304
Croatia,1950,58.4528
Cuba,2023,78.0855
Cuba,2022,77.6291
Cuba,2021,73.2006
Cuba,2020,77.4075
Cuba,2019,77.4133
Cuba,2018,77.4259
Cuba,2017,77.3003
Cuba,2016,77.5706
Cuba,2015,77.7453
Cuba,2014,77.8245
Cuba,2013,78.0279
Cuba,2012,78.1618
Cuba,2011,78.0506
Cuba,2010,77.8757
Cuba,2009,77.5835
Cuba,2008,77.5891
Cuba,2007,77.5503
Cuba,2006,77.4055
Cuba,2005,77.5401
Cuba,2004,77.3261
Cuba,2003,77.4048
Cuba,2002,76.7655
Cuba,2001,76.4287
Cuba,2000,75.9224
Cuba,1999,75.7191
Cuba,1998,75.4123
Cuba,1997,75.0636
Cuba,1996,74.6904
Cuba,1995,74.3461
Cuba,1994,74.0922
Cuba,1993,73.8735
Cuba,1992,73.8464
Cuba,1991,73.7566
Cuba,1990,73.8228
Cuba,1989,73.6899
Cuba,1988,73.7243
Cuba,1987,73.5956
Cuba,1986,73.5578
Cuba,1985,73.4641
Cuba,1984,73.5515
Cuba,1983,73.564
Cuba,1982,73.4393
Cuba,1981,72.9963
Cuba,1980,72.6027
Cuba,1979,72.272
Cuba,1978,71.8899
Cuba,1977,71.4113
Cuba,1976,70.8779
Cuba,1975,70.3749
Cuba,1974,69.8674
Cuba,1973,69.3475
Cuba,1972,68.9491
Cuba,1971,68.4318
Cuba,1970,67.9354
Cuba,1969,67.3576
Cuba,1968,66.9439
Cuba,1967,66.5145
Cuba,1966,66.0738
Cuba,1965,65.6364
Cuba,1964,65.2636
Cuba,1963,64.3467
Cuba,1962,64.3743
Cuba,1961,63.7433
Cuba,1960,63.3157
Cuba,1959,62.8294
Cuba,1958,62.3186
Cuba,1957,61.9036
Cuba,1956,61.4837
Cuba,1955,61.1524
Cuba,1954,60.6925
Cuba,1953,60.2446
Cuba,1952,59.8299
Cuba,1951,59.4082
Cuba,1950,58.9889
Cyprus,2023,81.648
Cyprus,2022,80.4337
Cyprus,2021,80.5735
Cyprus,2020,81.2302
Cyprus,2019,81.4543
Cyprus,2018,81.5558
Cyprus,2017,81.5431
Cyprus,2016,81.5341
Cyprus,2015,81.4637
Cyprus,2014,81.3373
Cyprus,2013,81.3165
Cyprus,2012,81.1284
Cyprus,2011,80.8546
Cyprus,2010,80.6325
Cyprus,2009,80.3749
Cyprus,2008,79.9063
Cyprus,2007,79.7982
Cyprus,2006,79.4561
Cyprus,2005,79.1975
Cyprus,2004,79.0067
Cyprus,2003,78.9081
Cyprus,2002,78.7582
Cyprus,2001,78.1848
Cyprus,2000,77.9
Cyprus,1999,77.5715
Cyprus,1998,77.1641
Cyprus,1997,77.1187
Cyprus,1996,76.8797
Cyprus,1995,76.5828
Cyprus,1994,76.3831
Cyprus,1993,76.2943
Cyprus,1992,76.2908
Cyprus,1991,76.2464
Cyprus,1990,76.0442
Cyprus,1989,75.8415
Cyprus,1988,75.3903
Cyprus,1987,75.2645
Cyprus,1986,74.9298
Cyprus,1985,74.6401
Cyprus,1984,74.0
Cyprus,1983,73.7076
Cyprus,1982,73.5183
Cyprus,1981,73.053
Cyprus,1980,72.8436
Cyprus,1979,72.1792
Cyprus,1978,71.741
Cyprus,1977,71.2577
Cyprus,1976,70.805
Cyprus,1975,70.3363
Cyprus,1974,54.5513
Cyprus,1973,69.0052
Cyprus,1972,68.6287
Cyprus,1971,68.3512
Cyprus,1970,68.0502
Cyprus,1969,67.5987
Cyprus,1968,67.251
Cyprus,1967,66.9057
Cyprus,1966,66.4894
Cyprus,1965,66.1243
Cyprus,1964,62.2404
Cyprus,1963,61.7791
Cyprus,1962,64.7202
Cyprus,1961,64.0758
Cyprus,1960,63.3201
Cyprus,1959,62.3103
Cyprus,1958,61.637
Cyprus,1957,60.9861
Cyprus,1956,60.3875
Cyprus,1955,59.7394
Cyprus,1954,59.2756
Cyprus,1953,58.3717
Cyprus,1952,57.6776
Cyprus,1951,56.7619
Cyprus,1950,55.8276
Czechia,2023,79.8341
Czechia,2022,79.1648
Czechia,2021,77.2342
Czechia,2020,78.237
Czechia,2019,79.1853
Czechia,2018,78.9612
Czechia,2017,78.926
Czechia,2016,78.9744
Czechia,2015,78.5609
Czechia,2014,78.7439
Czechia,2013,78.169
Czechia,2012,77.9977
Czechia,2011,77.8144
Czechia,2010,77.5677
Czechia,2009,77.2578
Czechia,2008,77.1722
Czechia,2007,76.9189
Czechia,2006,76.708
Czechia,2005,76.1561
Czechia,2004,75.9416
Czechia,2003,75.3959
Czechia,2002,75.4424
Czechia,2001,75.3141
Czechia,2000,74.9781
Czechia,1999,74.7414
Czechia,1998,74.5527
Czechia,1997,73.946
Czechia,1996,73.8344
Czechia,1995,73.1772
Czechia,1994,73.0817
Czechia,1993,72.8528
Czechia,1992,72.3298
Czechia,1991,71.9699
Czechia,1990,71.4086
Czechia,1989,71.7544
Czechia,1988,71.714
Czechia,1987,71.51
Czechia,1986,71.053
Czechia,1985,71.1021
Czechia,1984,70.8965
Czechia,1983,70.6398
Czechia,1982,70.8766
Czechia,1981,70.7717
Czechia,1980,70.3404
Czechia,1979,70.8228
Czechia,1978,70.7115
Czechia,1977,70.6413
Czechia,1976,70.6014
Czechia,1975,70.485
Czechia,1974,70.174
Czechia,1973,70.0883
Czechia,1972,70.2302
Czechia,1971,69.7361
Czechia,1970,69.4882
Czechia,1969,69.4175
Czechia,1968,69.9098
Czechia,1967,70.3494
Czechia,1966,70.4543
Czechia,1965,70.2584
Czechia,1964,70.5891
Czechia,1963,70.3905
Czechia,1962,69.8909
Czechia,1961,70.6216
Czechia,1960,70.4521
Czechia,1959,69.8941
Czechia,1958,69.9734
Czechia,1957,69.0329
Czechia,1956,69.3678
Czechia,1955,68.978
Czechia,1954,68.0503
Czechia,1953,67.5532
Czechia,1952,66.8633
Czechia,1951,65.2674
Czechia,1950,64.4058
Democratic People's Republic of Korea,2023,73.6418
Democratic People's Republic of Korea,2022,73.6411
Democratic People's Republic of Korea,2021,73.4366
Democratic People's Republic of Korea,2020,72.7826
Democratic People's Republic of Korea,2019,72.9282
Democratic People's Republic of Korea,2018,73.0196
Democratic People's Republic of Korea,2017,73.0344
Democratic People's Republic of Korea,2016,72.9708
Democratic People's Republic of Korea,2015,72.8253
Democratic People's Republic of Korea,2014,72.4508
Democratic People's Republic of Korea,2013,71.8667
Democratic People's Republic of Korea,2012,71.3171
Democratic People's Republic of Korea,2011,70.7724
Democratic People's Republic of Korea,2010,70.2456
Democratic People's Republic of Korea,2009,69.7023
Democratic People's Republic of Korea,2008,69.3032
Democratic People's Republic of Korea,2007,69.0211
Democratic People's Republic of Korea,2006,69.0615
Democratic People's Republic of Korea,2005,69.1675
Democratic People's Republic of Korea,2004,69.2942
Democratic People's Republic of Korea,2003,69.3986
Democratic People's Republic of Korea,2002,60.8772
Democratic People's Republic of Korea,2001,60.8926
Democratic People's Republic of Korea,2000,60.9111
Democratic People's Republic of Korea,1999,60.9098
Democratic People's Republic of Korea,1998,60.887
Democratic People's Republic of Korea,1997,60.8694
Democratic People's Republic of Korea,1996,60.8204
Democratic People's Republic of Korea,1995,60.766
Democratic People's Republic of Korea,1994,70.4716
Democratic People's Republic of Korea,1993,70.7937
Democratic People's Republic of Korea,1992,71.0092
Democratic People's Republic of Korea,1991,70.7174
Democratic People's Republic of Korea,1990,70.4835
Democratic People's Republic of Korea,1989,70.2694
Democratic People's Republic of Korea,1988,70.0518
Democratic People's Republic of Korea,1987,69.7674
Democratic People's Republic of Korea,1986,69.5413
Democratic People's Republic of Korea,1985,69.2315
Democratic People's Republic of Korea,1984,68.8814
Democratic People's Republic of Korea,1983,68.5026
Democratic People's Republic of Korea,1982,68.0896
Democratic People's Republic of Korea,1981,67.6566
Democratic People's Republic of Korea,1980,67.2083
Democratic People's Republic of Korea,1979,66.7482
Democratic People's Republic of Korea,1978,66.2923
Democratic People's Republic of Korea,1977,65.8106
Democratic People's Republic of Korea,1976,65.3252
Democratic People's Republic of Korea,1975,64.8305
Democratic People's Republic of Korea,1974,64.3349
Democratic People's Republic of Korea,1973,63.8155
Democratic People's Republic of Korea,1972,63.2543
Democratic People's Republic of Korea,1971,62.6628
Democratic People's Republic of Korea,1970,62.0491
Democratic People's Republic of Korea,1969,61.4108
Democratic People's Republic of Korea,1968,60.7566
Democratic People's Republic of Korea,1967,60.0865
Democratic People's Republic of Korea,1966,59.4235
Democratic People's Republic of Korea,1965,58.7854
Democratic People's Republic of Korea,1964,58.1701
Democratic People's Republic of Korea,1963,57.5785
Democratic People's Republic of Korea,1962,56.9976
Democratic People's Republic of Korea,1961,56.4079
Democratic People's Republic of Korea,1960,55.8141
Democratic People's Republic of Korea,1959,55.172
Democratic People's Republic of Korea,1958,54.4781
Democratic People's Republic of Korea,1957,53.6785
Democratic People's Republic of Korea,1956,52.7829
Democratic People's Republic of Korea,1955,51.7663
Democratic People's Republic of Korea,1954,50.6336
Democratic People's Republic of Korea,1953,40.2559
Democratic People's Republic of Korea,1952,32.7909
Democratic People's Republic of Korea,1951,17.6635
Democratic People's Republic of Korea,1950,14.2015
Democratic Republic of the Congo,2023,61.895
Democratic Republic of the Congo,2022,60.9789
Democratic Republic of the Congo,2021,60.0444
Democratic Republic of the Congo,2020,60.4283
Democratic Republic of the Congo,2019,60.2425
Democratic Republic of the Congo,2018,59.9265
Democratic Republic of the Congo,2017,59.4952
Democratic Republic of the Congo,2016,59.0814
Democratic Republic of the Congo,2015,58.6576
Democratic Republic of the Congo,2014,58.2355
Democratic Republic of the Congo,2013,57.7953
Democratic Republic of the Congo,2012,57.3502
Democratic Republic of the Congo,2011,56.9106
Democratic Republic of the Congo,2010,56.4111
Democratic Republic of the Congo,2009,55.7981
Democratic Republic of the Congo,2008,55.3884
Democratic Republic of the Congo,2007,54.9543
Democratic Republic of the Congo,2006,54.4977
Democratic Republic of the Congo,2005,54.0014
Democratic Republic of the Congo,2004,53.5341
Democratic Republic of the Congo,2003,52.9519
Democratic Republic of the Congo,2002,52.3712
Democratic Republic of the Congo,2001,52.2054
Democratic Republic of the Congo,2000,51.8871
Democratic Republic of the Congo,1999,50.0888
Democratic Republic of the Congo,1998,49.6637
Democratic Republic of the Congo,1997,50.4609
Democratic Republic of the Congo,1996,49.3762
Democratic Republic of the Congo,1995,50.381
Democratic Republic of the Congo,1994,49.8795
Democratic Republic of the Congo,1993,49.6213
Democratic Republic of the Congo,1992,49.3232
Democratic Republic of the Congo,1991,48.9442
Democratic Republic of the Congo,1990,48.5381
Democratic Republic of the Congo,1989,48.1494
Democratic Republic of the Congo,1988,47.755
Democratic Republic of the Congo,1987,47.3623
Democratic Republic of the Congo,1986,47.0156
Democratic Republic of the Congo,1985,46.6634
Democratic Republic of the Congo,1984,46.5143
Democratic Republic of the Congo,1983,46.2067
Democratic Republic of the Congo,1982,45.946
Democratic Republic of the Congo,1981,45.7262
Democratic Republic of the Congo,1980,45.5429
Democratic Republic of the Congo,1979,45.2779
Democratic Republic of the Congo,1978,44.6277
Democratic Republic of the Congo,1977,44.8656
Democratic Republic of the Congo,1976,44.695
Democratic Republic of the Congo,1975,44.5299
Democratic Republic of the Congo,1974,44.3111
Democratic Republic of the Congo,1973,44.0905
Democratic Republic of the Congo,1972,43.869
Democratic Republic of the Congo,1971,43.578
Democratic Republic of the Congo,1970,43.3005
Democratic Republic of the Congo,1969,42.9594
Democratic Republic of the Congo,1968,42.6673
Democratic Republic of the Congo,1967,42.3389
Democratic Republic of the Congo,1966,42.169
Democratic Republic of the Congo,1965,40.7669
Democratic Republic of the Congo,1964,40.0993
Democratic Republic of the Congo,1963,40.6039
Democratic Republic of the Congo,1962,40.3817
Democratic Republic of the Congo,1961,40.1611
Democratic Republic of the Congo,1960,40.7518
Democratic Republic of the Congo,1959,40.6155
Democratic Republic of the Congo,1958,40.4629
Democratic Republic of the Congo,1957,40.2279
Democratic Republic of the Congo,1956,39.9041
Democratic Republic of the Congo,1955,39.6563
Democratic Republic of the Congo,1954,39.3663
Democratic Republic of the Congo,1953,39.1412
Democratic Republic of the Congo,1952,38.8561
Democratic Republic of the Congo,1951,38.5138
Democratic Republic of the Congo,1950,38.2161
Denmark,2023,81.9328
Denmark,2022,81.2906
Denmark,2021,81.4363
Denmark,2020,81.5458
Denmark,2019,81.4343
Denmark,2018,80.9909
Denmark,2017,81.1116
Denmark,2016,80.8814
Denmark,2015,80.7394
Denmark,2014,80.6319
Denmark,2013,80.3063
Denmark,2012,80.0822
Denmark,2011,79.786
Denmark,2010,79.2473
Denmark,2009,78.9574
Denmark,2008,78.7144
Denmark,2007,78.3494
Denmark,2006,78.2234
Denmark,2005,78.2259
Denmark,2004,77.7853
Denmark,2003,77.4012
Denmark,2002,77.0989
Denmark,2001,76.9736
Denmark,2000,76.8152
Denmark,1999,76.5777
Denmark,1998,76.4357
Denmark,1997,76.0409
Denmark,1996,75.6636
Denmark,1995,75.287
Denmark,1994,75.4408
Denmark,1993,75.1891
Denmark,1992,75.2686
Denmark,1991,75.2271
Denmark,1990,74.8655
Denmark,1989,74.8597
Denmark,1988,74.8395
Denmark,1987,74.7445
Denmark,1986,74.6392
Denmark,1985,74.4801
Denmark,1984,74.6164
Denmark,1983,74.4556
Denmark,1982,74.5967
Denmark,1981,74.2506
Denmark,1980,74.1295
Denmark,1979,74.2409
Denmark,1978,74.4263
Denmark,1977,74.6592
Denmark,1976,73.7697
Denmark,1975,74.1002
Denmark,1974,73.8216
Denmark,1973,73.6944
Denmark,1972,73.4675
Denmark,1971,73.4274
Denmark,1970,73.364
Denmark,1969,73.2446
Denmark,1968,73.1469
Denmark,1967,72.9547
Denmark,1966,72.4665
Denmark,1965,72.3884
Denmark,1964,72.5077
Denmark,1963,72.419
Denmark,1962,72.3515
Denmark,1961,72.4529
Denmark,1960,72.196
Denmark,1959,72.2253
Denmark,1958,72.2381
Denmark,1957,71.8068
Denmark,1956,72.0424
Denmark,1955,71.9139
Denmark,1954,71.3394
Denmark,1953,71.1723
Denmark,1952,70.7599
Denmark,1951,70.9243
Denmark,1950,70.3084
Djibouti,2023,65.9865
Djibouti,2022,65.5402
Djibouti,2021,63.8301
Djibouti,2020,64.2001
Djibouti,2019,64.3809
Djibouti,2018,64.1051
Djibouti,2017,63.71
Djibouti,2016,63.335
Djibouti,2015,62.8326
Djibouti,2014,62.4274
Djibouti,2013,62.1162
Djibouti,2012,61.7188
Djibouti,2011,61.3373
Djibouti,2010,60.7431
Djibouti,2009,60.3511
Djibouti,2008,59.815
Djibouti,2007,59.3617
Djibouti,2006,58.9617
Djibouti,2005,58.5483
Djibouti,2004,58.1033
Djibouti,2003,58.0406
Djibouti,2002,57.8239
Djibouti,2001,57.5059
Djibouti,2000,56.7341
Djibouti,1999,56.5638
Djibouti,1998,56.4263
Djibouti,1997,56.207
Djibouti,1996,56.3297
Djibouti,1995,56.234
Djibouti,1994,55.5916
Djibouti,1993,55.734
Djibouti,1992,54.3753
Djibouti,1991,55.1935
Djibouti,1990,55.4689
Djibouti,1989,55.3686
Djibouti,1988,55.1326
Djibouti,1987,54.832
Djibouti,1986,54.4937
Djibouti,1985,54.0746
Djibouti,1984,53.7454
Djibouti,1983,53.3338
Djibouti,1982,52.8928
Djibouti,1981,52.3553
Djibouti,1980,52.0462
Djibouti,1979,51.5968
Djibouti,1978,51.1715
Djibouti,1977,50.7555
Djibouti,1976,50.3352
Djibouti,1975,49.9228
Djibouti,1974,49.5203
Djibouti,1973,49.0967
Djibouti,1972,48.5318
Djibouti,1971,47.2593
Djibouti,1970,47.5361
Djibouti,1969,47.0668
Djibouti,1968,46.5523
Djibouti,1967,46.1031
Djibouti,1966,45.6201
Djibouti,1965,45.2344
Djibouti,1964,44.812
Djibouti,1963,44.4421
Djibouti,1962,44.0918
Djibouti,1961,43.7808
Djibouti,1960,43.4212
Djibouti,1959,43.0788
Djibouti,1958,42.772
Djibouti,1957,42.5702
Djibouti,1956,42.2871
Djibouti,1955,42.0436
Djibouti,1954,41.7745
Djibouti,1953,41.484
Djibouti,1952,41.2296
Djibouti,1951,41.0363
Djibouti,1950,40.7277
Dominica,2023,71.1325
Dominica,2022,71.0806
Dominica,2021,69.8318
Dominica,2020,71.2693
Dominica,2019,71.3052
Dominica,2018,71.3779
Dominica,2017,68.6199
Dominica,2016,71.1889
Dominica,2015,69.9683
Dominica,2014,71.1892
Dominica,2013,71.2283
Dominica,2012,71.3909
Dominica,2011,71.5167
Dominica,2010,71.6797
Dominica,2009,71.8353
Dominica,2008,71.9446
Dominica,2007,71.9008
Dominica,2006,72.0071
Dominica,2005,72.0161
Dominica,2004,71.9865
Dominica,2003,71.9423
Dominica,2002,71.9275
Dominica,2001,71.8624
Dominica,2000,71.7154
Dominica,1999,71.5274
Dominica,1998,71.3524
Dominica,1997,71.1955
Dominica,1996,71.0394
Dominica,1995,70.8316
Dominica,1994,70.7766
Dominica,1993,70.6121
Dominica,1992,70.4726
Dominica,1991,70.3977
Dominica,1990,70.4712
Dominica,1989,70.6629
Dominica,1988,70.9743
Dominica,1987,71.3682
Dominica,1986,71.6705
Dominica,1985,71.9177
Dominica,1984,71.9135
Dominica,1983,72.0047
Dominica,1982,71.7485
Dominica,1981,71.4595
Dominica,1980,71.0125
Dominica,1979,69.1948
Dominica,1978,70.1146
Dominica,1977,69.7153
Dominica,1976,69.4108
Dominica,1975,69.0595
Dominica,1974,68.5847
Dominica,1973,68.0971
Dominica,1972,67.468
Dominica,1971,66.7626
Dominica,1970,66.2084
Dominica,1969,65.7036
Dominica,1968,65.2771
Dominica,1967,64.856
Dominica,1966,64.457
Dominica,1965,63.9132
Dominica,1964,63.2778
Dominica,1963,62.6123
Dominica,1962,61.8936
Dominica,1961,61.0224
Dominica,1960,60.0757
Dominica,1959,59.1203
Dominica,1958,57.9047
Dominica,1957,56.5388
Dominica,1956,55.0378
Dominica,1955,53.4083
Dominica,1954,51.6705
Dominica,1953,49.9925
Dominica,1952,48.1599
Dominica,1951,46.3171
Dominica,1950,44.4897
Dominican Republic,2023,73.7201
Dominican Republic,2022,74.2108
Dominican Republic,2021,71.7575
Dominican Republic,2020,72.6358
Dominican Republic,2019,73.1119
Dominican Republic,2018,73.5553
Dominican Republic,2017,73.3702
Dominican Republic,2016,72.8894
Dominican Republic,2015,72.9821
Dominican Republic,2014,73.1449
Dominican Republic,2013,73.0383
Dominican Republic,2012,72.8165
Dominican Republic,2011,72.4958
Dominican Republic,2010,72.0393
Dominican Republic,2009,71.5866
Dominican Republic,2008,71.3307
Dominican Republic,2007,71.0973
Dominican Republic,2006,71.0542
Dominican Republic,2005,71.0435
Dominican Republic,2004,70.7303
Dominican Republic,2003,70.8562
Dominican Republic,2002,70.7193
Dominican Republic,2001,70.5531
Dominican Republic,2000,70.3647
Dominican Republic,1999,70.1781
Dominican Republic,1998,69.8754
Dominican Republic,1997,69.8089
Dominican Republic,1996,69.5951
Dominican Republic,1995,69.3937
Dominican Republic,1994,69.1597
Dominican Republic,1993,68.8601
Dominican Republic,1992,68.5251
Dominican Republic,1991,68.1543
Dominican Republic,1990,67.7459
Dominican Republic,1989,67.3312
Dominican Republic,1988,66.9144
Dominican Republic,1987,66.4897
Dominican Republic,1986,66.0594
Dominican Republic,1985,65.6139
Dominican Republic,1984,65.1339
Dominican Republic,1983,64.63
Dominican Republic,1982,64.1978
Dominican Republic,1981,63.7757
Dominican Republic,1980,63.3913
Dominican Republic,1979,62.4251
Dominican Republic,1978,62.6236
Dominican Republic,1977,62.1995
Dominican Republic,1976,61.7394
Dominican Republic,1975,61.2538
Dominican Republic,1974,60.757
Dominican Republic,1973,60.2284
Dominican Republic,1972,59.6615
Dominican Republic,1971,59.0897
Dominican Republic,1970,58.4931
Dominican Republic,1969,57.886
Dominican Republic,1968,57.2723
Dominican Republic,1967,56.6458
Dominican Republic,1966,55.965
Dominican Republic,1965,52.8424
Dominican Republic,1964,54.6529
Dominican Republic,1963,53.7536
Dominican Republic,1962,53.1987
Dominican Republic,1961,52.4472
Dominican Republic,1960,51.7048
Dominican Republic,1959,50.9525
Dominican Republic,1958,50.2108
Dominican Republic,1957,49.4703
Dominican Republic,1956,48.71
Dominican Republic,1955,47.925
Dominican Republic,1954,47.1234
Dominican Republic,1953,46.3497
Dominican Republic,1952,45.5713
Dominican Republic,1951,44.8254
Dominican Republic,1950,44.0649
Ecuador,2023,77.3924
Ecuador,2022,76.5767
Ecuador,2021,72.7465
Ecuador,2020,72.0036
Ecuador,2019,77.2862
Ecuador,2018,77.2484
Ecuador,2017,76.2197
Ecuador,2016,76.0942
Ecuador,2015,76.2219
Ecuador,2014,76.1409
Ecuador,2013,75.8322
Ecuador,2012,75.4857
Ecuador,2011,75.1794
Ecuador,2010,75.1876
Ecuador,2009,74.9011
Ecuador,2008,74.7085
Ecuador,2007,74.2259
Ecuador,2006,74.0104
Ecuador,2005,73.9092
Ecuador,2004,73.8676
Ecuador,2003,73.632
Ecuador,2002,73.1643
Ecuador,2001,72.5709
Ecuador,2000,72.0896
Ecuador,1999,71.9198
Ecuador,1998,71.9493
Ecuador,1997,72.007
Ecuador,1996,71.8201
Ecuador,1995,71.3485
Ecuador,1994,70.8759
Ecuador,1993,70.0695
Ecuador,1992,69.4678
Ecuador,1991,69.0402
Ecuador,1990,68.445
Ecuador,1989,67.8172
Ecuador,1988,67.0383
Ecuador,1987,66.5868
Ecuador,1986,66.1225
Ecuador,1985,65.6253
Ecuador,1984,65.2016
Ecuador,1983,64.6593
Ecuador,1982,64.2712
Ecuador,1981,63.8092
Ecuador,1980,63.3261
Ecuador,1979,62.8541
Ecuador,1978,62.3972
Ecuador,1977,61.9347
Ecuador,1976,61.4251
Ecuador,1975,61.0849
Ecuador,1974,60.7
Ecuador,1973,60.3061
Ecuador,1972,59.8165
Ecuador,1971,59.3426
Ecuador,1970,58.8496
Ecuador,1969,58.2671
Ecuador,1968,57.9458
Ecuador,1967,57.4817
Ecuador,1966,57.0189
Ecuador,1965,56.5243
Ecuador,1964,55.9501
Ecuador,1963,55.3222
Ecuador,1962,54.6815
Ecuador,1961,54.052
Ecuador,1960,53.3961
Ecuador,1959,52.736
Ecuador,1958,52.0726
Ecuador,1957,51.4548
Ecuador,1956,50.8827
Ecuador,1955,50.3928
Ecuador,1954,49.962
Ecuador,1953,49.562
Ecuador,1952,49.2348
Ecuador,1951,48.8974
Ecuador,1950,48.4493
Egypt,2023,71.6335
Egypt,2022,71.0097
Egypt,2021,68.9759
Egypt,2020,69.7897
Egypt,2019,71.2128
Egypt,2018,70.9741
Egypt,2017,70.7086
Egypt,2016,70.4367
Egypt,2015,70.1346
Egypt,2014,69.9112
Egypt,2013,69.6317
Egypt,2012,69.4643
Egypt,2011,69.2322
Egypt,2010,69.0782
Egypt,2009,68.915
Egypt,2008,68.7613
Egypt,2007,68.6266
Egypt,2006,68.4929
Egypt,2005,68.3552
Egypt,2004,68.211
Egypt,2003,68.0451
Egypt,2002,67.8456
Egypt,2001,67.6118
Egypt,2000,67.3323
Egypt,1999,67.0104
Egypt,1998,66.6355
Egypt,1997,66.2066
Egypt,1996,65.7334
Egypt,1995,65.2143
Egypt,1994,64.6632
Egypt,1993,64.1471
Egypt,1992,63.5852
Egypt,1991,63.0594
Egypt,1990,62.5132
Egypt,1989,61.9485
Egypt,1988,61.3581
Egypt,1987,60.7358
Egypt,1986,60.0849
Egypt,1985,59.4051
Egypt,1984,58.697
Egypt,1983,57.9667
Egypt,1982,57.219
Egypt,1981,56.4544
Egypt,1980,55.6726
Egypt,1979,54.8755
Egypt,1978,54.0748
Egypt,1977,53.2719
Egypt,1976,52.4844
Egypt,1975,51.7342
Egypt,1974,51.044
Egypt,1973,50.0977
Egypt,1972,49.9084
Egypt,1971,49.4805
Egypt,1970,49.0001
Egypt,1969,48.6995
Egypt,1968,48.6021
Egypt,1967,48.1302
Egypt,1966,47.9884
Egypt,1965,47.5767
Egypt,1964,47.0755
Egypt,1963,46.4929
Egypt,1962,45.8439
Egypt,1961,45.1456
Egypt,1960,44.4361
Egypt,1959,43.682
Egypt,1958,42.8875
Egypt,1957,42.05
Egypt,1956,41.0154
Egypt,1955,40.1543
Egypt,1954,39.058
Egypt,1953,37.8686
Egypt,1952,36.597
Egypt,1951,35.2832
Egypt,1950,33.95
El Salvador,2023,72.0993
El Salvador,2022,71.9695
El Salvador,2021,69.9414
El Salvador,2020,70.2436
El Salvador,2019,71.7253
El Salvador,2018,71.3836
El Salvador,2017,71.0074
El Salvador,2016,70.9081
El Salvador,2015,70.9524
El Salvador,2014,71.1442
El Salvador,2013,71.2251
El Salvador,2012,71.4201
El Salvador,2011,71.1918
El Salvador,2010,70.9088
El Salvador,2009,70.3586
El Salvador,2008,70.1378
El Salvador,2007,69.8195
El Salvador,2006,69.6123
El Salvador,2005,69.3356
El Salvador,2004,69.2948
El Salvador,2003,68.7918
El Salvador,2002,68.5264
El Salvador,2001,67.9645
El Salvador,2000,67.7114
El Salvador,1999,67.2851
El Salvador,1998,66.6548
El Salvador,1997,66.2484
El Salvador,1996,65.4804
El Salvador,1995,64.9031
El Salvador,1994,64.47
El Salvador,1993,63.9976
El Salvador,1992,62.9439
El Salvador,1991,62.5423
El Salvador,1990,61.981
El Salvador,1989,61.2536
El Salvador,1988,59.9769
El Salvador,1987,59.4024
El Salvador,1986,59.3292
El Salvador,1985,58.0306
El Salvador,1984,56.5713
El Salvador,1983,54.3735
El Salvador,1982,53.3423
El Salvador,1981,50.8887
El Salvador,1980,48.5892
El Salvador,1979,53.8047
El Salvador,1978,54.7087
El Salvador,1977,54.0472
El Salvador,1976,54.375
El Salvador,1975,53.4217
El Salvador,1974,52.8912
El Salvador,1973,52.7817
El Salvador,1972,51.9564
El Salvador,1971,51.6651
El Salvador,1970,51.3643
El Salvador,1969,51.2788
El Salvador,1968,50.8368
El Salvador,1967,50.8441
El Salvador,1966,50.6715
El Salvador,1965,50.2076
El Salvador,1964,49.7498
El Salvador,1963,49.3803
El Salvador,1962,49.0013
El Salvador,1961,48.6332
El Salvador,1960,48.2923
El Salvador,1959,47.9708
El Salvador,1958,47.6866
El Salvador,1957,47.1171
El Salvador,1956,46.5608
El Salvador,1955,46.0333
El Salvador,1954,45.5112
El Salvador,1953,44.9885
El Salvador,1952,44.7525
El Salvador,1951,43.81
El Salvador,1950,44.195
Equatorial Guinea,2023,63.7071
Equatorial Guinea,2022,63.3545
Equatorial Guinea,2021,62.4468
Equatorial Guinea,2020,62.1408
Equatorial Guinea,2019,62.2965
Equatorial Guinea,2018,61.9151
Equatorial Guinea,2017,61.4808
Equatorial Guinea,2016,61.081
Equatorial Guinea,2015,60.6347
Equatorial Guinea,2014,60.2279
Equatorial Guinea,2013,59.784
Equatorial Guinea,2012,59.3011
Equatorial Guinea,2011,58.8268
Equatorial Guinea,2010,58.3445
Equatorial Guinea,2009,57.881
Equatorial Guinea,2008,57.3841
Equatorial Guinea,2007,56.857
Equatorial Guinea,2006,56.3538
Equatorial Guinea,2005,55.7659
Equatorial Guinea,2004,55.3066
Equatorial Guinea,2003,54.7913
Equatorial Guinea,2002,54.3235
Equatorial Guinea,2001,53.8271
Equatorial Guinea,2000,53.3952
Equatorial Guinea,1999,53.0013
Equatorial Guinea,1998,52.6464
Equatorial Guinea,1997,52.3648
Equatorial Guinea,1996,52.1227
Equatorial Guinea,1995,51.9261
Equatorial Guinea,1994,51.7851
Equatorial Guinea,1993,51.6713
Equatorial Guinea,1992,51.5792
Equatorial Guinea,1991,51.4971
Equatorial Guinea,1990,51.3965
Equatorial Guinea,1989,51.292
Equatorial Guinea,1988,51.1837
Equatorial Guinea,1987,50.9904
Equatorial Guinea,1986,50.8484
Equatorial Guinea,1985,50.5987
Equatorial Guinea,1984,50.1951
Equatorial Guinea,1983,50.0461
Equatorial Guinea,1982,49.6656
Equatorial Guinea,1981,49.1071
Equatorial Guinea,1980,48.7799
Equatorial Guinea,1979,43.0332
Equatorial Guinea,1978,42.331
Equatorial Guinea,1977,42.0075
Equatorial Guinea,1976,30.5369
Equatorial Guinea,1975,37.32
Equatorial Guinea,1974,41.4861
Equatorial Guinea,1973,44.6577
Equatorial Guinea,1972,44.4405
Equatorial Guinea,1971,37.2292
Equatorial Guinea,1970,31.0861
Equatorial Guinea,1969,31.0002
Equatorial Guinea,1968,44.8521
Equatorial Guinea,1967,44.5946
Equatorial Guinea,1966,44.3345
Equatorial Guinea,1965,44.0694
Equatorial Guinea,1964,43.8049
Equatorial Guinea,1963,43.5396
Equatorial Guinea,1962,43.2749
Equatorial Guinea,1961,43.008
Equatorial Guinea,1960,42.7416
Equatorial Guinea,1959,42.4747
Equatorial Guinea,1958,42.2042
Equatorial Guinea,1957,41.9386
Equatorial Guinea,1956,41.6741
Equatorial Guinea,1955,41.4103
Equatorial Guinea,1954,41.1476
Equatorial Guinea,1953,40.8892
Equatorial Guinea,1952,40.6297
Equatorial Guinea,1951,40.3708
Equatorial Guinea,1950,40.1113
Eritrea,2023,68.6239
Eritrea,2022,67.7892
Eritrea,2021,66.9396
Eritrea,2020,66.9802
Eritrea,2019,67.3061
Eritrea,2018,66.9787
Eritrea,2017,66.6115
Eritrea,2016,66.242
Eritrea,2015,65.9094
Eritrea,2014,65.5166
Eritrea,2013,65.005
Eritrea,2012,64.6965
Eritrea,2011,64.2314
Eritrea,2010,63.6653
Eritrea,2009,63.2029
Eritrea,2008,62.422
Eritrea,2007,61.998
Eritrea,2006,61.4567
Eritrea,2005,60.6276
Eritrea,2004,60.0625
Eritrea,2003,59.4551
Eritrea,2002,58.9406
Eritrea,2001,58.3587
Eritrea,2000,56.2852
Eritrea,1999,44.5061
Eritrea,1998,49.9968
Eritrea,1997,56.1551
Eritrea,1996,55.4979
Eritrea,1995,54.8222
Eritrea,1994,54.0274
Eritrea,1993,53.1887
Eritrea,1992,52.4358
Eritrea,1991,50.5159
Eritrea,1990,49.7327
Eritrea,1989,47.8024
Eritrea,1988,48.0942
Eritrea,1987,47.3634
Eritrea,1986,39.5411
Eritrea,1985,38.5859
Eritrea,1984,37.6791
Eritrea,1983,37.1729
Eritrea,1982,44.8906
Eritrea,1981,44.9744
Eritrea,1980,44.6253
Eritrea,1979,43.7802
Eritrea,1978,43.3804
Eritrea,1977,42.9839
Eritrea,1976,42.5873
Eritrea,1975,39.031
Eritrea,1974,39.0005
Eritrea,1973,41.1313
Eritrea,1972,40.7231
Eritrea,1971,41.5267
Eritrea,1970,41.1621
Eritrea,1969,40.7919
Eritrea,1968,40.483
Eritrea,1967,40.1507
Eritrea,1966,37.6341
Eritrea,1965,39.5761
Eritrea,1964,39.1841
Eritrea,1963,38.8333
Eritrea,1962,38.3461
Eritrea,1961,37.912
Eritrea,1960,37.4429
Eritrea,1959,36.9691
Eritrea,1958,30.9094
Eritrea,1957,30.3981
Eritrea,1956,35.6315
Eritrea,1955,35.1766
Eritrea,1954,34.8009
Eritrea,1953,34.3762
Eritrea,1952,34.0018
Eritrea,1951,33.6377
Eritrea,1950,33.2935
Estonia,2023,79.1535
Estonia,2022,78.1674
Estonia,2021,77.4095
Estonia,2020,78.8929
Estonia,2019,78.7728
Estonia,2018,78.3339
Estonia,2017,78.1814
Estonia,2016,77.7631
Estonia,2015,77.665
Estonia,2014,77.1104
Estonia,2013,77.252
Estonia,2012,76.4159
Estonia,2011,76.3462
Estonia,2010,75.8816
Estonia,2009,75.1519
Estonia,2008,74.2787
Estonia,2007,73.1534
Estonia,2006,73.1995
Estonia,2005,73.0276
Estonia,2004,72.3751
Estonia,2003,71.923
Estonia,2002,71.3637
Estonia,2001,70.8336
Estonia,2000,71.0142
Estonia,1999,70.6807
Estonia,1998,69.8404
Estonia,1997,70.2438
Estonia,1996,70.0314
Estonia,1995,67.8143
Estonia,1994,66.7441
Estonia,1993,68.2217
Estonia,1992,69.1592
Estonia,1991,69.7947
Estonia,1990,69.9173
Estonia,1989,70.498
Estonia,1988,70.9712
Estonia,1987,70.9219
Estonia,1986,70.9067
Estonia,1985,69.7742
Estonia,1984,69.6384
Estonia,1983,69.7865
Estonia,1982,69.8627
Estonia,1981,69.3358
Estonia,1980,69.4667
Estonia,1979,69.4052
Estonia,1978,69.6581
Estonia,1977,69.8263
Estonia,1976,69.7389
Estonia,1975,70.1215
Estonia,1974,70.8093
Estonia,1973,70.6926
Estonia,1972,70.3819
Estonia,1971,70.5962
Estonia,1970,70.3994
Estonia,1969,70.2727
Estonia,1968,70.6092
Estonia,1967,70.9837
Estonia,1966,70.6646
Estonia,1965,70.715
Estonia,1964,70.6483
Estonia,1963,69.885
Estonia,1962,69.8447
Estonia,1961,69.641
Estonia,1960,69.3354
Estonia,1959,68.6733
Estonia,1958,68.7512
Estonia,1957,68.7746
Estonia,1956,68.4923
Estonia,1955,68.1698
Estonia,1954,67.8315
Estonia,1953,67.4981
Estonia,1952,67.1535
Estonia,1951,66.75
Estonia,1950,66.3621
Eswatini,2023,64.1227
Eswatini,2022,63.0283
Eswatini,2021,58.2284
Eswatini,2020,59.8618
Eswatini,2019,59.8496
Eswatini,2018,58.7072
Eswatini,2017,57.5742
Eswatini,2016,56.2284
Eswatini,2015,54.9407
Eswatini,2014,53.4913
Eswatini,2013,52.1102
Eswatini,2012,50.7143
Eswatini,2011,49.0568
Eswatini,2010,48.331
Eswatini,2009,46.9126
Eswatini,2008,45.8527
Eswatini,2007,45.1604
Eswatini,2006,44.5628
Eswatini,2005,43.9581
Eswatini,2004,43.9064
Eswatini,2003,44.6321
Eswatini,2002,45.3799
Eswatini,2001,46.3442
Eswatini,2000,47.6273
Eswatini,1999,48.8076
Eswatini,1998,50.0657
Eswatini,1997,51.6985
Eswatini,1996,53.2956
Eswatini,1995,55.0795
Eswatini,1994,56.6433
Eswatini,1993,58.0917
Eswatini,1992,59.2838
Eswatini,1991,60.3924
Eswatini,1990,61.1675
Eswatini,1989,61.6692
Eswatini,1988,61.9342
Eswatini,1987,61.8987
Eswatini,1986,61.5978
Eswatini,1985,61.1649
Eswatini,1984,60.4387
Eswatini,1983,58.4181
Eswatini,1982,59.4672
Eswatini,1981,58.7882
Eswatini,1980,58.2275
Eswatini,1979,57.536
Eswatini,1978,56.785
Eswatini,1977,55.9733
Eswatini,1976,55.1718
Eswatini,1975,54.3987
Eswatini,1974,53.6556
Eswatini,1973,52.9905
Eswatini,1972,52.3518
Eswatini,1971,51.7794
Eswatini,1970,51.2079
Eswatini,1969,50.6405
Eswatini,1968,50.0842
Eswatini,1967,49.5262
Eswatini,1966,48.9905
Eswatini,1965,48.4314
Eswatini,1964,47.922
Eswatini,1963,47.4715
Eswatini,1962,47.1453
Eswatini,1961,46.7499
Eswatini,1960,46.3885
Eswatini,1959,46.0904
Eswatini,1958,45.7524
Eswatini,1957,45.4321
Eswatini,1956,45.1102
Eswatini,1955,44.848
Eswatini,1954,44.5868
Eswatini,1953,44.2839
Eswatini,1952,44.0092
Eswatini,1951,43.7396
Eswatini,1950,43.4381
Ethiopia,2023,67.315
Ethiopia,2022,66.8971
Ethiopia,2021,65.3299
Ethiopia,2020,65.9688
Ethiopia,2019,65.7413
Ethiopia,2018,65.2573
Ethiopia,2017,64.7659
Ethiopia,2016,64.1624
Ethiopia,2015,63.592
Ethiopia,2014,62.9272
Ethiopia,2013,62.1613
Ethiopia,2012,61.4426
Ethiopia,2011,60.5947
Ethiopia,2010,59.7094
Ethiopia,2009,58.715
Ethiopia,2008,57.7325
Ethiopia,2007,56.5665
Ethiopia,2006,55.4017
Ethiopia,2005,54.364
Ethiopia,2004,53.7349
Ethiopia,2003,52.8773
Ethiopia,2002,52.0851
Ethiopia,2001,51.4276
Ethiopia,2000,50.8802
Ethiopia,1999,49.4857
Ethiopia,1998,49.7854
Ethiopia,1997,49.21
Ethiopia,1996,48.6974
Ethiopia,1995,48.1562
Ethiopia,1994,47.9256
Ethiopia,1993,47.6757
Ethiopia,1992,47.2788
Ethiopia,1991,46.6565
Ethiopia,1990,45.1166
Ethiopia,1989,45.6436
Ethiopia,1988,45.6822
Ethiopia,1987,45.8925
Ethiopia,1986,38.3711
Ethiopia,1985,37.7473
Ethiopia,1984,36.7374
Ethiopia,1983,36.3188
Ethiopia,1982,43.4335
Ethiopia,1981,43.0836
Ethiopia,1980,42.8154
Ethiopia,1979,42.3762
Ethiopia,1978,41.506
Ethiopia,1977,41.3966
Ethiopia,1976,41.32
Ethiopia,1975,38.9412
Ethiopia,1974,39.0827
Ethiopia,1973,41.1028
Ethiopia,1972,41.0345
Ethiopia,1971,42.2156
Ethiopia,1970,42.1149
Ethiopia,1969,42.1312
Ethiopia,1968,42.0922
Ethiopia,1967,41.9409
Ethiopia,1966,39.3431
Ethiopia,1965,41.413
Ethiopia,1964,41.2605
Ethiopia,1963,40.9667
Ethiopia,1962,40.5305
Ethiopia,1961,40.1978
Ethiopia,1960,39.6153
Ethiopia,1959,39.1684
Ethiopia,1958,32.6282
Ethiopia,1957,32.1733
Ethiopia,1956,37.7849
Ethiopia,1955,37.3196
Ethiopia,1954,36.957
Ethiopia,1953,36.5587
Ethiopia,1952,36.2224
Ethiopia,1951,35.8635
Ethiopia,1950,35.5116
Fiji,2023,67.3157
Fiji,2022,67.1481
Fiji,2021,64.9039
Fiji,2020,66.924
Fiji,2019,67.0088
Fiji,2018,66.9645
Fiji,2017,67.0596
Fiji,2016,66.657
Fiji,2015,66.4798
Fiji,2014,66.5808
Fiji,2013,66.5446
Fiji,2012,65.8121
Fiji,2011,66.8803
Fiji,2010,66.7782
Fiji,2009,66.3466
Fiji,2008,66.3199
Fiji,2007,66.1612
Fiji,2006,66.1258
Fiji,2005,65.9826
Fiji,2004,65.8405
Fiji,2003,65.6531
Fiji,2002,65.4923
Fiji,2001,66.2047
Fiji,2000,66.1937
Fiji,1999,66.728
Fiji,1998,66.5364
Fiji,1997,66.2927
Fiji,1996,66.2018
Fiji,1995,66.007
Fiji,1994,65.7958
Fiji,1993,65.5103
Fiji,1992,65.4074
Fiji,1991,65.4568
Fiji,1990,65.056
Fiji,1989,65.3856
Fiji,1988,64.9506
Fiji,1987,64.2778
Fiji,1986,63.9614
Fiji,1985,63.9982
Fiji,1984,63.2381
Fiji,1983,62.9156
Fiji,1982,62.1953
Fiji,1981,62.2552
Fiji,1980,62.4058
Fiji,1979,62.3053
Fiji,1978,63.0652
Fiji,1977,62.6912
Fiji,1976,62.0996
Fiji,1975,61.6888
Fiji,1974,61.1945
Fiji,1973,60.6493
Fiji,1972,61.6301
Fiji,1971,61.7396
Fiji,1970,61.6519
Fiji,1969,61.3974
Fiji,1968,61.7187
Fiji,1967,61.442
Fiji,1966,61.5654
Fiji,1965,61.4126
Fiji,1964,60.714
Fiji,1963,60.1554
Fiji,1962,59.6535
Fiji,1961,59.1019
Fiji,1960,58.6024
Fiji,1959,58.1586
Fiji,1958,57.8284
Fiji,1957,57.0686
Fiji,1956,56.1583
Fiji,1955,55.3057
Fiji,1954,54.214
Fiji,1953,53.3539
Fiji,1952,52.6019
Fiji,1951,52.2033
Fiji,1950,51.7077
Finland,2023,81.9102
Finland,2022,81.2435
Finland,2021,81.8137
Finland,2020,81.8219
Finland,2019,81.8643
Finland,2018,81.6265
Finland,2017,81.4967
Finland,2016,81.3029
Finland,2015,81.3775
Finland,2014,81.0546
Finland,2013,80.869
Finland,2012,80.5076
Finland,2011,80.3916
Finland,2010,80.0116
Finland,2009,79.831
Finland,2008,79.695
Finland,2007,79.3911
Finland,2006,79.373
Finland,2005,78.9711
Finland,2004,78.8458
Finland,2003,78.5334
Finland,2002,78.27
Finland,2001,78.1423
Finland,2000,77.6713
Finland,1999,77.4507
Finland,1998,77.2592
Finland,1997,77.0641
Finland,1996,76.8695
Finland,1995,76.6037
Finland,1994,76.5747
Finland,1993,75.8848
Finland,1992,75.6469
Finland,1991,75.4069
Finland,1990,74.9892
Finland,1989,74.9686
Finland,1988,74.7646
Finland,1987,74.7988
Finland,1986,74.7664
Finland,1985,74.4235
Finland,1984,74.7434
Finland,1983,74.4373
Finland,1982,74.5299
Finland,1981,73.9645
Finland,1980,73.6489
Finland,1979,73.36
Finland,1978,73.0803
Finland,1977,72.5135
Finland,1976,71.989
Finland,1975,71.8377
Finland,1974,71.2925
Finland,1973,71.3665
Finland,1972,70.8674
Finland,1971,70.1472
Finland,1970,70.3247
Finland,1969,69.6478
Finland,1968,69.7828
Finland,1967,69.8168
Finland,1966,69.6445
Finland,1965,69.1268
Finland,1964,69.379
Finland,1963,69.1788
Finland,1962,68.7416
Finland,1961,69.0109
Finland,1960,68.9929
Finland,1959,68.7949
Finland,1958,68.6142
Finland,1957,67.4515
Finland,1956,67.9853
Finland,1955,67.3411
Finland,1954,67.5469
Finland,1953,66.6003
Finland,1952,66.5243
Finland,1951,65.6347
Finland,1950,64.2011
France,2023,83.3253
France,2022,82.4753
France,2021,82.3216
France,2020,82.1993
France,2019,82.7304
France,2018,82.5682
France,2017,82.4385
France,2016,82.4008
France,2015,82.1487
France,2014,82.4366
France,2013,81.9786
France,2012,81.739
France,2011,81.781
France,2010,81.4047
France,2009,81.1635
France,2008,81.0392
France,2007,80.9602
France,2006,80.7449
France,2005,80.3367
France,2004,80.3363
France,2003,79.419
France,2002,79.4109
France,2001,79.2208
France,2000,79.0438
France,1999,78.7457
France,1998,78.5879
France,1997,78.4246
France,1996,78.0613
France,1995,77.8715
France,1994,77.7681
France,1993,77.3488
France,1992,77.2973
France,1991,77.0162
France,1990,76.8351
France,1989,76.5432
France,1988,76.398
France,1987,76.1465
France,1986,75.5776
France,1985,75.309
France,1984,75.2175
France,1983,74.7344
France,1982,74.7657
France,1981,74.3965
France,1980,74.2335
France,1979,74.125
France,1978,73.8445
France,1977,73.7282
France,1976,73.122
France,1975,72.9001
France,1974,72.8037
France,1973,72.4756
France,1972,72.3134
France,1971,72.0735
France,1970,72.0915
France,1969,71.2063
France,1968,71.4857
France,1967,71.4983
France,1966,71.5138
France,1965,71.1067
France,1964,71.2802
France,1963,70.3204
France,1962,70.4704
France,1961,70.9582
France,1960,70.3675
France,1959,70.1683
France,1958,70.1071
France,1957,68.8972
France,1956,68.4647
France,1955,68.4442
France,1954,68.1882
France,1953,67.3191
France,1952,67.3912
France,1951,66.0968
France,1950,66.3819
Gabon,2023,68.3367
Gabon,2022,67.713
Gabon,2021,67.0715
Gabon,2020,67.0725
Gabon,2019,67.3369
Gabon,2018,67.0426
Gabon,2017,66.8163
Gabon,2016,66.5832
Gabon,2015,66.3361
Gabon,2014,66.0698
Gabon,2013,65.7506
Gabon,2012,65.4384
Gabon,2011,65.1016
Gabon,2010,64.7148
Gabon,2009,64.3612
Gabon,2008,64.0109
Gabon,2007,63.6186
Gabon,2006,63.2589
Gabon,2005,62.978
Gabon,2004,62.6944
Gabon,2003,62.4627
Gabon,2002,62.1752
Gabon,2001,61.9818
Gabon,2000,61.8098
Gabon,1999,61.658
Gabon,1998,61.506
Gabon,1997,61.3955
Gabon,1996,61.2648
Gabon,1995,61.2696
Gabon,1994,61.183
Gabon,1993,61.1248
Gabon,1992,61.0134
Gabon,1991,60.8908
Gabon,1990,60.7355
Gabon,1989,60.5844
Gabon,1988,60.3978
Gabon,1987,60.1995
Gabon,1986,59.9564
Gabon,1985,59.6648
Gabon,1984,59.3396
Gabon,1983,58.9942
Gabon,1982,58.6438
Gabon,1981,58.3323
Gabon,1980,57.8926
Gabon,1979,57.438
Gabon,1978,56.9542
Gabon,1977,56.4674
Gabon,1976,55.97
Gabon,1975,55.4549
Gabon,1974,54.9106
Gabon,1973,54.3524
Gabon,1972,53.8109
Gabon,1971,53.2586
Gabon,1970,52.6973
Gabon,1969,52.127
Gabon,1968,51.5454
Gabon,1967,50.9284
Gabon,1966,50.3217
Gabon,1965,49.7096
Gabon,1964,48.9938
Gabon,1963,48.4248
Gabon,1962,47.7767
Gabon,1961,47.1152
Gabon,1960,46.4427
Gabon,1959,45.756
Gabon,1958,45.0635
Gabon,1957,44.3631
Gabon,1956,43.6547
Gabon,1955,42.946
Gabon,1954,42.1891
Gabon,1953,41.483
Gabon,1952,40.7373
Gabon,1951,39.9781
Gabon,1950,39.2682
Gambia,2023,65.8603
Gambia,2022,64.859
Gambia,2021,63.8475
Gambia,2020,64.4183
Gambia,2019,64.4275
Gambia,2018,64.0339
Gambia,2017,63.7076
Gambia,2016,63.3862
Gambia,2015,62.9713
Gambia,2014,62.5759
Gambia,2013,62.2525
Gambia,2012,61.9
Gambia,2011,61.5612
Gambia,2010,61.1675
Gambia,2009,60.7348
Gambia,2008,60.4734
Gambia,2007,60.0014
Gambia,2006,59.667
Gambia,2005,59.1098
Gambia,2004,58.7491
Gambia,2003,58.2232
Gambia,2002,57.7361
Gambia,2001,57.2832
Gambia,2000,56.8994
Gambia,1999,56.4657
Gambia,1998,56.0074
Gambia,1997,55.2254
Gambia,1996,54.8493
Gambia,1995,54.2923
Gambia,1994,53.7676
Gambia,1993,53.1503
Gambia,1992,52.4771
Gambia,1991,51.8574
Gambia,1990,51.2782
Gambia,1989,50.7249
Gambia,1988,50.1461
Gambia,1987,49.3917
Gambia,1986,48.798
Gambia,1985,48.1512
Gambia,1984,47.5128
Gambia,1983,46.892
Gambia,1982,46.2501
Gambia,1981,44.4894
Gambia,1980,44.9773
Gambia,1979,44.5174
Gambia,1978,43.5733
Gambia,1977,43.3658
Gambia,1976,42.8764
Gambia,1975,42.192
Gambia,1974,41.6759
Gambia,1973,41.0881
Gambia,1972,40.5487
Gambia,1971,40.0479
Gambia,1970,39.5325
Gambia,1969,39.0043
Gambia,1968,38.5333
Gambia,1967,38.0633
Gambia,1966,37.5585
Gambia,1965,37.1196
Gambia,1964,36.579
Gambia,1963,36.0864
Gambia,1962,35.5986
Gambia,1961,35.0632
Gambia,1960,34.5741
Gambia,1959,34.0854
Gambia,1958,33.6099
Gambia,1957,33.1152
Gambia,1956,32.7556
Gambia,1955,32.4107
Gambia,1954,32.1781
Gambia,1953,31.9172
Gambia,1952,31.7093
Gambia,1951,31.4513
Gambia,1950,31.1556
Georgia,2023,74.4965
Georgia,2022,74.1409
Georgia,2021,71.6353
Georgia,2020,73.5094
Georgia,2019,74.1649
Georgia,2018,73.9847
Georgia,2017,73.4347
Georgia,2016,73.1358
Georgia,2015,73.241
Georgia,2014,73.1051
Georgia,2013,73.0247
Georgia,2012,72.6721
Georgia,2011,72.4846
Georgia,2010,71.7318
Georgia,2009,71.0578
Georgia,2008,70.9494
Georgia,2007,70.9852
Georgia,2006,70.9829
Georgia,2005,70.6895
Georgia,2004,71.0115
Georgia,2003,71.3766
Georgia,2002,70.438
Georgia,2001,70.3705
Georgia,2000,70.0909
Georgia,1999,70.0116
Georgia,1998,69.7869
Georgia,1997,69.6832
Georgia,1996,70.637
Georgia,1995,69.3982
Georgia,1994,68.6692
Georgia,1993,67.4052
Georgia,1992,67.7801
Georgia,1991,68.2022
Georgia,1990,68.6787
Georgia,1989,68.6351
Georgia,1988,68.8245
Georgia,1987,69.2189
Georgia,1986,69.2247
Georgia,1985,69.0062
Georgia,1984,68.795
Georgia,1983,69.135
Georgia,1982,69.1093
Georgia,1981,68.741
Georgia,1980,68.2726
Georgia,1979,67.9425
Georgia,1978,67.5969
Georgia,1977,67.2462
Georgia,1976,66.894
Georgia,1975,66.5116
Georgia,1974,66.1798
Georgia,1973,65.8508
Georgia,1972,65.5156
Georgia,1971,65.1892
Georgia,1970,64.8687
Georgia,1969,64.5088
Georgia,1968,64.1393
Georgia,1967,63.7721
Georgia,1966,63.3969
Georgia,1965,63.0967
Georgia,1964,62.818
Georgia,1963,62.4572
Georgia,1962,62.078
Georgia,1961,61.7201
Georgia,1960,61.3472
Georgia,1959,60.9936
Georgia,1958,60.6024
Georgia,1957,60.2438
Georgia,1956,59.8504
Georgia,1955,59.4779
Georgia,1954,59.1236
Georgia,1953,58.7675
Georgia,1952,58.404
Georgia,1951,58.0493
Georgia,1950,57.7105
Germany,2023,81.3777
Germany,2022,80.5796
Germany,2021,81.1059
Germany,2020,81.0036
Germany,2019,81.1893
Germany,2018,80.8747
Germany,2017,80.9371
Germany,2016,80.8371
Germany,2015,80.5658
Germany,2014,80.9056
Germany,2013,80.454
Germany,2012,80.5017
Germany,2011,80.3549
Germany,2010,80.0814
Germany,2009,79.9151
Germany,2008,79.8161
Germany,2007,79.7306
Germany,2006,79.5862
Germany,2005,79.254
Germany,2004,79.1186
Germany,2003,78.5361
Germany,2002,78.4749
Germany,2001,78.4023
Germany,2000,78.0563
Germany,1999,77.7977
Germany,1998,77.5759
Germany,1997,77.2182
Germany,1996,76.7833
Germany,1995,76.5515
Germany,1994,76.3799
Germany,1993,76.0803
Germany,1992,76.0035
Germany,1991,75.5597
Germany,1990,75.3414
Germany,1989,75.467
Germany,1988,75.2806
Germany,1987,75.1073
Germany,1986,74.6953
Germany,1985,74.4919
Germany,1984,74.3796
Germany,1983,73.9176
Germany,1982,73.6277
Germany,1981,73.331
Germany,1980,73.0883
Germany,1979,72.9181
Germany,1978,72.5703
Germany,1977,72.5901
Germany,1976,71.9791
Germany,1975,71.5162
Germany,1974,71.6776
Germany,1973,71.362
Germany,1972,71.1482
Germany,1971,70.9119
Germany,1970,70.6782
Germany,1969,70.4581
Germany,1968,70.6078
Germany,1967,70.9581
Germany,1966,70.7413
Germany,1965,70.6251
Germany,1964,70.6493
Germany,1963,70.1167
Germany,1962,69.9991
Germany,1961,69.837
Germany,1960,69.2509
Germany,1959,69.3345
Germany,1958,69.2328
Germany,1957,68.4992
Germany,1956,68.5853
Germany,1955,68.3412
Germany,1954,68.0585
Germany,1953,67.7647
Germany,1952,67.4591
Germany,1951,67.1418
Germany,1950,66.8112
Ghana,2023,65.4979
Ghana,2022,65.246
Ghana,2021,64.2862
Ghana,2020,64.3089
Ghana,2019,64.4554
Ghana,2018,64.1382
Ghana,2017,63.829
Ghana,2016,63.5216
Ghana,2015,63.1749
Ghana,2014,62.8321
Ghana,2013,62.3969
Ghana,2012,61.9954
Ghana,2011,61.6169
Ghana,2010,61.2974
Ghana,2009,60.9278
Ghana,2008,60.5785
Ghana,2007,60.2822
Ghana,2006,59.9753
Ghana,2005,59.6381
Ghana,2004,59.3159
Ghana,2003,59.0141
Ghana,2002,58.7086
Ghana,2001,58.403
Ghana,2000,58.1392
Ghana,1999,57.8354
Ghana,1998,57.5245
Ghana,1997,57.2414
Ghana,1996,56.9568
Ghana,1995,56.662
Ghana,1994,56.2339
Ghana,1993,56.2862
Ghana,1992,56.0554
Ghana,1991,55.722
Ghana,1990,55.3949
Ghana,1989,54.9364
Ghana,1988,54.3957
Ghana,1987,53.8179
Ghana,1986,53.2758
Ghana,1985,52.732
Ghana,1984,52.2322
Ghana,1983,51.7799
Ghana,1982,51.425
Ghana,1981,51.3127
Ghana,1980,51.0594
Ghana,1979,50.7869
Ghana,1978,50.4607
Ghana,1977,50.079
Ghana,1976,49.7323
Ghana,1975,49.3226
Ghana,1974,48.9182
Ghana,1973,48.5772
Ghana,1972,48.2737
Ghana,1971,47.9487
Ghana,1970,47.8884
Ghana,1969,47.8953
Ghana,1968,47.7583
Ghana,1967,47.7342
Ghana,1966,47.7082
Ghana,1965,47.6889
Ghana,1964,47.6371
Ghana,1963,47.4758
Ghana,1962,47.3353
Ghana,1961,47.1275
Ghana,1960,46.9416
Ghana,1959,46.7095
Ghana,1958,46.4025
Ghana,1957,46.1308
Ghana,1956,45.7477
Ghana,1955,45.3727
Ghana,1954,44.987
Ghana,1953,44.5057
Ghana,1952,44.0368
Ghana,1951,43.594
Ghana,1950,43.0716
Greece,2023,81.8568
Greece,2022,79.9441
Greece,2021,80.5312
Greece,2020,81.5361
Greece,2019,81.3487
Greece,2018,81.4954
Greece,2017,80.9614
Greece,2016,81.2692
Greece,2015,80.7894
Greece,2014,81.1203
Greece,2013,81.067
Greece,2012,80.4221
Greece,2011,80.6248
Greece,2010,80.5727
Greece,2009,80.3677
Greece,2008,80.1047
Greece,2007,79.6615
Greece,2006,79.7605
Greece,2005,79.6505
Greece,2004,79.3503
Greece,2003,79.0848
Greece,2002,79.0305
Greece,2001,78.9087
Greece,2000,78.442
Greece,1999,78.4233
Greece,1998,78.3027
Greece,1997,78.3991
Greece,1996,78.0364
Greece,1995,77.893
Greece,1994,77.8579
Greece,1993,77.691
Greece,1992,77.3061
Greece,1991,77.386
Greece,1990,77.2986
Greece,1989,77.1329
Greece,1988,77.0015
Greece,1987,76.1047
Greece,1986,76.5361
Greece,1985,76.14
Greece,1984,75.7849
Greece,1983,75.4972
Greece,1982,75.2082
Greece,1981,74.9087
Greece,1980,74.4811
Greece,1979,74.6714
Greece,1978,74.4411
Greece,1977,73.7515
Greece,1976,73.7477
Greece,1975,73.4734
Greece,1974,73.4724
Greece,1973,72.9757
Greece,1972,72.7238
Greece,1971,72.939
Greece,1970,72.7479
Greece,1969,72.0603
Greece,1968,71.4658
Greece,1967,71.3891
Greece,1966,71.8588
Greece,1965,71.4608
Greece,1964,70.5313
Greece,1963,70.6473
Greece,1962,70.3143
Greece,1961,70.3855
Greece,1960,70.5236
Greece,1959,69.5782
Greece,1958,69.7066
Greece,1957,68.3968
Greece,1956,68.1218
Greece,1955,68.5927
Greece,1954,68.0463
Greece,1953,67.4679
Greece,1952,67.3232
Greece,1951,66.7349
Greece,1950,66.213
Grenada,2023,75.2052
Grenada,2022,75.1508
Grenada,2021,74.5221
Grenada,2020,75.019
Grenada,2019,74.9711
Grenada,2018,74.9569
Grenada,2017,74.9766
Grenada,2016,75.0099
Grenada,2015,75.0375
Grenada,2014,75.0449
Grenada,2013,75.0221
Grenada,2012,74.9607
Grenada,2011,74.8608
Grenada,2010,74.7308
Grenada,2009,74.567
Grenada,2008,74.3745
Grenada,2007,74.1588
Grenada,2006,73.9302
Grenada,2005,73.7003
Grenada,2004,72.4468
Grenada,2003,73.2907
Grenada,2002,73.1424
Grenada,2001,73.0336
Grenada,2000,72.9547
Grenada,1999,72.8725
Grenada,1998,72.7622
Grenada,1997,72.6004
Grenada,1996,72.373
Grenada,1995,72.0936
Grenada,1994,71.78
Grenada,1993,71.45
Grenada,1992,71.1249
Grenada,1991,70.8233
Grenada,1990,70.5464
Grenada,1989,70.2889
Grenada,1988,70.0449
Grenada,1987,69.8084
Grenada,1986,69.5741
Grenada,1985,69.3378
Grenada,1984,69.0947
Grenada,1983,64.3326
Grenada,1982,68.5968
Grenada,1981,68.3481
Grenada,1980,68.1169
Grenada,1979,67.9413
Grenada,1978,67.8563
Grenada,1977,67.8688
Grenada,1976,67.9487
Grenada,1975,68.0044
Grenada,1974,67.8842
Grenada,1973,67.5572
Grenada,1972,67.1506
Grenada,1971,66.8735
Grenada,1970,66.856
Grenada,1969,66.9747
Grenada,1968,66.9117
Grenada,1967,66.4597
Grenada,1966,65.6488
Grenada,1965,64.7804
Grenada,1964,64.1986
Grenada,1963,63.7829
Grenada,1962,63.752
Grenada,1961,63.5528
Grenada,1960,63.1436
Grenada,1959,62.4154
Grenada,1958,61.4231
Grenada,1957,60.2626
Grenada,1956,59.0204
Grenada,1955,57.7942
Grenada,1954,56.6966
Grenada,1953,55.731
Grenada,1952,54.8063
Grenada,1951,53.8309
Grenada,1950,52.7215
Guatemala,2023,72.6023
Guatemala,2022,71.2064
Guatemala,2021,67.8582
Guatemala,2020,69.9707
Guatemala,2019,71.6394
Guatemala,2018,71.4964
Guatemala,2017,71.5829
Guatemala,2016,71.215
Guatemala,2015,70.9148
Guatemala,2014,70.9424
Guatemala,2013,70.878
Guatemala,2012,70.7225
Guatemala,2011,70.3214
Guatemala,2010,69.885
Guatemala,2009,69.6764
Guatemala,2008,69.4929
Guatemala,2007,69.2993
Guatemala,2006,68.7902
Guatemala,2005,68.167
Guatemala,2004,68.2448
Guatemala,2003,68.2041
Guatemala,2002,67.8345
Guatemala,2001,67.4365
Guatemala,2000,67.1018
Guatemala,1999,66.6342
Guatemala,1998,65.9688
Guatemala,1997,65.2489
Guatemala,1996,64.5396
Guatemala,1995,63.6619
Guatemala,1994,63.0264
Guatemala,1993,62.4421
Guatemala,1992,61.9922
Guatemala,1991,61.9256
Guatemala,1990,61.7673
Guatemala,1989,61.7454
Guatemala,1988,61.5379
Guatemala,1987,60.9913
Guatemala,1986,60.3412
Guatemala,1985,59.7884
Guatemala,1984,59.0735
Guatemala,1983,57.9127
Guatemala,1982,48.8627
Guatemala,1981,54.7095
Guatemala,1980,55.2968
Guatemala,1979,56.5996
Guatemala,1978,56.4117
Guatemala,1977,55.1845
Guatemala,1976,47.6172
Guatemala,1975,52.8323
Guatemala,1974,53.023
Guatemala,1973,52.8481
Guatemala,1972,51.8172
Guatemala,1971,50.2762
Guatemala,1970,48.5065
Guatemala,1969,47.5207
Guatemala,1968,47.7575
Guatemala,1967,47.7273
Guatemala,1966,47.5114
Guatemala,1965,47.1855
Guatemala,1964,47.0552
Guatemala,1963,46.6218
Guatemala,1962,46.4917
Guatemala,1961,46.1201
Guatemala,1960,45.7598
Guatemala,1959,44.3313
Guatemala,1958,43.1375
Guatemala,1957,41.9162
Guatemala,1956,41.2911
Guatemala,1955,40.6828
Guatemala,1954,40.0651
Guatemala,1953,39.499
Guatemala,1952,38.9168
Guatemala,1951,38.344
Guatemala,1950,37.7986
Guinea,2023,60.7405
Guinea,2022,60.4316
Guinea,2021,59.3728
Guinea,2020,59.3499
Guinea,2019,59.3785
Guinea,2018,59.0434
Guinea,2017,58.7151
Guinea,2016,58.49
Guinea,2015,57.8986
Guinea,2014,57.5815
Guinea,2013,57.4588
Guinea,2012,57.1169
Guinea,2011,56.7776
Guinea,2010,56.4305
Guinea,2009,56.052
Guinea,2008,55.7034
Guinea,2007,55.2331
Guinea,2006,54.8753
Guinea,2005,54.4217
Guinea,2004,53.9748
Guinea,2003,53.5891
Guinea,2002,53.2002
Guinea,2001,52.669
Guinea,2000,52.4197
Guinea,1999,51.9871
Guinea,1998,51.6099
Guinea,1997,51.1134
Guinea,1996,50.5458
Guinea,1995,49.8359
Guinea,1994,49.1884
Guinea,1993,48.8185
Guinea,1992,48.2662
Guinea,1991,47.7813
Guinea,1990,47.2518
Guinea,1989,46.8596
Guinea,1988,46.478
Guinea,1987,46.1073
Guinea,1986,45.7195
Guinea,1985,45.3102
Guinea,1984,44.8577
Guinea,1983,44.2261
Guinea,1982,43.8629
Guinea,1981,43.3301
Guinea,1980,42.8415
Guinea,1979,42.3433
Guinea,1978,41.8824
Guinea,1977,41.4091
Guinea,1976,41.0276
Guinea,1975,40.6065
Guinea,1974,40.2287
Guinea,1973,39.9373
Guinea,1972,39.6826
Guinea,1971,39.3716
Guinea,1970,39.0603
Guinea,1969,38.8235
Guinea,1968,38.5006
Guinea,1967,38.2235
Guinea,1966,37.9593
Guinea,1965,37.6534
Guinea,1964,37.415
Guinea,1963,37.1964
Guinea,1962,36.9973
Guinea,1961,36.8157
Guinea,1960,36.6231
Guinea,1959,36.4682
Guinea,1958,36.3645
Guinea,1957,36.2288
Guinea,1956,36.0556
Guinea,1955,35.9585
Guinea,1954,35.857
Guinea,1953,35.8013
Guinea,1952,35.7263
Guinea,1951,35.6471
Guinea,1950,35.5857
Guinea-Bissau,2023,64.0849
Guinea-Bissau,2022,63.6045
Guinea-Bissau,2021,61.6528
Guinea-Bissau,2020,61.343
Guinea-Bissau,2019,62.1612
Guinea-Bissau,2018,61.6516
Guinea-Bissau,2017,61.1484
Guinea-Bissau,2016,60.6187
Guinea-Bissau,2015,60.0708
Guinea-Bissau,2014,59.476
Guinea-Bissau,2013,58.8789
Guinea-Bissau,2012,58.27
Guinea-Bissau,2011,57.6626
Guinea-Bissau,2010,56.9992
Guinea-Bissau,2009,56.2974
Guinea-Bissau,2008,55.3
Guinea-Bissau,2007,54.8705
Guinea-Bissau,2006,54.0885
Guinea-Bissau,2005,52.9489
Guinea-Bissau,2004,52.7998
Guinea-Bissau,2003,52.186
Guinea-Bissau,2002,51.6083
Guinea-Bissau,2001,51.0536
Guinea-Bissau,2000,50.5646
Guinea-Bissau,1999,48.4919
Guinea-Bissau,1998,48.1231
Guinea-Bissau,1997,48.0331
Guinea-Bissau,1996,48.7718
Guinea-Bissau,1995,48.5313
Guinea-Bissau,1994,47.7747
Guinea-Bissau,1993,47.8404
Guinea-Bissau,1992,47.5184
Guinea-Bissau,1991,47.2012
Guinea-Bissau,1990,46.8904
Guinea-Bissau,1989,46.6142
Guinea-Bissau,1988,46.2791
Guinea-Bissau,1987,45.8441
Guinea-Bissau,1986,45.523
Guinea-Bissau,1985,45.2656
Guinea-Bissau,1984,44.9432
Guinea-Bissau,1983,44.6004
Guinea-Bissau,1982,44.2928
Guinea-Bissau,1981,43.9257
Guinea-Bissau,1980,43.5703
Guinea-Bissau,1979,43.2385
Guinea-Bissau,1978,42.9084
Guinea-Bissau,1977,42.5783
Guinea-Bissau,1976,42.2529
Guinea-Bissau,1975,41.9339
Guinea-Bissau,1974,41.6131
Guinea-Bissau,1973,38.17
Guinea-Bissau,1972,37.8196
Guinea-Bissau,1971,37.5382
Guinea-Bissau,1970,37.2582
Guinea-Bissau,1969,36.9587
Guinea-Bissau,1968,36.6716
Guinea-Bissau,1967,36.3436
Guinea-Bissau,1966,36.0829
Guinea-Bissau,1965,35.9199
Guinea-Bissau,1964,35.807
Guinea-Bissau,1963,35.6436
Guinea-Bissau,1962,38.0318
Guinea-Bissau,1961,37.7882
Guinea-Bissau,1960,37.5544
Guinea-Bissau,1959,37.3443
Guinea-Bissau,1958,37.1437
Guinea-Bissau,1957,36.9648
Guinea-Bissau,1956,36.7776
Guinea-Bissau,1955,36.603
Guinea-Bissau,1954,36.4335
Guinea-Bissau,1953,36.2602
Guinea-Bissau,1952,36.0867
Guinea-Bissau,1951,35.9123
Guinea-Bissau,1950,35.736
Guyana,2023,70.1802
Guyana,2022,69.8885
Guyana,2021,64.3228
Guyana,2020,67.751
Guyana,2019,69.0673
Guyana,2018,68.8288
Guyana,2017,68.5431
Guyana,2016,68.0685
Guyana,2015,67.7193
Guyana,2014,67.3343
Guyana,2013,66.7099
Guyana,2012,66.4433
Guyana,2011,66.4688
Guyana,2010,66.2043
Guyana,2009,66.0297
Guyana,2008,65.7211
Guyana,2007,65.4617
Guyana,2006,64.848
Guyana,2005,64.392
Guyana,2004,64.2138
Guyana,2003,64.1173
Guyana,2002,64.1832
Guyana,2001,64.3804
Guyana,2000,64.0748
Guyana,1999,63.7715
Guyana,1998,63.4292
Guyana,1997,62.8794
Guyana,1996,62.6909
Guyana,1995,62.668
Guyana,1994,63.0066
Guyana,1993,63.0161
Guyana,1992,62.816
Guyana,1991,62.4632
Guyana,1990,62.2538
Guyana,1989,62.0537
Guyana,1988,61.8493
Guyana,1987,61.6983
Guyana,1986,61.5214
Guyana,1985,61.3791
Guyana,1984,61.2548
Guyana,1983,61.1565
Guyana,1982,61.0099
Guyana,1981,60.9105
Guyana,1980,60.8079
Guyana,1979,60.7349
Guyana,1978,60.6458
Guyana,1977,60.5582
Guyana,1976,60.4485
Guyana,1975,60.3749
Guyana,1974,60.3049
Guyana,1973,60.2105
Guyana,1972,60.1332
Guyana,1971,60.0683
Guyana,1970,59.9608
Guyana,1969,59.8349
Guyana,1968,59.6896
Guyana,1967,59.5297
Guyana,1966,59.3292
Guyana,1965,59.1372
Guyana,1964,58.958
Guyana,1963,58.644
Guyana,1962,58.3031
Guyana,1961,57.9119
Guyana,1960,57.5097
Guyana,1959,57.0058
Guyana,1958,56.4492
Guyana,1957,56.0975
Guyana,1956,55.1559
Guyana,1955,54.1193
Guyana,1954,53.3208
Guyana,1953,52.3659
Guyana,1952,51.2855
Guyana,1951,50.2329
Guyana,1950,49.208
Haiti,2023,64.9356
Haiti,2022,63.9483
Haiti,2021,62.613
Haiti,2020,63.773
Haiti,2019,64.3281
Haiti,2018,64.0766
Haiti,2017,63.8323
Haiti,2016,63.3247
Haiti,2015,63.2239
Haiti,2014,62.9689
Haiti,2013,62.6245
Haiti,2012,62.2735
Haiti,2011,61.5812
Haiti,2010,45.5768
Haiti,2009,61.6945
Haiti,2008,61.2801
Haiti,2007,61.0902
Haiti,2006,60.7404
Haiti,2005,60.3182
Haiti,2004,58.5165
Haiti,2003,59.4398
Haiti,2002,59.0411
Haiti,2001,58.5914
Haiti,2000,58.1749
Haiti,1999,57.6923
Haiti,1998,57.1373
Haiti,1997,56.6749
Haiti,1996,56.1112
Haiti,1995,55.5816
Haiti,1994,54.7312
Haiti,1993,54.4779
Haiti,1992,54.0414
Haiti,1991,53.5241
Haiti,1990,53.2154
Haiti,1989,52.8802
Haiti,1988,52.5537
Haiti,1987,52.2452
Haiti,1986,51.8739
Haiti,1985,51.5832
Haiti,1984,51.2537
Haiti,1983,50.9461
Haiti,1982,50.6257
Haiti,1981,50.3097
Haiti,1980,49.9714
Haiti,1979,49.7492
Haiti,1978,49.4839
Haiti,1977,49.2258
Haiti,1976,48.9719
Haiti,1975,48.7201
Haiti,1974,48.4583
Haiti,1973,48.1944
Haiti,1972,47.8842
Haiti,1971,47.6187
Haiti,1970,47.2647
Haiti,1969,46.9025
Haiti,1968,46.5217
Haiti,1967,46.1354
Haiti,1966,45.5651
Haiti,1965,45.3714
Haiti,1964,44.9281
Haiti,1963,42.724
Haiti,1962,44.1962
Haiti,1961,43.8248
Haiti,1960,43.44
Haiti,1959,43.0225
Haiti,1958,42.6207
Haiti,1957,42.1465
Haiti,1956,41.5987
Haiti,1955,40.9503
Haiti,1954,40.0517
Haiti,1953,39.5265
Haiti,1952,38.7781
Haiti,1951,38.0817
Haiti,1950,37.2445
Honduras,2023,72.8842
Honduras,2022,72.7151
Honduras,2021,69.4924
Honduras,2020,70.864
Honduras,2019,72.1238
Honduras,2018,72.0005
Honduras,2017,71.8046
Honduras,2016,71.6152
Honduras,2015,71.323
Honduras,2014,71.0316
Honduras,2013,70.7648
Honduras,2012,70.4605
Honduras,2011,70.116
Honduras,2010,69.7697
Honduras,2009,69.8234
Honduras,2008,69.6572
Honduras,2007,69.5388
Honduras,2006,69.3641
Honduras,2005,69.1982
Honduras,2004,69.0498
Honduras,2003,68.8741
Honduras,2002,68.7141
Honduras,2001,68.4906
Honduras,2000,68.3018
Honduras,1999,68.0049
Honduras,1998,62.4316
Honduras,1997,67.5418
Honduras,1996,67.2627
Honduras,1995,66.919
Honduras,1994,66.5234
Honduras,1993,66.0744
Honduras,1992,65.9078
Honduras,1991,65.5842
Honduras,1990,65.1825
Honduras,1989,64.7816
Honduras,1988,64.3928
Honduras,1987,64.0659
Honduras,1986,63.6509
Honduras,1985,63.2229
Honduras,1984,62.8191
Honduras,1983,62.4079
Honduras,1982,61.6879
Honduras,1981,61.033
Honduras,1980,60.3876
Honduras,1979,59.8287
Honduras,1978,59.2481
Honduras,1977,58.7044
Honduras,1976,58.1514
Honduras,1975,57.5234
Honduras,1974,52.5188
Honduras,1973,54.5647
Honduras,1972,55.6886
Honduras,1971,55.0121
Honduras,1970,54.3603
Honduras,1969,53.7123
Honduras,1968,53.0415
Honduras,1967,52.3313
Honduras,1966,51.588
Honduras,1965,50.8627
Honduras,1964,50.1975
Honduras,1963,49.3847
Honduras,1962,48.647
Honduras,1961,47.71
Honduras,1960,47.1491
Honduras,1959,46.3792
Honduras,1958,45.6269
Honduras,1957,44.9322
Honduras,1956,44.2472
Honduras,1955,43.6711
Honduras,1954,43.0377
Honduras,1953,42.529
Honduras,1952,42.0228
Honduras,1951,41.59
Honduras,1950,41.0494
Hungary,2023,77.024
Hungary,2022,76.2118
Hungary,2021,74.1851
Hungary,2020,75.7302
Hungary,2019,76.4546
Hungary,2018,76.2049
Hungary,2017,76.007
Hungary,2016,76.1569
Hungary,2015,75.6536
Hungary,2014,75.8493
Hungary,2013,75.6827
Hungary,2012,75.1826
Hungary,2011,74.9226
Hungary,2010,74.5189
Hungary,2009,74.179
Hungary,2008,73.9571
Hungary,2007,73.4314
Hungary,2006,73.3441
Hungary,2005,72.8649
Hungary,2004,72.906
Hungary,2003,72.5135
Hungary,2002,72.5072
Hungary,2001,72.3944
Hungary,2000,71.7581
Hungary,1999,71.0402
Hungary,1998,70.9186
Hungary,1997,71.0034
Hungary,1996,70.5972
Hungary,1995,69.9689
Hungary,1994,69.6042
Hungary,1993,69.1803
Hungary,1992,69.1672
Hungary,1991,69.4409
Hungary,1990,69.3718
Hungary,1989,69.3945
Hungary,1988,69.9424
Hungary,1987,69.564
Hungary,1986,69.1132
Hungary,1985,68.9019
Hungary,1984,68.9647
Hungary,1983,68.9291
Hungary,1982,69.3529
Hungary,1981,69.1506
Hungary,1980,69.0886
Hungary,1979,69.6697
Hungary,1978,69.4699
Hungary,1977,69.9352
Hungary,1976,69.6571
Hungary,1975,69.4222
Hungary,1974,69.273
Hungary,1973,69.599
Hungary,1972,69.7199
Hungary,1971,69.0791
Hungary,1970,69.2187
Hungary,1969,69.3797
Hungary,1968,69.3445
Hungary,1967,69.4627
Hungary,1966,69.8965
Hungary,1965,69.1487
Hungary,1964,69.4676
Hungary,1963,68.9436
Hungary,1962,67.9409
Hungary,1961,69.0169
Hungary,1960,68.0871
Hungary,1959,67.3261
Hungary,1958,67.4366
Hungary,1957,66.3468
Hungary,1956,66.0009
Hungary,1955,66.8977
Hungary,1954,65.4296
Hungary,1953,63.8508
Hungary,1952,63.9297
Hungary,1951,62.4732
Hungary,1950,62.1384
Iceland,2023,82.6911
Iceland,2022,81.5877
Iceland,2021,82.8433
Iceland,2020,82.7113
Iceland,2019,82.8474
Iceland,2018,82.4526
Iceland,2017,82.241
Iceland,2016,81.8286
Iceland,2015,82.1638
Iceland,2014,82.4298
Iceland,2013,81.7425
Iceland,2012,82.3459
Iceland,2011,81.9725
Iceland,2010,81.5939
Iceland,2009,81.4174
Iceland,2008,81.244
Iceland,2007,81.093
Iceland,2006,80.9375
Iceland,2005,81.1691
Iceland,2004,80.7209
Iceland,2003,80.7678
Iceland,2002,80.2778
Iceland,2001,80.4209
Iceland,2000,79.5485
Iceland,1999,79.2363
Iceland,1998,79.3963
Iceland,1997,78.6723
Iceland,1996,78.6456
Iceland,1995,77.5426
Iceland,1994,79.0221
Iceland,1993,78.8093
Iceland,1992,78.5865
Iceland,1991,77.7575
Iceland,1990,77.7406
Iceland,1989,77.9323
Iceland,1988,76.8934
Iceland,1987,77.0507
Iceland,1986,77.8702
Iceland,1985,77.3897
Iceland,1984,77.2951
Iceland,1983,76.4252
Iceland,1982,76.7987
Iceland,1981,76.192
Iceland,1980,76.5969
Iceland,1979,76.5347
Iceland,1978,76.3776
Iceland,1977,76.0791
Iceland,1976,76.6333
Iceland,1975,75.2687
Iceland,1974,74.1253
Iceland,1973,74.2769
Iceland,1972,74.3954
Iceland,1971,73.4918
Iceland,1970,73.7797
Iceland,1969,73.6572
Iceland,1968,73.8982
Iceland,1967,73.6911
Iceland,1966,73.1407
Iceland,1965,73.7964
Iceland,1964,73.5252
Iceland,1963,72.9425
Iceland,1962,73.6111
Iceland,1961,73.3901
Iceland,1960,74.0493
Iceland,1959,72.624
Iceland,1958,73.3493
Iceland,1957,73.3896
Iceland,1956,72.9015
Iceland,1955,73.2763
Iceland,1954,73.336
Iceland,1953,72.2826
Iceland,1952,72.4098
Iceland,1951,71.005
Iceland,1950,71.0302
India,2023,72.0026
India,2022,71.6984
India,2021,67.2823
India,2020,70.1563
India,2019,70.7463
India,2018,70.4152
India,2017,70.0676
India,2016,69.7091
India,2015,69.326
India,2014,68.9323
India,2013,68.499
India,2012,68.0763
India,2011,67.6228
India,2010,67.1616
India,2009,66.7001
India,2008,66.2471
India,2007,65.8034
India,2006,65.3726
India,2005,64.9385
India,2004,64.4843
India,2003,64.0862
India,2002,63.6486
India,2001,63.1581
India,2000,62.7492
India,1999,62.2837
India,1998,61.8525
India,1997,61.4393
India,1996,61.0269
India,1995,60.6295
India,1994,60.2372
India,1993,59.823
India,1992,59.445
India,1991,59.0324
India,1990,58.6184
India,1989,58.1959
India,1988,57.7443
India,1987,57.2908
India,1986,56.8193
India,1985,56.3239
India,1984,55.8125
India,1983,55.2829
India,1982,54.7354
India,1981,54.1726
India,1980,53.5928
India,1979,53.0143
India,1978,52.4204
India,1977,51.8221
India,1976,51.3019
India,1975,50.7615
India,1974,50.2589
India,1973,49.6418
India,1972,49.2126
India,1971,48.9023
India,1970,48.5852
India,1969,48.2601
India,1968,47.9249
India,1967,46.1835
India,1966,45.8839
India,1965,45.5579
India,1964,46.7418
India,1963,46.4581
India,1962,46.1335
India,1961,45.8244
India,1960,45.6104
India,1959,45.2602
India,1958,44.7776
India,1957,44.4145
India,1956,44.133
India,1955,43.7399
India,1954,43.2483
India,1953,42.3863
India,1952,42.0866
India,1951,41.5954
India,1950,41.1815
Indonesia,2023,71.1457
Indonesia,2022,70.9246
Indonesia,2021,67.4516
Indonesia,2020,68.8173
Indonesia,2019,70.3491
Indonesia,2018,70.0797
Indonesia,2017,69.9533
Indonesia,2016,69.7333
Indonesia,2015,69.5196
Indonesia,2014,69.292
Indonesia,2013,69.0635
Indonesia,2012,68.8617
Indonesia,2011,68.629
Indonesia,2010,68.3642
Indonesia,2009,68.2674
Indonesia,2008,68.0846
Indonesia,2007,67.9141
Indonesia,2006,67.6636
Indonesia,2005,67.5308
Indonesia,2004,65.5208
Indonesia,2003,67.134
Indonesia,2002,66.9535
Indonesia,2001,66.5826
Indonesia,2000,66.2919
Indonesia,1999,66.0015
Indonesia,1998,65.9416
Indonesia,1997,65.7737
Indonesia,1996,65.4648
Indonesia,1995,65.2633
Indonesia,1994,65.0413
Indonesia,1993,64.8509
Indonesia,1992,64.1821
Indonesia,1991,63.7031
Indonesia,1990,63.2486
Indonesia,1989,62.8827
Indonesia,1988,62.3861
Indonesia,1987,62.0868
Indonesia,1986,61.7355
Indonesia,1985,61.3867
Indonesia,1984,60.8914
Indonesia,1983,60.3428
Indonesia,1982,59.6997
Indonesia,1981,59.0961
Indonesia,1980,58.7009
Indonesia,1979,58.1798
Indonesia,1978,57.6068
Indonesia,1977,57.0899
Indonesia,1976,56.445
Indonesia,1975,55.9984
Indonesia,1974,55.4431
Indonesia,1973,54.9155
Indonesia,1972,54.3644
Indonesia,1971,53.8233
Indonesia,1970,53.2543
Indonesia,1969,52.5877
Indonesia,1968,51.8882
Indonesia,1967,51.3087
Indonesia,1966,48.4063
Indonesia,1965,42.7619
Indonesia,1964,49.4397
Indonesia,1963,48.7415
Indonesia,1962,48.1412
Indonesia,1961,47.3853
Indonesia,1960,46.8349
Indonesia,1959,46.1998
Indonesia,1958,45.418
Indonesia,1957,44.9915
Indonesia,1956,44.3037
Indonesia,1955,43.5915
Indonesia,1954,42.9093
Indonesia,1953,42.2083
Indonesia,1952,41.5387
Indonesia,1951,40.8337
Indonesia,1950,40.2067
Iran,2023,77.6545
Iran,2022,76.7993
Iran,2021,73.7521
Iran,2020,74.1406
Iran,2019,76.8549
Iran,2018,76.6205
Iran,2017,76.3963
Iran,2016,76.1551
Iran,2015,75.9073
Iran,2014,75.6352
Iran,2013,75.3486
Iran,2012,75.039
Iran,2011,74.7207
Iran,2010,74.3896
Iran,2009,74.0412
Iran,2008,73.6835
Iran,2007,73.2992
Iran,2006,72.8953
Iran,2005,72.4463
Iran,2004,72.0401
Iran,2003,70.4642
Iran,2002,71.1118
Iran,2001,70.6188
Iran,2000,70.1665
Iran,1999,69.6858
Iran,1998,69.2136
Iran,1997,68.649
Iran,1996,68.328
Iran,1995,67.9036
Iran,1994,67.4901
Iran,1993,67.0373
Iran,1992,66.6528
Iran,1991,66.2325
Iran,1990,64.0656
Iran,1989,65.3138
Iran,1988,63.2552
Iran,1987,62.6848
Iran,1986,62.1363
Iran,1985,61.5366
Iran,1984,60.875
Iran,1983,58.5184
Iran,1982,57.6331
Iran,1981,56.6253
Iran,1980,58.3689
Iran,1979,58.4528
Iran,1978,56.0416
Iran,1977,56.6598
Iran,1976,55.771
Iran,1975,54.8194
Iran,1974,53.862
Iran,1973,52.9438
Iran,1972,51.7293
Iran,1971,51.1197
Iran,1970,50.2223
Iran,1969,49.3819
Iran,1968,47.9464
Iran,1967,47.8033
Iran,1966,47.0725
Iran,1965,46.3723
Iran,1964,45.7351
Iran,1963,45.1051
Iran,1962,43.7687
Iran,1961,43.9003
Iran,1960,43.2965
Iran,1959,42.7614
Iran,1958,42.1962
Iran,1957,41.309
Iran,1956,41.0547
Iran,1955,40.6234
Iran,1954,39.9956
Iran,1953,39.5111
Iran,1952,39.1504
Iran,1951,38.6607
Iran,1950,38.1932
Iraq,2023,72.3242
Iraq,2022,72.0371
Iraq,2021,70.7036
Iraq,2020,69.6506
Iraq,2019,71.2452
Iraq,2018,71.1162
Iraq,2017,69.7878
Iraq,2016,68.6834
Iraq,2015,69.9771
Iraq,2014,69.679
Iraq,2013,69.0469
Iraq,2012,68.8267
Iraq,2011,68.4351
Iraq,2010,68.0924
Iraq,2009,67.8337
Iraq,2008,66.465
Iraq,2007,64.4278
Iraq,2006,64.0288
Iraq,2005,64.8989
Iraq,2004,64.6342
Iraq,2003,64.8339
Iraq,2002,65.724
Iraq,2001,65.292
Iraq,2000,64.8603
Iraq,1999,64.5316
Iraq,1998,64.4049
Iraq,1997,64.2412
Iraq,1996,64.6178
Iraq,1995,64.7614
Iraq,1994,65.0269
Iraq,1993,65.3097
Iraq,1992,65.3436
Iraq,1991,61.3381
Iraq,1990,57.5872
Iraq,1989,57.501
Iraq,1988,56.6922
Iraq,1987,60.2587
Iraq,1986,60.0314
Iraq,1985,59.7998
Iraq,1984,59.5437
Iraq,1983,59.2869
Iraq,1982,58.9768
Iraq,1981,58.6521
Iraq,1980,60.9159
Iraq,1979,64.4166
Iraq,1978,64.1747
Iraq,1977,63.8958
Iraq,1976,63.5689
Iraq,1975,61.4345
Iraq,1974,60.9951
Iraq,1973,62.3443
Iraq,1972,61.8158
Iraq,1971,61.3334
Iraq,1970,60.5323
Iraq,1969,59.64
Iraq,1968,58.9694
Iraq,1967,58.4221
Iraq,1966,57.3211
Iraq,1965,56.3872
Iraq,1964,55.2447
Iraq,1963,54.3604
Iraq,1962,53.4819
Iraq,1961,52.3388
Iraq,1960,51.4616
Iraq,1959,49.7195
Iraq,1958,48.9844
Iraq,1957,47.7307
Iraq,1956,46.3691
Iraq,1955,44.98
Iraq,1954,43.5293
Iraq,1953,42.0755
Iraq,1952,40.5238
Iraq,1951,38.9684
Iraq,1950,37.3983
Ireland,2023,82.4118
Ireland,2022,82.0505
Ireland,2021,81.8608
Ireland,2020,82.3897
Ireland,2019,82.4108
Ireland,2018,82.1232
Ireland,2017,82.1032
Ireland,2016,81.6836
Ireland,2015,81.5326
Ireland,2014,81.4063
Ireland,2013,81.065
Ireland,2012,80.8524
Ireland,2011,80.7272
Ireland,2010,80.5992
Ireland,2009,80.0954
Ireland,2008,79.7877
Ireland,2007,79.5631
Ireland,2006,79.1504
Ireland,2005,78.9093
Ireland,2004,78.5027
Ireland,2003,78.1003
Ireland,2002,77.5903
Ireland,2001,77.1003
Ireland,2000,76.535
Ireland,1999,76.089
Ireland,1998,76.1848
Ireland,1997,75.9765
Ireland,1996,75.8263
Ireland,1995,75.4743
Ireland,1994,75.7963
Ireland,1993,75.289
Ireland,1992,75.4231
Ireland,1991,75.0268
Ireland,1990,74.8375
Ireland,1989,74.4512
Ireland,1988,74.4252
Ireland,1987,74.4069
Ireland,1986,73.6108
Ireland,1985,73.5605
Ireland,1984,73.6216
Ireland,1983,73.1779
Ireland,1982,73.1548
Ireland,1981,72.8875
Ireland,1980,72.5362
Ireland,1979,72.1786
Ireland,1978,71.9299
Ireland,1977,71.9398
Ireland,1976,71.797
Ireland,1975,71.6886
Ireland,1974,71.1123
Ireland,1973,71.1703
Ireland,1972,70.9549
Ireland,1971,71.6213
Ireland,1970,70.8338
Ireland,1969,70.7991
Ireland,1968,70.8842
Ireland,1967,71.2006
Ireland,1966,70.1568
Ireland,1965,70.6439
Ireland,1964,70.447
Ireland,1963,70.1898
Ireland,1962,69.9476
Ireland,1961,69.639
Ireland,1960,70.1705
Ireland,1959,69.4236
Ireland,1958,69.2746
Ireland,1957,69.0017
Ireland,1956,68.9571
Ireland,1955,67.9959
Ireland,1954,68.0063
Ireland,1953,67.9102
Ireland,1952,67.167
Ireland,1951,64.754
Ireland,1950,65.5775
Israel,2023,82.408
Israel,2022,82.8145
Israel,2021,82.5169
Israel,2020,82.6997
Israel,2019,82.9048
Israel,2018,82.9184
Israel,2017,82.6993
Israel,2016,82.6123
Israel,2015,82.2538
Israel,2014,82.3608
Israel,2013,82.354
Israel,2012,81.9849
Israel,2011,81.9892
Israel,2010,81.9742
Israel,2009,81.8183
Israel,2008,81.2828
Israel,2007,80.9532
Israel,2006,80.7857
Israel,2005,80.3935
Israel,2004,80.3052
Israel,2003,79.8194
Israel,2002,79.5137
Israel,2001,79.4787
Israel,2000,79.1797
Israel,1999,78.8907
Israel,1998,78.5881
Israel,1997,78.5522
Israel,1996,78.5705
Israel,1995,78.0516
Israel,1994,78.0448
Israel,1993,77.8618
Israel,1992,77.2727
Israel,1991,77.5834
Israel,1990,78.0385
Israel,1989,77.6378
Israel,1988,76.891
Israel,1987,76.3764
Israel,1986,75.9098
Israel,1985,75.9685
Israel,1984,75.5015
Israel,1983,75.0854
Israel,1982,74.334
Israel,1981,74.1946
Israel,1980,73.6825
Israel,1979,73.3862
Israel,1978,73.0585
Israel,1977,72.6925
Israel,1976,72.6728
Israel,1975,71.597
Israel,1974,71.5618
Israel,1973,71.6116
Israel,1972,71.6228
Israel,1971,71.8316
Israel,1970,71.1575
Israel,1969,71.0274
Israel,1968,70.7503
Israel,1967,70.8964
Israel,1966,70.9411
Israel,1965,70.5022
Israel,1964,69.6079
Israel,1963,69.6206
Israel,1962,69.3285
Israel,1961,69.8062
Israel,1960,69.7535
Israel,1959,68.9186
Israel,1958,68.3862
Israel,1957,66.4948
Israel,1956,66.5921
Israel,1955,68.0026
Israel,1954,66.2502
Israel,1953,66.4153
Israel,1952,67.2194
Israel,1951,67.6276
Israel,1950,69.8613
Italy,2023,83.7157
Italy,2022,82.052
Italy,2021,82.8652
Italy,2020,82.1814
Italy,2019,83.3423
Italy,2018,83.1844
Italy,2017,82.7263
Italy,2016,83.0459
Italy,2015,82.5211
Italy,2014,82.9008
Italy,2013,82.6522
Italy,2012,82.252
Italy,2011,82.2282
Italy,2010,82.1319
Italy,2009,81.7619
Italy,2008,81.6454
Italy,2007,81.5002
Italy,2006,81.4137
Italy,2005,81.0201
Italy,2004,81.0175
Italy,2003,80.191
Italy,2002,80.112
Italy,2001,79.8849
Italy,2000,79.607
Italy,1999,79.205
Italy,1998,78.8068
Italy,1997,78.7346
Italy,1996,78.4381
Italy,1995,78.1253
Italy,1994,77.8725
Italy,1993,77.6529
Italy,1992,77.3647
Italy,1991,76.9898
Italy,1990,76.9936
Italy,1989,76.9269
Italy,1988,76.5324
Italy,1987,76.3436
Italy,1986,75.9188
Italy,1985,75.6068
Italy,1984,75.4991
Italy,1983,74.7351
Italy,1982,74.9126
Italy,1981,74.4385
Italy,1980,74.0518
Italy,1979,74.106
Italy,1978,73.7759
Italy,1977,73.4398
Italy,1976,73.0698
Italy,1975,72.7281
Italy,1974,72.8037
Italy,1973,72.1053
Italy,1972,72.1451
Italy,1971,71.8827
Italy,1970,71.6296
Italy,1969,70.8639
Italy,1968,70.8687
Italy,1967,71.0343
Italy,1966,70.9989
Italy,1965,70.2601
Italy,1964,70.3842
Italy,1963,69.3165
Italy,1962,69.2196
Italy,1961,69.8205
Italy,1960,69.2074
Italy,1959,69.3067
Italy,1958,68.8543
Italy,1957,67.7777
Italy,1956,67.6395
Italy,1955,68.2514
Italy,1954,67.8593
Italy,1953,66.5789
Italy,1952,65.914
Italy,1951,65.322
Italy,1950,65.7249
Jamaica,2023,71.4789
Jamaica,2022,71.4809
Jamaica,2021,69.0846
Jamaica,2020,71.4519
Jamaica,2019,71.5316
Jamaica,2018,71.6062
Jamaica,2017,71.8789
Jamaica,2016,72.0522
Jamaica,2015,72.2144
Jamaica,2014,72.3572
Jamaica,2013,72.4352
Jamaica,2012,72.4047
Jamaica,2011,72.245
Jamaica,2010,71.9789
Jamaica,2009,71.7174
Jamaica,2008,71.5021
Jamaica,2007,71.4046
Jamaica,2006,71.3946
Jamaica,2005,71.4929
Jamaica,2004,71.542
Jamaica,2003,71.5846
Jamaica,2002,71.478
Jamaica,2001,71.2872
Jamaica,2000,71.2814
Jamaica,1999,71.1885
Jamaica,1998,71.1697
Jamaica,1997,71.2161
Jamaica,1996,71.3277
Jamaica,1995,71.4881
Jamaica,1994,71.6244
Jamaica,1993,71.7577
Jamaica,1992,71.8163
Jamaica,1991,71.7867
Jamaica,1990,71.7047
Jamaica,1989,71.5119
Jamaica,1988,71.1609
Jamaica,1987,70.8697
Jamaica,1986,70.4461
Jamaica,1985,70.1008
Jamaica,1984,69.8093
Jamaica,1983,69.5464
Jamaica,1982,69.2526
Jamaica,1981,69.1197
Jamaica,1980,68.9916
Jamaica,1979,68.8126
Jamaica,1978,68.7387
Jamaica,1977,68.5864
Jamaica,1976,68.4121
Jamaica,1975,68.1681
Jamaica,1974,67.9133
Jamaica,1973,67.6072
Jamaica,1972,67.304
Jamaica,1971,66.9966
Jamaica,1970,66.7307
Jamaica,1969,66.5164
Jamaica,1968,66.3189
Jamaica,1967,66.0861
Jamaica,1966,65.9279
Jamaica,1965,65.6633
Jamaica,1964,65.3466
Jamaica,1963,64.9986
Jamaica,1962,64.6193
Jamaica,1961,64.257
Jamaica,1960,63.8275
Jamaica,1959,63.2483
Jamaica,1958,62.6479
Jamaica,1957,61.9476
Jamaica,1956,61.1634
Jamaica,1955,60.4032
Jamaica,1954,59.6356
Jamaica,1953,58.8746
Jamaica,1952,58.1103
Jamaica,1951,57.1329
Jamaica,1950,56.5614
Japan,2023,84.7123
Japan,2022,84.0541
Japan,2021,84.55
Japan,2020,84.6703
Japan,2019,84.4177
Japan,2018,84.289
Japan,2017,84.1891
Japan,2016,84.0568
Japan,2015,83.8832
Japan,2014,83.6434
Japan,2013,83.4018
Japan,2012,83.1676
Japan,2011,82.6705
Japan,2010,82.916
Japan,2009,82.9699
Japan,2008,82.6332
Japan,2007,82.5488
Japan,2006,82.3699
Japan,2005,82.0073
Japan,2004,82.1275
Japan,2003,81.854
Japan,2002,81.7952
Japan,2001,81.5101
Japan,2000,81.1788
Japan,1999,80.6129
Japan,1998,80.6487
Japan,1997,80.5836
Japan,1996,80.3627
Japan,1995,79.6837
Japan,1994,79.8366
Japan,1993,79.4461
Japan,1992,79.303
Japan,1991,79.262
Japan,1990,78.9928
Japan,1989,78.9799
Japan,1988,78.5454
Japan,1987,78.6307
Japan,1986,78.2119
Japan,1985,77.799
Japan,1984,77.5068
Japan,1983,77.1069
Japan,1982,77.0723
Japan,1981,76.5629
Japan,1980,76.1408
Japan,1979,76.1671
Japan,1978,75.6571
Japan,1977,75.3257
Japan,1976,74.7611
Japan,1975,74.3569
Japan,1974,73.8494
Japan,1973,73.4218
Japan,1972,73.2584
Japan,1971,72.827
Japan,1970,72.0073
Japan,1969,71.9225
Japan,1968,71.6718
Japan,1967,71.401
Japan,1966,71.0552
Japan,1965,70.257
Japan,1964,70.1973
Japan,1963,69.7463
Japan,1962,68.6668
Japan,1961,68.3705
Japan,1960,67.718
Japan,1959,67.4564
Japan,1958,67.0429
Japan,1957,65.4387
Japan,1956,65.5598
Japan,1955,65.7115
Japan,1954,64.5367
Japan,1953,63.3252
Japan,1952,62.9959
Japan,1951,60.9885
Japan,1950,59.2548
Jordan,2023,77.8145
Jordan,2022,77.088
Jordan,2021,74.2042
Jordan,2020,75.5831
Jordan,2019,76.8645
Jordan,2018,76.4913
Jordan,2017,76.0708
Jordan,2016,75.5501
Jordan,2015,75.06
Jordan,2014,74.606
Jordan,2013,74.2816
Jordan,2012,74.0873
Jordan,2011,73.9286
Jordan,2010,73.7973
Jordan,2009,73.7075
Jordan,2008,73.5631
Jordan,2007,73.4074
Jordan,2006,73.2248
Jordan,2005,72.9772
Jordan,2004,72.7877
Jordan,2003,72.585
Jordan,2002,72.3587
Jordan,2001,72.1412
Jordan,2000,71.9258
Jordan,1999,71.7373
Jordan,1998,71.521
Jordan,1997,71.3236
Jordan,1996,71.1045
Jordan,1995,70.915
Jordan,1994,70.738
Jordan,1993,70.5678
Jordan,1992,70.3998
Jordan,1991,70.2398
Jordan,1990,70.0935
Jordan,1989,69.8645
Jordan,1988,69.6053
Jordan,1987,69.2968
Jordan,1986,68.9615
Jordan,1985,68.5871
Jordan,1984,68.2064
Jordan,1983,67.7782
Jordan,1982,67.36
Jordan,1981,66.9201
Jordan,1980,66.4926
Jordan,1979,66.049
Jordan,1978,65.6021
Jordan,1977,65.1268
Jordan,1976,64.6538
Jordan,1975,64.148
Jordan,1974,63.6113
Jordan,1973,63.065
Jordan,1972,62.4773
Jordan,1971,61.772
Jordan,1970,59.8333
Jordan,1969,60.5035
Jordan,1968,59.7674
Jordan,1967,58.9698
Jordan,1966,57.7624
Jordan,1965,57.3168
Jordan,1964,56.4562
Jordan,1963,55.4889
Jordan,1962,54.6331
Jordan,1961,53.68
Jordan,1960,52.678
Jordan,1959,51.6118
Jordan,1958,50.4485
Jordan,1957,49.2321
Jordan,1956,48.0026
Jordan,1955,46.7548
Jordan,1954,45.6329
Jordan,1953,44.4487
Jordan,1952,43.2198
Jordan,1951,42.0235
Jordan,1950,40.8736
Kazakhstan,2023,74.4021
Kazakhstan,2022,73.5028
Kazakhstan,2021,70.1311
Kazakhstan,2020,71.1952
Kazakhstan,2019,73.6581
Kazakhstan,2018,73.3693
Kazakhstan,2017,72.9955
Kazakhstan,2016,72.5491
Kazakhstan,2015,72.0242
Kazakhstan,2014,71.4149
Kazakhstan,2013,70.7189
Kazakhstan,2012,69.9395
Kazakhstan,2011,69.1076
Kazakhstan,2010,68.2575
Kazakhstan,2009,67.4605
Kazakhstan,2008,66.7589
Kazakhstan,2007,66.18
Kazakhstan,2006,65.7223
Kazakhstan,2005,65.3556
Kazakhstan,2004,65.04
Kazakhstan,2003,64.7533
Kazakhstan,2002,64.4405
Kazakhstan,2001,64.1081
Kazakhstan,2000,63.793
Kazakhstan,1999,63.5279
Kazakhstan,1998,63.349
Kazakhstan,1997,63.3182
Kazakhstan,1996,63.4551
Kazakhstan,1995,63.7169
Kazakhstan,1994,64.1077
Kazakhstan,1993,64.5377
Kazakhstan,1992,64.9779
Kazakhstan,1991,65.3788
Kazakhstan,1990,65.7012
Kazakhstan,1989,65.9152
Kazakhstan,1988,66.0322
Kazakhstan,1987,65.9965
Kazakhstan,1986,65.7885
Kazakhstan,1985,65.3755
Kazakhstan,1984,64.8391
Kazakhstan,1983,64.2244
Kazakhstan,1982,63.5861
Kazakhstan,1981,62.9962
Kazakhstan,1980,62.5155
Kazakhstan,1979,62.0721
Kazakhstan,1978,61.7651
Kazakhstan,1977,61.5173
Kazakhstan,1976,61.3009
Kazakhstan,1975,61.1099
Kazakhstan,1974,60.908
Kazakhstan,1973,60.6966
Kazakhstan,1972,60.4798
Kazakhstan,1971,60.2624
Kazakhstan,1970,60.049
Kazakhstan,1969,59.8431
Kazakhstan,1968,59.6434
Kazakhstan,1967,59.4458
Kazakhstan,1966,59.2467
Kazakhstan,1965,59.0423
Kazakhstan,1964,58.8302
Kazakhstan,1963,58.6125
Kazakhstan,1962,58.3917
Kazakhstan,1961,58.1687
Kazakhstan,1960,57.9455
Kazakhstan,1959,57.724
Kazakhstan,1958,57.5026
Kazakhstan,1957,57.2804
Kazakhstan,1956,57.0556
Kazakhstan,1955,56.8266
Kazakhstan,1954,56.592
Kazakhstan,1953,56.3512
Kazakhstan,1952,56.105
Kazakhstan,1951,55.8532
Kazakhstan,1950,55.5941
Kenya,2023,63.6459
Kenya,2022,63.5491
Kenya,2021,61.2253
Kenya,2020,61.5958
Kenya,2019,62.9391
Kenya,2018,62.8254
Kenya,2017,62.7248
Kenya,2016,62.5261
Kenya,2015,62.279
Kenya,2014,61.9904
Kenya,2013,61.7291
Kenya,2012,61.5373
Kenya,2011,61.2827
Kenya,2010,60.9149
Kenya,2009,60.4828
Kenya,2008,59.9545
Kenya,2007,59.4073
Kenya,2006,59.0588
Kenya,2005,58.5098
Kenya,2004,57.9472
Kenya,2003,57.3694
Kenya,2002,56.7587
Kenya,2001,56.5005
Kenya,2000,56.0836
Kenya,1999,55.8658
Kenya,1998,55.5681
Kenya,1997,55.4779
Kenya,1996,55.5748
Kenya,1995,55.8557
Kenya,1994,56.1013
Kenya,1993,56.6681
Kenya,1992,57.095
Kenya,1991,57.8258
Kenya,1990,58.3336
Kenya,1989,59.9896
Kenya,1988,60.3198
Kenya,1987,60.721
Kenya,1986,60.8182
Kenya,1985,60.8558
Kenya,1984,60.6105
Kenya,1983,60.3423
Kenya,1982,59.9045
Kenya,1981,59.5621
Kenya,1980,59.1748
Kenya,1979,58.6905
Kenya,1978,58.2343
Kenya,1977,57.6843
Kenya,1976,57.1528
Kenya,1975,56.6205
Kenya,1974,56.039
Kenya,1973,55.5002
Kenya,1972,55.0128
Kenya,1971,54.5434
Kenya,1970,54.1427
Kenya,1969,53.7336
Kenya,1968,53.302
Kenya,1967,52.7959
Kenya,1966,52.3832
Kenya,1965,51.8865
Kenya,1964,51.3229
Kenya,1963,50.758
Kenya,1962,50.104
Kenya,1961,49.3304
Kenya,1960,48.4766
Kenya,1959,47.519
Kenya,1958,46.4608
Kenya,1957,45.3359
Kenya,1956,43.5295
Kenya,1955,42.2847
Kenya,1954,41.0366
Kenya,1953,39.8175
Kenya,1952,38.6409
Kenya,1951,38.0363
Kenya,1950,36.8642
Kiribati,2023,66.4731
Kiribati,2022,66.2687
Kiribati,2021,64.1482
Kiribati,2020,65.2046
Kiribati,2019,65.8663
Kiribati,2018,65.8067
Kiribati,2017,65.7871
Kiribati,2016,65.7991
Kiribati,2015,65.831
Kiribati,2014,65.8687
Kiribati,2013,65.8979
Kiribati,2012,65.9081
Kiribati,2011,65.8958
Kiribati,2010,65.8595
Kiribati,2009,65.8083
Kiribati,2008,65.7455
Kiribati,2007,65.6766
Kiribati,2006,65.6014
Kiribati,2005,65.5174
Kiribati,2004,65.4157
Kiribati,2003,65.2869
Kiribati,2002,65.1233
Kiribati,2001,64.9179
Kiribati,2000,64.6739
Kiribati,1999,64.3933
Kiribati,1998,64.1
Kiribati,1997,63.7971
Kiribati,1996,63.4703
Kiribati,1995,63.146
Kiribati,1994,62.7966
Kiribati,1993,62.406
Kiribati,1992,61.9682
Kiribati,1991,61.5021
Kiribati,1990,61.0184
Kiribati,1989,60.5386
Kiribati,1988,60.0547
Kiribati,1987,59.5756
Kiribati,1986,59.118
Kiribati,1985,58.7195
Kiribati,1984,58.3568
Kiribati,1983,58.0505
Kiribati,1982,57.7732
Kiribati,1981,57.5247
Kiribati,1980,57.3034
Kiribati,1979,57.1065
Kiribati,1978,56.9236
Kiribati,1977,56.0566
Kiribati,1976,56.562
Kiribati,1975,56.3579
Kiribati,1974,56.1024
Kiribati,1973,55.7898
Kiribati,1972,55.3126
Kiribati,1971,54.9339
Kiribati,1970,54.3802
Kiribati,1969,53.7627
Kiribati,1968,53.1288
Kiribati,1967,52.4543
Kiribati,1966,51.7357
Kiribati,1965,51.0282
Kiribati,1964,50.3556
Kiribati,1963,49.6881
Kiribati,1962,49.0418
Kiribati,1961,48.4685
Kiribati,1960,47.9579
Kiribati,1959,47.5039
Kiribati,1958,47.1096
Kiribati,1957,46.7773
Kiribati,1956,46.505
Kiribati,1955,46.2881
Kiribati,1954,46.1239
Kiribati,1953,45.9969
Kiribati,1952,45.8952
Kiribati,1951,45.8083
Kiribati,1950,45.7212
Kuwait,2023,80.4047
Kuwait,2022,78.7881
Kuwait,2021,77.625
Kuwait,2020,78.2483
Kuwait,2019,80.0223
Kuwait,2018,79.8994
Kuwait,2017,79.7314
Kuwait,2016,79.5162
Kuwait,2015,79.2194
Kuwait,2014,78.927
Kuwait,2013,78.5831
Kuwait,2012,78.227
Kuwait,2011,77.8637
Kuwait,2010,77.4995
Kuwait,2009,77.1674
Kuwait,2008,76.8895
Kuwait,2007,76.6875
Kuwait,2006,76.5541
Kuwait,2005,76.4639
Kuwait,2004,76.3876
Kuwait,2003,76.3043
Kuwait,2002,76.1881
Kuwait,2001,76.0366
Kuwait,2000,75.8728
Kuwait,1999,75.7223
Kuwait,1998,75.612
Kuwait,1997,75.5648
Kuwait,1996,75.6015
Kuwait,1995,75.6648
Kuwait,1994,75.7279
Kuwait,1993,75.7718
Kuwait,1992,75.7351
Kuwait,1991,73.31
Kuwait,1990,72.854
Kuwait,1989,75.0266
Kuwait,1988,74.6426
Kuwait,1987,74.2196
Kuwait,1986,73.7797
Kuwait,1985,73.3155
Kuwait,1984,72.854
Kuwait,1983,72.3942
Kuwait,1982,71.9475
Kuwait,1981,71.5222
Kuwait,1980,71.1321
Kuwait,1979,70.7754
Kuwait,1978,70.4552
Kuwait,1977,70.172
Kuwait,1976,69.9242
Kuwait,1975,69.6795
Kuwait,1974,69.4483
Kuwait,1973,69.191
Kuwait,1972,68.8789
Kuwait,1971,68.4818
Kuwait,1970,67.9771
Kuwait,1969,67.3475
Kuwait,1968,66.6088
Kuwait,1967,65.7795
Kuwait,1966,64.8778
Kuwait,1965,63.9393
Kuwait,1964,62.9737
Kuwait,1963,61.986
Kuwait,1962,60.9776
Kuwait,1961,59.9525
Kuwait,1960,58.9212
Kuwait,1959,57.8925
Kuwait,1958,56.8782
Kuwait,1957,55.8932
Kuwait,1956,54.9435
Kuwait,1955,54.03
Kuwait,1954,53.132
Kuwait,1953,52.2637
Kuwait,1952,51.4161
Kuwait,1951,50.579
Kuwait,1950,49.7371
Kyrgyzstan,2023,71.677
Kyrgyzstan,2022,71.487
Kyrgyzstan,2021,69.2904
Kyrgyzstan,2020,69.136
Kyrgyzstan,2019,70.8907
Kyrgyzstan,2018,70.6678
Kyrgyzstan,2017,70.5031
Kyrgyzstan,2016,69.9095
Kyrgyzstan,2015,69.3094
Kyrgyzstan,2014,68.8293
Kyrgyzstan,2013,68.4623
Kyrgyzstan,2012,68.1419
Kyrgyzstan,2011,67.7481
Kyrgyzstan,2010,67.5214
Kyrgyzstan,2009,67.1401
Kyrgyzstan,2008,66.6158
Kyrgyzstan,2007,66.0466
Kyrgyzstan,2006,65.7816
Kyrgyzstan,2005,65.7894
Kyrgyzstan,2004,65.6494
Kyrgyzstan,2003,65.4485
Kyrgyzstan,2002,65.3418
Kyrgyzstan,2001,65.3191
Kyrgyzstan,2000,65.2419
Kyrgyzstan,1999,64.9161
Kyrgyzstan,1998,64.5788
Kyrgyzstan,1997,64.1625
Kyrgyzstan,1996,63.4469
Kyrgyzstan,1995,62.9186
Kyrgyzstan,1994,62.718
Kyrgyzstan,1993,63.6459
Kyrgyzstan,1992,64.4265
Kyrgyzstan,1991,64.9404
Kyrgyzstan,1990,64.8247
Kyrgyzstan,1989,65.1749
Kyrgyzstan,1988,65.291
Kyrgyzstan,1987,65.445
Kyrgyzstan,1986,64.7281
Kyrgyzstan,1985,63.6846
Kyrgyzstan,1984,62.8544
Kyrgyzstan,1983,62.3359
Kyrgyzstan,1982,62.2763
Kyrgyzstan,1981,61.8498
Kyrgyzstan,1980,61.5349
Kyrgyzstan,1979,61.0889
Kyrgyzstan,1978,60.7068
Kyrgyzstan,1977,60.3691
Kyrgyzstan,1976,60.0988
Kyrgyzstan,1975,59.8237
Kyrgyzstan,1974,59.5401
Kyrgyzstan,1973,59.1794
Kyrgyzstan,1972,58.8282
Kyrgyzstan,1971,58.4965
Kyrgyzstan,1970,58.184
Kyrgyzstan,1969,57.9119
Kyrgyzstan,1968,57.5981
Kyrgyzstan,1967,57.2967
Kyrgyzstan,1966,56.9603
Kyrgyzstan,1965,56.6421
Kyrgyzstan,1964,56.3327
Kyrgyzstan,1963,56.0337
Kyrgyzstan,1962,55.7299
Kyrgyzstan,1961,55.4099
Kyrgyzstan,1960,55.0918
Kyrgyzstan,1959,54.7751
Kyrgyzstan,1958,54.4666
Kyrgyzstan,1957,54.1608
Kyrgyzstan,1956,53.8604
Kyrgyzstan,1955,53.5435
Kyrgyzstan,1954,53.2316
Kyrgyzstan,1953,52.9196
Kyrgyzstan,1952,52.6194
Kyrgyzstan,1951,52.3684
Kyrgyzstan,1950,52.0598
Lao People's Democratic Republic,2023,68.9637
Lao People's Democratic Republic,2022,68.7152
Lao People's Democratic Republic,2021,67.8074
Lao People's Democratic Republic,2020,68.3386
Lao People's Democratic Republic,2019,67.9113
Lao People's Democratic Republic,2018,67.5942
Lao People's Democratic Republic,2017,67.3452
Lao People's Democratic Republic,2016,67.0136
Lao People's Democratic Republic,2015,66.6881
Lao People's Democratic Republic,2014,66.3497
Lao People's Democratic Republic,2013,65.7226
Lao People's Democratic Republic,2012,65.1262
Lao People's Democratic Republic,2011,64.505
Lao People's Democratic Republic,2010,63.6895
Lao People's Democratic Republic,2009,63.023
Lao People's Democratic Republic,2008,62.2477
Lao People's Democratic Republic,2007,61.694
Lao People's Democratic Republic,2006,61.0743
Lao People's Democratic Republic,2005,60.6881
Lao People's Democratic Republic,2004,60.0803
Lao People's Democratic Republic,2003,59.6426
Lao People's Democratic Republic,2002,59.3024
Lao People's Democratic Republic,2001,58.8867
Lao People's Democratic Republic,2000,58.3168
Lao People's Democratic Republic,1999,57.8658
Lao People's Democratic Republic,1998,57.5489
Lao People's Democratic Republic,1997,57.3023
Lao People's Democratic Republic,1996,56.8214
Lao People's Democratic Republic,1995,56.3441
Lao People's Democratic Republic,1994,55.8101
Lao People's Democratic Republic,1993,55.5833
Lao People's Democratic Republic,1992,55.0976
Lao People's Democratic Republic,1991,54.7
Lao People's Democratic Republic,1990,54.035
Lao People's Democratic Republic,1989,53.5885
Lao People's Democratic Republic,1988,53.0768
Lao People's Democratic Republic,1987,52.5967
Lao People's Democratic Republic,1986,52.1436
Lao People's Democratic Republic,1985,51.5794
Lao People's Democratic Republic,1984,51.0137
Lao People's Democratic Republic,1983,50.4851
Lao People's Democratic Republic,1982,49.9308
Lao People's Democratic Republic,1981,49.2369
Lao People's Democratic Republic,1980,48.5601
Lao People's Democratic Republic,1979,47.4598
Lao People's Democratic Republic,1978,46.8318
Lao People's Democratic Republic,1977,46.4083
Lao People's Democratic Republic,1976,46.0118
Lao People's Democratic Republic,1975,46.1495
Lao People's Democratic Republic,1974,45.8864
Lao People's Democratic Republic,1973,44.7277
Lao People's Democratic Republic,1972,44.4157
Lao People's Democratic Republic,1971,44.1224
Lao People's Democratic Republic,1970,43.7756
Lao People's Democratic Republic,1969,43.46
Lao People's Democratic Republic,1968,43.183
Lao People's Democratic Republic,1967,42.8692
Lao People's Democratic Republic,1966,42.347
Lao People's Democratic Republic,1965,42.2222
Lao People's Democratic Republic,1964,41.8593
Lao People's Democratic Republic,1963,41.5441
Lao People's Democratic Republic,1962,42.2719
Lao People's Democratic Republic,1961,41.3439
Lao People's Democratic Republic,1960,41.0364
Lao People's Democratic Republic,1959,40.7462
Lao People's Democratic Republic,1958,41.1771
Lao People's Democratic Republic,1957,40.8731
Lao People's Democratic Republic,1956,40.5633
Lao People's Democratic Republic,1955,40.3112
Lao People's Democratic Republic,1954,40.0047
Lao People's Democratic Republic,1953,39.7294
Lao People's Democratic Republic,1952,39.4274
Lao People's Democratic Republic,1951,39.1722
Lao People's Democratic Republic,1950,38.9399
Latvia,2023,76.1898
Latvia,2022,74.8706
Latvia,2021,73.1809
Latvia,2020,75.4781
Latvia,2019,75.6278
Latvia,2018,74.9793
Latvia,2017,74.8005
Latvia,2016,74.7568
Latvia,2015,74.6646
Latvia,2014,74.306
Latvia,2013,74.1873
Latvia,2012,73.9387
Latvia,2011,73.7176
Latvia,2010,73.0285
Latvia,2009,72.6966
Latvia,2008,71.999
Latvia,2007,70.7894
Latvia,2006,70.5501
Latvia,2005,70.6324
Latvia,2004,70.9395
Latvia,2003,70.6361
Latvia,2002,70.1755
Latvia,2001,69.9058
Latvia,2000,70.1755
Latvia,1999,69.6483
Latvia,1998,68.8508
Latvia,1997,69.2247
Latvia,1996,68.5859
Latvia,1995,65.9954
Latvia,1994,65.1828
Latvia,1993,66.6288
Latvia,1992,68.4514
Latvia,1991,69.1819
Latvia,1990,69.4572
Latvia,1989,70.4035
Latvia,1988,70.9144
Latvia,1987,71.0125
Latvia,1986,70.9628
Latvia,1985,69.5955
Latvia,1984,69.4338
Latvia,1983,69.3968
Latvia,1982,69.6274
Latvia,1981,69.0787
Latvia,1980,69.1171
Latvia,1979,68.824
Latvia,1978,69.3299
Latvia,1977,69.4496
Latvia,1976,69.3877
Latvia,1975,69.2578
Latvia,1974,70.12
Latvia,1973,70.189
Latvia,1972,70.2649
Latvia,1971,70.5737
Latvia,1970,70.2372
Latvia,1969,70.2172
Latvia,1968,70.4815
Latvia,1967,70.8669
Latvia,1966,71.1798
Latvia,1965,71.2237
Latvia,1964,71.532
Latvia,1963,70.3372
Latvia,1962,69.8996
Latvia,1961,70.5397
Latvia,1960,70.3316
Latvia,1959,69.5231
Latvia,1958,68.899
Latvia,1957,68.2624
Latvia,1956,67.6085
Latvia,1955,67.1487
Latvia,1954,66.6996
Latvia,1953,66.226
Latvia,1952,65.7055
Latvia,1951,65.1838
Latvia,1950,64.5724
Lebanon,2023,77.817
Lebanon,2022,78.0029
Lebanon,2021,73.6495
Lebanon,2020,76.2988
Lebanon,2019,78.2079
Lebanon,2018,78.2632
Lebanon,2017,78.1922
Lebanon,2016,78.3063
Lebanon,2015,78.2754
Lebanon,2014,78.148
Lebanon,2013,78.0365
Lebanon,2012,77.941
Lebanon,2011,77.7682
Lebanon,2010,77.5292
Lebanon,2009,77.2618
Lebanon,2008,76.9557
Lebanon,2007,76.7316
Lebanon,2006,75.6766
Lebanon,2005,76.0737
Lebanon,2004,75.6933
Lebanon,2003,75.2753
Lebanon,2002,74.8356
Lebanon,2001,74.3542
Lebanon,2000,73.8949
Lebanon,1999,73.5135
Lebanon,1998,73.2005
Lebanon,1997,72.9402
Lebanon,1996,72.6144
Lebanon,1995,72.3835
Lebanon,1994,72.0301
Lebanon,1993,71.5588
Lebanon,1992,71.1693
Lebanon,1991,70.8648
Lebanon,1990,65.479
Lebanon,1989,65.1135
Lebanon,1988,62.9203
Lebanon,1987,62.5395
Lebanon,1986,62.0105
Lebanon,1985,61.5736
Lebanon,1984,61.1669
Lebanon,1983,60.7517
Lebanon,1982,47.1898
Lebanon,1981,60.2785
Lebanon,1980,59.9089
Lebanon,1979,59.5573
Lebanon,1978,59.9963
Lebanon,1977,60.3312
Lebanon,1976,36.4358
Lebanon,1975,57.7444
Lebanon,1974,66.41
Lebanon,1973,66.2976
Lebanon,1972,66.2005
Lebanon,1971,66.1197
Lebanon,1970,66.0178
Lebanon,1969,65.9177
Lebanon,1968,65.8019
Lebanon,1967,65.6772
Lebanon,1966,65.5038
Lebanon,1965,65.3168
Lebanon,1964,65.1027
Lebanon,1963,64.8787
Lebanon,1962,64.595
Lebanon,1961,64.267
Lebanon,1960,63.927
Lebanon,1959,63.5767
Lebanon,1958,61.2251
Lebanon,1957,62.8133
Lebanon,1956,62.2365
Lebanon,1955,61.4519
Lebanon,1954,61.5877
Lebanon,1953,61.1769
Lebanon,1952,60.7644
Lebanon,1951,60.3297
Lebanon,1950,59.8999
Lesotho,2023,57.3749
Lesotho,2022,56.8119
Lesotho,2021,54.2091
Lesotho,2020,55.1325
Lesotho,2019,55.2493
Lesotho,2018,54.6377
Lesotho,2017,53.8737
Lesotho,2016,52.9078
Lesotho,2015,51.8298
Lesotho,2014,50.7865
Lesotho,2013,49.5475
Lesotho,2012,48.2353
Lesotho,2011,46.9302
Lesotho,2010,46.0447
Lesotho,2009,45.0552
Lesotho,2008,44.304
Lesotho,2007,43.6601
Lesotho,2006,43.182
Lesotho,2005,43.6115
Lesotho,2004,44.0388
Lesotho,2003,44.9214
Lesotho,2002,45.9501
Lesotho,2001,47.1525
Lesotho,2000,48.7828
Lesotho,1999,50.3848
Lesotho,1998,52.0287
Lesotho,1997,53.7334
Lesotho,1996,55.1362
Lesotho,1995,56.3684
Lesotho,1994,57.2879
Lesotho,1993,58.0604
Lesotho,1992,58.6382
Lesotho,1991,59.0607
Lesotho,1990,59.3171
Lesotho,1989,59.5045
Lesotho,1988,59.5723
Lesotho,1987,59.5574
Lesotho,1986,59.3459
Lesotho,1985,59.2105
Lesotho,1984,58.9548
Lesotho,1983,58.4952
Lesotho,1982,57.9759
Lesotho,1981,57.3075
Lesotho,1980,56.5342
Lesotho,1979,55.8426
Lesotho,1978,55.1663
Lesotho,1977,54.5258
Lesotho,1976,53.931
Lesotho,1975,53.4544
Lesotho,1974,52.9412
Lesotho,1973,52.6196
Lesotho,1972,52.2561
Lesotho,1971,51.845
Lesotho,1970,51.5005
Lesotho,1969,51.1171
Lesotho,1968,50.7907
Lesotho,1967,50.5129
Lesotho,1966,50.3769
Lesotho,1965,50.3259
Lesotho,1964,50.3068
Lesotho,1963,50.2597
Lesotho,1962,50.3072
Lesotho,1961,50.2745
Lesotho,1960,50.171
Lesotho,1959,49.9217
Lesotho,1958,49.6045
Lesotho,1957,49.1622
Lesotho,1956,48.613
Lesotho,1955,47.959
Lesotho,1954,47.3036
Lesotho,1953,46.5797
Lesotho,1952,45.9041
Lesotho,1951,45.2165
Lesotho,1950,44.6294
Liberia,2023,62.1625
Liberia,2022,61.9342
Liberia,2021,61.1658
Liberia,2020,61.2672
Liberia,2019,61.2324
Liberia,2018,60.9995
Liberia,2017,60.7767
Liberia,2016,60.4834
Liberia,2015,59.2481
Liberia,2014,59.2101
Liberia,2013,59.9925
Liberia,2012,59.7855
Liberia,2011,59.4862
Liberia,2010,59.3577
Liberia,2009,59.1064
Liberia,2008,58.6751
Liberia,2007,58.1469
Liberia,2006,57.4946
Liberia,2005,56.7648
Liberia,2004,55.9489
Liberia,2003,53.045
Liberia,2002,54.0612
Liberia,2001,53.1095
Liberia,2000,51.8517
Liberia,1999,50.4116
Liberia,1998,49.3671
Liberia,1997,48.3022
Liberia,1996,44.9454
Liberia,1995,44.5732
Liberia,1994,42.6212
Liberia,1993,43.0215
Liberia,1992,43.5661
Liberia,1991,43.5745
Liberia,1990,37.6435
Liberia,1989,43.8633
Liberia,1988,44.0652
Liberia,1987,44.2673
Liberia,1986,44.4939
Liberia,1985,44.0256
Liberia,1984,44.6832
Liberia,1983,44.5762
Liberia,1982,44.4467
Liberia,1981,44.3441
Liberia,1980,44.0877
Liberia,1979,43.8898
Liberia,1978,43.5666
Liberia,1977,43.2204
Liberia,1976,42.8508
Liberia,1975,42.4627
Liberia,1974,42.0626
Liberia,1973,41.6186
Liberia,1972,41.1988
Liberia,1971,40.7203
Liberia,1970,40.3594
Liberia,1969,39.9911
Liberia,1968,39.5884
Liberia,1967,39.2622
Liberia,1966,38.9545
Liberia,1965,38.693
Liberia,1964,38.4511
Liberia,1963,38.3091
Liberia,1962,38.1673
Liberia,1961,38.1039
Liberia,1960,38.073
Liberia,1959,38.0562
Liberia,1958,38.0543
Liberia,1957,38.0784
Liberia,1956,38.0957
Liberia,1955,38.1094
Liberia,1954,38.0968
Liberia,1953,38.0767
Liberia,1952,38.0518
Liberia,1951,38.0238
Liberia,1950,37.9657
Libya,2023,69.3389
Libya,2022,74.4615
Libya,2021,72.0617
Libya,2020,72.3882
Libya,2019,72.9412
Libya,2018,73.1508
Libya,2017,72.721
Libya,2016,71.7987
Libya,2015,71.644
Libya,2014,71.2996
Libya,2013,72.3387
Libya,2012,72.1882
Libya,2011,69.9496
Libya,2010,72.1963
Libya,2009,72.0706
Libya,2008,71.9361
Libya,2007,71.7876
Libya,2006,71.6324
Libya,2005,71.4386
Libya,2004,71.2096
Libya,2003,70.996
Libya,2002,70.7883
Libya,2001,70.6533
Libya,2000,70.5421
Libya,1999,70.6007
Libya,1998,70.6567
Libya,1997,70.7197
Libya,1996,70.7358
Libya,1995,70.6415
Libya,1994,70.4725
Libya,1993,70.2474
Libya,1992,69.9735
Libya,1991,69.6353
Libya,1990,69.3118
Libya,1989,68.9786
Libya,1988,68.6083
Libya,1987,68.2579
Libya,1986,67.8057
Libya,1985,67.2854
Libya,1984,66.7477
Libya,1983,66.2605
Libya,1982,65.7679
Libya,1981,65.2549
Libya,1980,64.7975
Libya,1979,64.3275
Libya,1978,63.796
Libya,1977,63.1294
Libya,1976,62.4481
Libya,1975,61.6207
Libya,1974,60.7093
Libya,1973,59.7104
Libya,1972,58.6855
Libya,1971,57.5826
Libya,1970,56.3791
Libya,1969,55.173
Libya,1968,53.849
Libya,1967,52.4615
Libya,1966,50.9458
Libya,1965,49.2776
Libya,1964,47.6522
Libya,1963,45.5845
Libya,1962,44.0755
Libya,1961,42.3619
Libya,1960,40.7522
Libya,1959,39.2657
Libya,1958,37.9905
Libya,1957,36.8759
Libya,1956,36.003
Libya,1955,35.249
Libya,1954,34.6546
Libya,1953,34.1825
Libya,1952,33.8006
Libya,1951,33.4718
Libya,1950,33.1116
Liechtenstein,2023,83.6298
Liechtenstein,2022,83.4054
Liechtenstein,2021,82.7877
Liechtenstein,2020,82.037
Liechtenstein,2019,83.4047
Liechtenstein,2018,83.269
Liechtenstein,2017,83.111
Liechtenstein,2016,82.8949
Liechtenstein,2015,82.7618
Liechtenstein,2014,82.5465
Liechtenstein,2013,82.3739
Liechtenstein,2012,82.2544
Liechtenstein,2011,82.1571
Liechtenstein,2010,82.0538
Liechtenstein,2009,81.9374
Liechtenstein,2008,81.8552
Liechtenstein,2007,81.6389
Liechtenstein,2006,81.4029
Liechtenstein,2005,81.1169
Liechtenstein,2004,80.7331
Liechtenstein,2003,80.2377
Liechtenstein,2002,79.7588
Liechtenstein,2001,79.1936
Liechtenstein,2000,78.5757
Liechtenstein,1999,78.1507
Liechtenstein,1998,77.8058
Liechtenstein,1997,77.596
Liechtenstein,1996,77.6657
Liechtenstein,1995,77.9183
Liechtenstein,1994,78.1798
Liechtenstein,1993,78.4518
Liechtenstein,1992,78.654
Liechtenstein,1991,78.6597
Liechtenstein,1990,78.5098
Liechtenstein,1989,78.2839
Liechtenstein,1988,77.9933
Liechtenstein,1987,77.753
Liechtenstein,1986,77.2302
Liechtenstein,1985,76.7347
Liechtenstein,1984,76.1879
Liechtenstein,1983,75.7126
Liechtenstein,1982,75.0603
Liechtenstein,1981,74.9478
Liechtenstein,1980,74.7834
Liechtenstein,1979,74.7396
Liechtenstein,1978,74.7133
Liechtenstein,1977,74.7716
Liechtenstein,1976,74.5722
Liechtenstein,1975,74.3304
Liechtenstein,1974,74.0246
Liechtenstein,1973,73.6525
Liechtenstein,1972,73.3725
Liechtenstein,1971,73.0312
Liechtenstein,1970,72.82
Liechtenstein,1969,72.5542
Liechtenstein,1968,72.3471
Liechtenstein,1967,72.0218
Liechtenstein,1966,71.6387
Liechtenstein,1965,71.2406
Liechtenstein,1964,71.0747
Liechtenstein,1963,70.9323
Liechtenstein,1962,70.8757
Liechtenstein,1961,70.9701
Liechtenstein,1960,70.8957
Liechtenstein,1959,70.6007
Liechtenstein,1958,70.1143
Liechtenstein,1957,69.5825
Liechtenstein,1956,68.8896
Liechtenstein,1955,68.3079
Liechtenstein,1954,67.5483
Liechtenstein,1953,66.887
Liechtenstein,1952,66.2266
Liechtenstein,1951,65.8488
Liechtenstein,1950,65.3378
Lithuania,2023,76.025
Lithuania,2022,74.696
Lithuania,2021,74.2967
Lithuania,2020,75.105
Lithuania,2019,76.4245
Lithuania,2018,75.9091
Lithuania,2017,75.7015
Lithuania,2016,74.8195
Lithuania,2015,74.4737
Lithuania,2014,74.596
Lithuania,2013,74.0268
Lithuania,2012,73.9644
Lithuania,2011,73.608
Lithuania,2010,73.1962
Lithuania,2009,72.8496
Lithuania,2008,71.6959
Lithuania,2007,70.6982
Lithuania,2006,70.9639
Lithuania,2005,71.2464
Lithuania,2004,72.0009
Lithuania,2003,72.0883
Lithuania,2002,71.8389
Lithuania,2001,71.7123
Lithuania,2000,72.1387
Lithuania,1999,71.7172
Lithuania,1998,71.3303
Lithuania,1997,71.0289
Lithuania,1996,70.1931
Lithuania,1995,69.0184
Lithuania,1994,68.5026
Lithuania,1993,68.9336
Lithuania,1992,70.3368
Lithuania,1991,70.5095
Lithuania,1990,71.3694
Lithuania,1989,71.6371
Lithuania,1988,72.0291
Lithuania,1987,72.2283
Lithuania,1986,72.3885
Lithuania,1985,70.7399
Lithuania,1984,70.542
Lithuania,1983,71.0154
Lithuania,1982,71.0645
Lithuania,1981,70.6866
Lithuania,1980,70.7006
Lithuania,1979,70.7146
Lithuania,1978,70.854
Lithuania,1977,71.0587
Lithuania,1976,71.2207
Lithuania,1975,71.1081
Lithuania,1974,71.5366
Lithuania,1973,71.6181
Lithuania,1972,71.3114
Lithuania,1971,72.0393
Lithuania,1970,71.103
Lithuania,1969,71.2263
Lithuania,1968,71.6307
Lithuania,1967,71.9572
Lithuania,1966,71.8729
Lithuania,1965,71.6943
Lithuania,1964,71.9352
Lithuania,1963,70.5679
Lithuania,1962,69.4382
Lithuania,1961,70.4642
Lithuania,1960,70.289
Lithuania,1959,69.404
Lithuania,1958,68.5558
Lithuania,1957,67.707
Lithuania,1956,66.8469
Lithuania,1955,66.6379
Lithuania,1954,66.4642
Lithuania,1953,66.3405
Lithuania,1952,66.231
Lithuania,1951,66.1478
Lithuania,1950,66.0682
Luxembourg,2023,82.2294
Luxembourg,2022,82.2007
Luxembourg,2021,81.8392
Luxembourg,2020,81.4108
Luxembourg,2019,81.5879
Luxembourg,2018,81.5187
Luxembourg,2017,81.0892
Luxembourg,2016,81.6199
Luxembourg,2015,81.2561
Luxembourg,2014,81.2359
Luxembourg,2013,80.8544
Luxembourg,2012,80.4383
Luxembourg,2011,80.2848
Luxembourg,2010,80.0987
Luxembourg,2009,79.9074
Luxembourg,2008,80.1066
Luxembourg,2007,79.1157
Luxembourg,2006,78.8384
Luxembourg,2005,78.8786
Luxembourg,2004,78.6583
Luxembourg,2003,77.2624
Luxembourg,2002,77.5518
Luxembourg,2001,77.5298
Luxembourg,2000,77.2635
Luxembourg,1999,76.9864
Luxembourg,1998,76.5712
Luxembourg,1997,76.3903
Luxembourg,1996,76.1684
Luxembourg,1995,75.8777
Luxembourg,1994,75.9312
Luxembourg,1993,75.4257
Luxembourg,1992,74.7464
Luxembourg,1991,74.9643
Luxembourg,1990,74.9674
Luxembourg,1989,74.2857
Luxembourg,1988,74.2769
Luxembourg,1987,73.867
Luxembourg,1986,74.0853
Luxembourg,1985,73.2839
Luxembourg,1984,72.7176
Luxembourg,1983,72.9783
Luxembourg,1982,72.1571
Luxembourg,1981,72.0768
Luxembourg,1980,72.3869
Luxembourg,1979,72.2532
Luxembourg,1978,71.4712
Luxembourg,1977,71.4585
Luxembourg,1976,70.2437
Luxembourg,1975,70.3385
Luxembourg,1974,70.2216
Luxembourg,1973,70.3158
Luxembourg,1972,70.469
Luxembourg,1971,69.2462
Luxembourg,1970,69.2259
Luxembourg,1969,69.7169
Luxembourg,1968,69.994
Luxembourg,1967,69.4744
Luxembourg,1966,68.9074
Luxembourg,1965,69.2087
Luxembourg,1964,68.8282
Luxembourg,1963,68.6693
Luxembourg,1962,68.4002
Luxembourg,1961,69.1498
Luxembourg,1960,68.7831
Luxembourg,1959,68.3726
Luxembourg,1958,68.4131
Luxembourg,1957,66.8896
Luxembourg,1956,67.1388
Luxembourg,1955,67.3705
Luxembourg,1954,66.6653
Luxembourg,1953,66.3945
Luxembourg,1952,66.1218
Luxembourg,1951,65.8563
Luxembourg,1950,65.5467
Madagascar,2023,63.6317
Madagascar,2022,63.0677
Madagascar,2021,62.5157
Madagascar,2020,62.706
Madagascar,2019,63.5039
Madagascar,2018,63.4911
Madagascar,2017,63.4328
Madagascar,2016,63.4312
Madagascar,2015,63.3621
Madagascar,2014,63.2615
Madagascar,2013,63.1613
Madagascar,2012,63.0068
Madagascar,2011,62.8602
Madagascar,2010,62.5967
Madagascar,2009,62.3044
Madagascar,2008,61.9919
Madagascar,2007,61.5335
Madagascar,2006,61.1404
Madagascar,2005,60.6639
Madagascar,2004,60.1684
Madagascar,2003,59.6926
Madagascar,2002,59.1704
Madagascar,2001,58.6744
Madagascar,2000,57.9742
Madagascar,1999,57.4344
Madagascar,1998,56.8028
Madagascar,1997,56.1267
Madagascar,1996,55.4768
Madagascar,1995,54.845
Madagascar,1994,54.2469
Madagascar,1993,53.7325
Madagascar,1992,52.9464
Madagascar,1991,52.555
Madagascar,1990,52.1403
Madagascar,1989,51.8158
Madagascar,1988,51.4246
Madagascar,1987,51.0984
Madagascar,1986,50.6515
Madagascar,1985,50.406
Madagascar,1984,50.2087
Madagascar,1983,50.1072
Madagascar,1982,50.009
Madagascar,1981,49.8063
Madagascar,1980,49.9844
Madagascar,1979,50.0591
Madagascar,1978,50.017
Madagascar,1977,49.9447
Madagascar,1976,49.7996
Madagascar,1975,49.596
Madagascar,1974,49.3032
Madagascar,1973,48.9208
Madagascar,1972,48.5068
Madagascar,1971,48.2041
Madagascar,1970,47.8984
Madagascar,1969,47.3223
Madagascar,1968,46.9324
Madagascar,1967,46.4571
Madagascar,1966,45.9797
Madagascar,1965,45.4474
Madagascar,1964,45.0367
Madagascar,1963,44.6257
Madagascar,1962,44.1855
Madagascar,1961,43.79
Madagascar,1960,43.3485
Madagascar,1959,42.9518
Madagascar,1958,42.5049
Madagascar,1957,42.1134
Madagascar,1956,41.6911
Madagascar,1955,41.278
Madagascar,1954,40.9484
Madagascar,1953,40.6562
Madagascar,1952,40.3407
Madagascar,1951,39.9402
Madagascar,1950,39.6578
Malawi,2023,67.3535
Malawi,2022,66.037
Malawi,2021,64.782
Malawi,2020,65.2159
Malawi,2019,64.995
Malawi,2018,64.4641
Malawi,2017,63.9145
Malawi,2016,63.163
Malawi,2015,62.324
Malawi,2014,61.6507
Malawi,2013,60.8158
Malawi,2012,59.8695
Malawi,2011,58.8589
Malawi,2010,57.787
Malawi,2009,56.7139
Malawi,2008,55.7151
Malawi,2007,54.6867
Malawi,2006,53.652
Malawi,2005,52.4693
Malawi,2004,51.0731
Malawi,2003,49.6013
Malawi,2002,48.1757
Malawi,2001,47.2049
Malawi,2000,46.1698
Malawi,1999,45.06
Malawi,1998,44.2995
Malawi,1997,44.1995
Malawi,1996,44.0051
Malawi,1995,43.8043
Malawi,1994,43.8
Malawi,1993,43.6485
Malawi,1992,43.6363
Malawi,1991,43.5397
Malawi,1990,43.5748
Malawi,1989,43.5152
Malawi,1988,43.5694
Malawi,1987,43.9024
Malawi,1986,44.2977
Malawi,1985,44.5678
Malawi,1984,44.8067
Malawi,1983,44.974
Malawi,1982,44.8399
Malawi,1981,44.72
Malawi,1980,44.3308
Malawi,1979,43.7031
Malawi,1978,43.0025
Malawi,1977,41.9789
Malawi,1976,41.0223
Malawi,1975,40.0794
Malawi,1974,39.1965
Malawi,1973,38.355
Malawi,1972,37.6084
Malawi,1971,37.095
Malawi,1970,36.638
Malawi,1969,36.3007
Malawi,1968,36.085
Malawi,1967,35.9406
Malawi,1966,35.8305
Malawi,1965,35.7401
Malawi,1964,35.6806
Malawi,1963,35.6426
Malawi,1962,35.4491
Malawi,1961,35.2295
Malawi,1960,34.9862
Malawi,1959,34.7611
Malawi,1958,34.4411
Malawi,1957,34.1069
Malawi,1956,33.8494
Malawi,1955,33.5805
Malawi,1954,33.3479
Malawi,1953,33.164
Malawi,1952,32.9852
Malawi,1951,32.8244
Malawi,1950,32.6601
Malaysia,2023,76.6571
Malaysia,2022,75.4442
Malaysia,2021,73.9172
Malaysia,2020,76.0566
Malaysia,2019,75.9005
Malaysia,2018,75.7341
Malaysia,2017,75.542
Malaysia,2016,75.3712
Malaysia,2015,75.2876
Malaysia,2014,75.3451
Malaysia,2013,75.464
Malaysia,2012,75.5524
Malaysia,2011,75.4878
Malaysia,2010,75.3761
Malaysia,2009,75.2694
Malaysia,2008,75.1514
Malaysia,2007,74.9611
Malaysia,2006,74.6969
Malaysia,2005,74.3699
Malaysia,2004,74.0269
Malaysia,2003,73.7273
Malaysia,2002,73.4695
Malaysia,2001,73.08
Malaysia,2000,72.7324
Malaysia,1999,72.4278
Malaysia,1998,72.3854
Malaysia,1997,72.2959
Malaysia,1996,72.1191
Malaysia,1995,71.9792
Malaysia,1994,71.8651
Malaysia,1993,71.7209
Malaysia,1992,71.4832
Malaysia,1991,71.2192
Malaysia,1990,70.9516
Malaysia,1989,70.7589
Malaysia,1988,70.5507
Malaysia,1987,70.3514
Malaysia,1986,70.1328
Malaysia,1985,69.8626
Malaysia,1984,69.5507
Malaysia,1983,69.2054
Malaysia,1982,68.8758
Malaysia,1981,68.4607
Malaysia,1980,68.0609
Malaysia,1979,67.607
Malaysia,1978,67.1704
Malaysia,1977,66.7201
Malaysia,1976,66.2328
Malaysia,1975,65.6974
Malaysia,1974,65.2041
Malaysia,1973,64.7255
Malaysia,1972,64.2323
Malaysia,1971,63.7697
Malaysia,1970,63.2983
Malaysia,1969,62.8683
Malaysia,1968,62.4434
Malaysia,1967,62.0442
Malaysia,1966,61.6788
Malaysia,1965,61.1444
Malaysia,1964,60.4476
Malaysia,1963,59.6674
Malaysia,1962,58.8553
Malaysia,1961,58.015
Malaysia,1960,57.1681
Malaysia,1959,56.3127
Malaysia,1958,55.4082
Malaysia,1957,54.5086
Malaysia,1956,53.6704
Malaysia,1955,52.8412
Malaysia,1954,51.9846
Malaysia,1953,51.1297
Malaysia,1952,50.1479
Malaysia,1951,49.2215
Malaysia,1950,48.4913
Maldives,2023,81.0412
Maldives,2022,80.7595
Maldives,2021,78.052
Maldives,2020,78.713
Maldives,2019,79.7071
Maldives,2018,79.4331
Maldives,2017,79.2278
Maldives,2016,78.9128
Maldives,2015,78.6073
Maldives,2014,78.1873
Maldives,2013,77.8474
Maldives,2012,77.5123
Maldives,2011,77.1409
Maldives,2010,76.7556
Maldives,2009,76.3714
Maldives,2008,75.9994
Maldives,2007,75.7108
Maldives,2006,75.2558
Maldives,2005,74.7846
Maldives,2004,73.0085
Maldives,2003,73.2634
Maldives,2002,72.3597
Maldives,2001,71.6593
Maldives,2000,70.8919
Maldives,1999,70.1567
Maldives,1998,69.303
Maldives,1997,68.5171
Maldives,1996,67.7337
Maldives,1995,66.9619
Maldives,1994,66.1968
Maldives,1993,65.4343
Maldives,1992,64.6643
Maldives,1991,63.9106
Maldives,1990,63.1478
Maldives,1989,62.3753
Maldives,1988,61.5899
Maldives,1987,60.7895
Maldives,1986,59.9927
Maldives,1985,59.1796
Maldives,1984,58.3414
Maldives,1983,57.4845
Maldives,1982,56.6136
Maldives,1981,55.7288
Maldives,1980,54.8186
Maldives,1979,53.8706
Maldives,1978,50.4478
Maldives,1977,51.8352
Maldives,1976,50.7531
Maldives,1975,49.6453
Maldives,1974,48.5347
Maldives,1973,47.4588
Maldives,1972,46.431
Maldives,1971,45.4542
Maldives,1970,44.5217
Maldives,1969,43.654
Maldives,1968,42.8515
Maldives,1967,42.1064
Maldives,1966,41.4058
Maldives,1965,40.7586
Maldives,1964,40.1519
Maldives,1963,39.5935
Maldives,1962,39.0899
Maldives,1961,38.6455
Maldives,1960,38.2441
Maldives,1959,37.8863
Maldives,1958,37.585
Maldives,1957,37.3368
Maldives,1956,37.1457
Maldives,1955,37.0121
Maldives,1954,36.9478
Maldives,1953,36.9461
Maldives,1952,36.9984
Maldives,1951,37.0766
Maldives,1950,36.4929
Mali,2023,60.4394
Mali,2022,60.0347
Mali,2021,59.116
Mali,2020,58.8577
Mali,2019,59.2173
Mali,2018,58.8728
Mali,2017,58.562
Mali,2016,58.2857
Mali,2015,57.8519
Mali,2014,57.4818
Mali,2013,57.0523
Mali,2012,56.6959
Mali,2011,56.3673
Mali,2010,55.9931
Mali,2009,55.5883
Mali,2008,55.1868
Mali,2007,54.7561
Mali,2006,54.3046
Mali,2005,53.7925
Mali,2004,53.2527
Mali,2003,52.632
Mali,2002,51.9954
Mali,2001,51.3004
Mali,2000,50.6046
Mali,1999,50.0603
Mali,1998,49.5919
Mali,1997,49.0859
Mali,1996,48.4997
Mali,1995,48.2925
Mali,1994,47.914
Mali,1993,47.5855
Mali,1992,47.2381
Mali,1991,46.8892
Mali,1990,46.5415
Mali,1989,46.2369
Mali,1988,45.7198
Mali,1987,45.2276
Mali,1986,44.6197
Mali,1985,43.9214
Mali,1984,43.3959
Mali,1983,42.7483
Mali,1982,41.8044
Mali,1981,40.9837
Mali,1980,40.2659
Mali,1979,39.5061
Mali,1978,38.761
Mali,1977,37.9856
Mali,1976,37.2039
Mali,1975,36.4844
Mali,1974,35.7492
Mali,1973,35.087
Mali,1972,34.5068
Mali,1971,33.8044
Mali,1970,33.396
Mali,1969,32.871
Mali,1968,32.5682
Mali,1967,32.1969
Mali,1966,31.792
Mali,1965,31.5285
Mali,1964,31.2314
Mali,1963,31.0203
Mali,1962,30.8327
Mali,1961,30.6366
Mali,1960,30.4589
Mali,1959,30.3357
Mali,1958,30.1933
Mali,1957,30.0634
Mali,1956,29.8542
Mali,1955,29.689
Mali,1954,29.5063
Mali,1953,29.3921
Mali,1952,29.1391
Mali,1951,28.9102
Mali,1950,28.731
Malta,2023,83.2989
Malta,2022,82.2496
Malta,2021,82.3161
Malta,2020,82.3358
Malta,2019,82.8387
Malta,2018,82.9083
Malta,2017,83.0891
Malta,2016,82.6567
Malta,2015,82.5914
Malta,2014,82.3176
Malta,2013,81.8181
Malta,2012,81.0638
Malta,2011,80.8038
Malta,2010,81.3977
Malta,2009,80.4155
Malta,2008,79.6904
Malta,2007,79.7375
Malta,2006,79.5611
Malta,2005,79.4894
Malta,2004,79.1661
Malta,2003,78.6961
Malta,2002,78.4668
Malta,2001,78.9023
Malta,2000,77.9031
Malta,1999,77.7525
Malta,1998,77.7987
Malta,1997,77.3158
Malta,1996,76.3211
Malta,1995,76.9817
Malta,1994,76.9457
Malta,1993,76.8337
Malta,1992,76.68
Malta,1991,76.4884
Malta,1990,76.1597
Malta,1989,76.168
Malta,1988,75.8669
Malta,1987,75.3019
Malta,1986,74.4818
Malta,1985,73.85
Malta,1984,73.3093
Malta,1983,73.1006
Malta,1982,72.8299
Malta,1981,72.3673
Malta,1980,72.3212
Malta,1979,72.4952
Malta,1978,72.3377
Malta,1977,72.3291
Malta,1976,72.2084
Malta,1975,72.0669
Malta,1974,71.9465
Malta,1973,71.3222
Malta,1972,70.6803
Malta,1971,70.1435
Malta,1970,70.3711
Malta,1969,70.0616
Malta,1968,69.905
Malta,1967,69.7908
Malta,1966,69.7385
Malta,1965,69.4531
Malta,1964,69.3405
Malta,1963,69.249
Malta,1962,69.1717
Malta,1961,68.4193
Malta,1960,68.4415
Malta,1959,68.3727
Malta,1958,67.8339
Malta,1957,67.4676
Malta,1956,66.7607
Malta,1955,66.2871
Malta,1954,65.0581
Malta,1953,64.2976
Malta,1952,64.0584
Malta,1951,63.9128
Malta,1950,63.4738
Marshall Islands,2023,66.9454
Marshall Islands,2022,66.7245
Marshall Islands,2021,65.4209
Marshall Islands,2020,65.3873
Marshall Islands,2019,66.0473
Marshall Islands,2018,65.8703
Marshall Islands,2017,65.6731
Marshall Islands,2016,65.4768
Marshall Islands,2015,65.2922
Marshall Islands,2014,65.11
Marshall Islands,2013,64.9545
Marshall Islands,2012,64.7761
Marshall Islands,2011,64.6407
Marshall Islands,2010,64.4977
Marshall Islands,2009,64.3946
Marshall Islands,2008,64.3003
Marshall Islands,2007,64.2594
Marshall Islands,2006,64.2072
Marshall Islands,2005,64.1124
Marshall Islands,2004,64.0442
Marshall Islands,2003,63.9562
Marshall Islands,2002,63.8483
Marshall Islands,2001,63.7347
Marshall Islands,2000,63.3233
Marshall Islands,1999,63.4207
Marshall Islands,1998,63.2175
Marshall Islands,1997,63.0146
Marshall Islands,1996,62.7654
Marshall Islands,1995,62.5147
Marshall Islands,1994,62.3083
Marshall Islands,1993,62.085
Marshall Islands,1992,61.8996
Marshall Islands,1991,61.792
Marshall Islands,1990,61.7558
Marshall Islands,1989,61.7327
Marshall Islands,1988,61.7781
Marshall Islands,1987,61.8084
Marshall Islands,1986,61.7779
Marshall Islands,1985,61.7115
Marshall Islands,1984,61.6024
Marshall Islands,1983,61.4521
Marshall Islands,1982,61.2933
Marshall Islands,1981,61.1386
Marshall Islands,1980,60.9888
Marshall Islands,1979,60.8447
Marshall Islands,1978,60.7007
Marshall Islands,1977,60.5718
Marshall Islands,1976,60.4156
Marshall Islands,1975,60.2731
Marshall Islands,1974,60.1196
Marshall Islands,1973,59.8327
Marshall Islands,1972,59.4906
Marshall Islands,1971,59.1326
Marshall Islands,1970,58.7978
Marshall Islands,1969,58.5036
Marshall Islands,1968,58.1916
Marshall Islands,1967,57.7644
Marshall Islands,1966,57.2839
Marshall Islands,1965,56.7788
Marshall Islands,1964,56.2649
Marshall Islands,1963,55.7391
Marshall Islands,1962,55.2138
Marshall Islands,1961,54.7252
Marshall Islands,1960,54.3586
Marshall Islands,1959,53.97
Marshall Islands,1958,53.6293
Marshall Islands,1957,53.3699
Marshall Islands,1956,53.1574
Marshall Islands,1955,52.9969
Marshall Islands,1954,52.8929
Marshall Islands,1953,52.805
Marshall Islands,1952,52.7329
Marshall Islands,1951,52.6716
Marshall Islands,1950,52.6109
Mauritania,2023,68.4836
Mauritania,2022,68.2807
Mauritania,2021,66.7618
Mauritania,2020,66.7943
Mauritania,2019,67.6397
Mauritania,2018,67.4195
Mauritania,2017,67.0885
Mauritania,2016,66.8235
Mauritania,2015,66.4982
Mauritania,2014,66.2069
Mauritania,2013,65.8899
Mauritania,2012,65.808
Mauritania,2011,65.7544
Mauritania,2010,65.6606
Mauritania,2009,65.485
Mauritania,2008,65.2328
Mauritania,2007,64.8845
Mauritania,2006,64.4926
Mauritania,2005,63.9197
Mauritania,2004,63.3688
Mauritania,2003,62.8047
Mauritania,2002,62.249
Mauritania,2001,61.6617
Mauritania,2000,61.0435
Mauritania,1999,60.4426
Mauritania,1998,59.8896
Mauritania,1997,59.4171
Mauritania,1996,58.9149
Mauritania,1995,58.8615
Mauritania,1994,58.7633
Mauritania,1993,58.7327
Mauritania,1992,58.5683
Mauritania,1991,58.2907
Mauritania,1990,58.0869
Mauritania,1989,57.6994
Mauritania,1988,57.4826
Mauritania,1987,56.9641
Mauritania,1986,56.3232
Mauritania,1985,55.8082
Mauritania,1984,55.1952
Mauritania,1983,54.5798
Mauritania,1982,54.2289
Mauritania,1981,53.684
Mauritania,1980,53.2042
Mauritania,1979,52.7629
Mauritania,1978,52.3491
Mauritania,1977,51.9976
Mauritania,1976,51.7705
Mauritania,1975,51.5712
Mauritania,1974,51.4325
Mauritania,1973,51.2159
Mauritania,1972,51.037
Mauritania,1971,50.7573
Mauritania,1970,50.5445
Mauritania,1969,50.0852
Mauritania,1968,49.5065
Mauritania,1967,48.8928
Mauritania,1966,48.1348
Mauritania,1965,47.3596
Mauritania,1964,46.5808
Mauritania,1963,45.7937
Mauritania,1962,45.0468
Mauritania,1961,44.3067
Mauritania,1960,43.6109
Mauritania,1959,42.8935
Mauritania,1958,42.2953
Mauritania,1957,41.7364
Mauritania,1956,41.1409
Mauritania,1955,40.5829
Mauritania,1954,40.1389
Mauritania,1953,39.6001
Mauritania,1952,39.1971
Mauritania,1951,38.8458
Mauritania,1950,38.378
Mauritius,2023,74.9263
Mauritius,2022,73.5445
Mauritius,2021,72.903
Mauritius,2020,74.6572
Mauritius,2019,74.1811
Mauritius,2018,74.4909
Mauritius,2017,75.024
Mauritius,2016,74.85
Mauritius,2015,74.673
Mauritius,2014,74.6143
Mauritius,2013,74.4298
Mauritius,2012,74.3302
Mauritius,2011,74.0678
Mauritius,2010,73.6475
Mauritius,2009,73.26
Mauritius,2008,73.1239
Mauritius,2007,72.8856
Mauritius,2006,72.7813
Mauritius,2005,72.6439
Mauritius,2004,72.5465
Mauritius,2003,72.3074
Mauritius,2002,72.0549
Mauritius,2001,71.9853
Mauritius,2000,71.7597
Mauritius,1999,71.3903
Mauritius,1998,70.8944
Mauritius,1997,70.6836
Mauritius,1996,70.5243
Mauritius,1995,70.5995
Mauritius,1994,70.4197
Mauritius,1993,70.3647
Mauritius,1992,70.2128
Mauritius,1991,70.0506
Mauritius,1990,69.7706
Mauritius,1989,69.535
Mauritius,1988,69.4411
Mauritius,1987,69.185
Mauritius,1986,68.8882
Mauritius,1985,68.7248
Mauritius,1984,68.6358
Mauritius,1983,68.4074
Mauritius,1982,67.9498
Mauritius,1981,67.2158
Mauritius,1980,66.5085
Mauritius,1979,66.0173
Mauritius,1978,65.2607
Mauritius,1977,64.8275
Mauritius,1976,64.0297
Mauritius,1975,64.3682
Mauritius,1974,64.2175
Mauritius,1973,64.253
Mauritius,1972,63.7989
Mauritius,1971,63.8434
Mauritius,1970,63.6917
Mauritius,1969,62.7015
Mauritius,1968,62.1004
Mauritius,1967,61.7188
Mauritius,1966,62.1068
Mauritius,1965,62.0689
Mauritius,1964,61.5215
Mauritius,1963,61.1478
Mauritius,1962,60.4612
Mauritius,1961,59.543
Mauritius,1960,58.404
Mauritius,1959,57.4036
Mauritius,1958,56.3891
Mauritius,1957,55.6779
Mauritius,1956,55.0713
Mauritius,1955,53.7694
Mauritius,1954,52.2188
Mauritius,1953,51.5049
Mauritius,1952,52.1052
Mauritius,1951,52.4701
Mauritius,1950,51.9377
Mexico,2023,75.069
Mexico,2022,73.9731
Mexico,2021,69.7499
Mexico,2020,70.4492
Mexico,2019,74.5302
Mexico,2018,74.3009
Mexico,2017,74.2609
Mexico,2016,74.3763
Mexico,2015,74.4315
Mexico,2014,74.4044
Mexico,2013,74.289
Mexico,2012,74.1278
Mexico,2011,73.9209
Mexico,2010,73.7181
Mexico,2009,73.6281
Mexico,2008,73.6949
Mexico,2007,73.7955
Mexico,2006,73.7457
Mexico,2005,73.6267
Mexico,2004,73.4324
Mexico,2003,73.308
Mexico,2002,73.1056
Mexico,2001,72.9118
Mexico,2000,72.5621
Mexico,1999,72.2034
Mexico,1998,71.7924
Mexico,1997,71.4723
Mexico,1996,71.0876
Mexico,1995,70.703
Mexico,1994,70.3017
Mexico,1993,69.9607
Mexico,1992,69.6633
Mexico,1991,69.3683
Mexico,1990,69.0342
Mexico,1989,68.6209
Mexico,1988,68.2994
Mexico,1987,67.9037
Mexico,1986,67.3767
Mexico,1985,66.7745
Mexico,1984,66.2145
Mexico,1983,65.7563
Mexico,1982,65.2561
Mexico,1981,64.7219
Mexico,1980,64.2819
Mexico,1979,63.8618
Mexico,1978,63.4347
Mexico,1977,62.9879
Mexico,1976,62.4748
Mexico,1975,61.8832
Mexico,1974,61.1799
Mexico,1973,60.5177
Mexico,1972,60.0514
Mexico,1971,59.4148
Mexico,1970,58.8934
Mexico,1969,58.4128
Mexico,1968,58.2202
Mexico,1967,57.9592
Mexico,1966,57.3552
Mexico,1965,56.6876
Mexico,1964,55.9164
Mexico,1963,55.501
Mexico,1962,55.0573
Mexico,1961,54.4218
Mexico,1960,53.5732
Mexico,1959,52.6611
Mexico,1958,51.8354
Mexico,1957,51.1148
Mexico,1956,50.3553
Mexico,1955,49.5978
Mexico,1954,48.2999
Mexico,1953,47.0446
Mexico,1952,45.6679
Mexico,1951,44.7707
Mexico,1950,43.8357
Micronesia,2023,67.1983
Micronesia,2022,66.9606
Micronesia,2021,66.1516
Micronesia,2020,65.8776
Micronesia,2019,66.1957
Micronesia,2018,65.9427
Micronesia,2017,65.7612
Micronesia,2016,65.5757
Micronesia,2015,65.3065
Micronesia,2014,65.294
Micronesia,2013,65.1786
Micronesia,2012,65.0802
Micronesia,2011,64.9685
Micronesia,2010,64.8919
Micronesia,2009,64.8652
Micronesia,2008,64.8489
Micronesia,2007,64.8437
Micronesia,2006,64.8588
Micronesia,2005,64.9065
Micronesia,2004,64.8985
Micronesia,2003,64.9148
Micronesia,2002,63.9075
Micronesia,2001,64.8013
Micronesia,2000,64.3173
Micronesia,1999,64.6261
Micronesia,1998,64.5091
Micronesia,1997,64.3714
Micronesia,1996,64.2534
Micronesia,1995,64.1421
Micronesia,1994,64.0825
Micronesia,1993,64.041
Micronesia,1992,63.9961
Micronesia,1991,63.8813
Micronesia,1990,63.7217
Micronesia,1989,63.6165
Micronesia,1988,63.4607
Micronesia,1987,63.2057
Micronesia,1986,63.1508
Micronesia,1985,63.0284
Micronesia,1984,62.9226
Micronesia,1983,62.8287
Micronesia,1982,62.7471
Micronesia,1981,62.6676
Micronesia,1980,62.5564
Micronesia,1979,62.4598
Micronesia,1978,62.3063
Micronesia,1977,62.1179
Micronesia,1976,61.8846
Micronesia,1975,61.6169
Micronesia,1974,61.3191
Micronesia,1973,60.9553
Micronesia,1972,60.6077
Micronesia,1971,60.1818
Micronesia,1970,59.7741
Micronesia,1969,59.3086
Micronesia,1968,58.8267
Micronesia,1967,58.3049
Micronesia,1966,57.7501
Micronesia,1965,57.1988
Micronesia,1964,56.655
Micronesia,1963,56.0039
Micronesia,1962,55.3929
Micronesia,1961,54.736
Micronesia,1960,54.1947
Micronesia,1959,53.5748
Micronesia,1958,52.9462
Micronesia,1957,52.3097
Micronesia,1956,51.7258
Micronesia,1955,51.1396
Micronesia,1954,50.5769
Micronesia,1953,50.009
Micronesia,1952,49.4735
Micronesia,1951,48.94
Micronesia,1950,48.3555
Monaco,2023,86.3724
Monaco,2022,85.7464
Monaco,2021,85.1126
Monaco,2020,86.0893
Monaco,2019,86.1507
Monaco,2018,86.0843
Monaco,2017,85.8784
Monaco,2016,85.6302
Monaco,2015,85.3231
Monaco,2014,85.0925
Monaco,2013,85.0557
Monaco,2012,85.0451
Monaco,2011,85.0099
Monaco,2010,84.6441
Monaco,2009,84.1871
Monaco,2008,83.8271
Monaco,2007,83.9034
Monaco,2006,84.1944
Monaco,2005,84.3396
Monaco,2004,84.1511
Monaco,2003,83.6128
Monaco,2002,83.0547
Monaco,2001,82.485
Monaco,2000,82.1207
Monaco,1999,81.8264
Monaco,1998,81.6054
Monaco,1997,81.358
Monaco,1996,81.1335
Monaco,1995,80.9021
Monaco,1994,80.6543
Monaco,1993,80.3646
Monaco,1992,80.0654
Monaco,1991,79.7494
Monaco,1990,79.4356
Monaco,1989,79.4156
Monaco,1988,79.4083
Monaco,1987,79.2571
Monaco,1986,78.3999
Monaco,1985,77.3626
Monaco,1984,76.3935
Monaco,1983,75.6974
Monaco,1982,75.2555
Monaco,1981,74.9528
Monaco,1980,74.9484
Monaco,1979,74.87
Monaco,1978,74.6563
Monaco,1977,74.1934
Monaco,1976,73.7974
Monaco,1975,73.5226
Monaco,1974,73.4215
Monaco,1973,73.374
Monaco,1972,73.3806
Monaco,1971,73.365
Monaco,1970,73.3485
Monaco,1969,73.2493
Monaco,1968,73.1696
Monaco,1967,73.0579
Monaco,1966,73.03
Monaco,1965,72.8663
Monaco,1964,72.7064
Monaco,1963,72.4764
Monaco,1962,72.4374
Monaco,1961,72.1773
Monaco,1960,71.8614
Monaco,1959,71.3547
Monaco,1958,71.0988
Monaco,1957,70.8671
Monaco,1956,70.7233
Monaco,1955,70.4102
Monaco,1954,70.0291
Monaco,1953,69.5604
Monaco,1952,68.9097
Monaco,1951,68.3578
Monaco,1950,68.0003
Mongolia,2023,71.7341
Mongolia,2022,71.5049
Mongolia,2021,68.5654
Mongolia,2020,70.0291
Mongolia,2019,70.6631
Mongolia,2018,70.5743
Mongolia,2017,70.1709
Mongolia,2016,69.736
Mongolia,2015,69.2386
Mongolia,2014,68.7366
Mongolia,2013,68.2101
Mongolia,2012,67.6113
Mongolia,2011,67.167
Mongolia,2010,67.1004
Mongolia,2009,67.1727
Mongolia,2008,67.0861
Mongolia,2007,66.4713
Mongolia,2006,65.5694
Mongolia,2005,64.8105
Mongolia,2004,64.3431
Mongolia,2003,64.1349
Mongolia,2002,63.9924
Mongolia,2001,63.8055
Mongolia,2000,63.4577
Mongolia,1999,62.8346
Mongolia,1998,62.1208
Mongolia,1997,61.4377
Mongolia,1996,60.9996
Mongolia,1995,60.8909
Mongolia,1994,60.8555
Mongolia,1993,60.8286
Mongolia,1992,60.4404
Mongolia,1991,59.8178
Mongolia,1990,58.8174
Mongolia,1989,58.1296
Mongolia,1988,57.5082
Mongolia,1987,57.1194
Mongolia,1986,56.7632
Mongolia,1985,56.4415
Mongolia,1984,56.1465
Mongolia,1983,55.8725
Mongolia,1982,55.623
Mongolia,1981,55.405
Mongolia,1980,55.2202
Mongolia,1979,55.0687
Mongolia,1978,54.9233
Mongolia,1977,54.771
Mongolia,1976,54.5826
Mongolia,1975,54.3345
Mongolia,1974,54.0209
Mongolia,1973,53.6012
Mongolia,1972,53.1083
Mongolia,1971,52.5586
Mongolia,1970,51.9931
Mongolia,1969,51.4065
Mongolia,1968,50.7826
Mongolia,1967,50.1282
Mongolia,1966,49.3694
Mongolia,1965,48.7164
Mongolia,1964,47.9484
Mongolia,1963,47.1347
Mongolia,1962,46.2682
Mongolia,1961,45.4075
Mongolia,1960,44.5422
Mongolia,1959,43.684
Mongolia,1958,42.8381
Mongolia,1957,40.3987
Mongolia,1956,41.3525
Mongolia,1955,40.7345
Mongolia,1954,40.2072
Mongolia,1953,39.7713
Mongolia,1952,39.4042
Mongolia,1951,39.0525
Mongolia,1950,38.5981
Montenegro,2023,77.0869
Montenegro,2022,75.9214
Montenegro,2021,73.7893
Montenegro,2020,75.8503
Montenegro,2019,76.6392
Montenegro,2018,76.9215
Montenegro,2017,76.5929
Montenegro,2016,76.5647
Montenegro,2015,76.5939
Montenegro,2014,76.4679
Montenegro,2013,76.3539
Montenegro,2012,76.2367
Montenegro,2011,75.9607
Montenegro,2010,75.7125
Montenegro,2009,75.3973
Montenegro,2008,75.0006
Montenegro,2007,74.6739
Montenegro,2006,74.6713
Montenegro,2005,74.4252
Montenegro,2004,74.3789
Montenegro,2003,74.226
Montenegro,2002,74.1306
Montenegro,2001,73.739
Montenegro,2000,73.5522
Montenegro,1999,73.2935
Montenegro,1998,73.4418
Montenegro,1997,73.5036
Montenegro,1996,73.6108
Montenegro,1995,73.7395
Montenegro,1994,73.7639
Montenegro,1993,73.8689
Montenegro,1992,73.7998
Montenegro,1991,73.9509
Montenegro,1990,73.8768
Montenegro,1989,73.8142
Montenegro,1988,73.4096
Montenegro,1987,73.1791
Montenegro,1986,72.7793
Montenegro,1985,72.4302
Montenegro,1984,72.2892
Montenegro,1983,72.3045
Montenegro,1982,72.3044
Montenegro,1981,72.126
Montenegro,1980,72.2447
Montenegro,1979,71.4901
Montenegro,1978,71.9191
Montenegro,1977,71.829
Montenegro,1976,72.0587
Montenegro,1975,71.9195
Montenegro,1974,71.6272
Montenegro,1973,71.5909
Montenegro,1972,71.2464
Montenegro,1971,70.818
Montenegro,1970,70.4035
Montenegro,1969,70.1543
Montenegro,1968,69.8257
Montenegro,1967,69.2593
Montenegro,1966,68.6164
Montenegro,1965,68.08
Montenegro,1964,67.3866
Montenegro,1963,66.7834
Montenegro,1962,66.3954
Montenegro,1961,66.1027
Montenegro,1960,65.6777
Montenegro,1959,64.7149
Montenegro,1958,63.8164
Montenegro,1957,63.0007
Montenegro,1956,62.0081
Montenegro,1955,60.9027
Montenegro,1954,60.7751
Montenegro,1953,59.6883
Montenegro,1952,59.0558
Montenegro,1951,58.5473
Montenegro,1950,58.0261
Morocco,2023,75.3128
Morocco,2022,75.1614
Morocco,2021,73.3848
Morocco,2020,73.1327
Morocco,2019,74.2446
Morocco,2018,73.9456
Morocco,2017,73.6079
Morocco,2016,73.2279
Morocco,2015,72.8938
Morocco,2014,72.5225
Morocco,2013,72.1174
Morocco,2012,71.674
Morocco,2011,71.2634
Morocco,2010,70.8211
Morocco,2009,70.4543
Morocco,2008,70.0509
Morocco,2007,69.6197
Morocco,2006,69.1574
Morocco,2005,68.7475
Morocco,2004,68.2721
Morocco,2003,67.9577
Morocco,2002,67.5817
Morocco,2001,67.1996
Morocco,2000,66.7937
Morocco,1999,66.4037
Morocco,1998,66.0078
Morocco,1997,65.6159
Morocco,1996,65.2257
Morocco,1995,64.7246
Morocco,1994,64.3459
Morocco,1993,63.8679
Morocco,1992,63.3883
Morocco,1991,62.9186
Morocco,1990,62.3958
Morocco,1989,61.8236
Morocco,1988,61.2312
Morocco,1987,60.6199
Morocco,1986,59.9514
Morocco,1985,59.208
Morocco,1984,58.4378
Morocco,1983,57.6854
Morocco,1982,56.8689
Morocco,1981,56.0233
Morocco,1980,55.2189
Morocco,1979,54.3758
Morocco,1978,53.5536
Morocco,1977,52.7912
Morocco,1976,52.0478
Morocco,1975,51.3564
Morocco,1974,50.762
Morocco,1973,50.2196
Morocco,1972,49.7059
Morocco,1971,49.1688
Morocco,1970,48.6908
Morocco,1969,48.1867
Morocco,1968,47.6593
Morocco,1967,47.0993
Morocco,1966,46.4953
Morocco,1965,45.9223
Morocco,1964,45.3459
Morocco,1963,44.7682
Morocco,1962,44.2263
Morocco,1961,43.6945
Morocco,1960,41.7302
Morocco,1959,42.6783
Morocco,1958,42.1801
Morocco,1957,41.6867
Morocco,1956,41.2163
Morocco,1955,40.7795
Morocco,1954,40.359
Morocco,1953,39.9553
Morocco,1952,39.5592
Morocco,1951,39.1455
Morocco,1950,38.7684
Mozambique,2023,63.6111
Mozambique,2022,63.0115
Mozambique,2021,60.2683
Mozambique,2020,61.3904
Mozambique,2019,61.3059
Mozambique,2018,60.7904
Mozambique,2017,60.1484
Mozambique,2016,59.455
Mozambique,2015,58.711
Mozambique,2014,57.965
Mozambique,2013,57.1889
Mozambique,2012,56.4604
Mozambique,2011,55.7334
Mozambique,2010,55.0397
Mozambique,2009,54.3999
Mozambique,2008,53.7989
Mozambique,2007,53.2554
Mozambique,2006,52.7476
Mozambique,2005,52.3225
Mozambique,2004,51.8551
Mozambique,2003,51.3831
Mozambique,2002,50.8793
Mozambique,2001,50.2593
Mozambique,2000,49.4762
Mozambique,1999,48.8374
Mozambique,1998,48.2121
Mozambique,1997,47.7996
Mozambique,1996,47.1208
Mozambique,1995,46.5463
Mozambique,1994,46.0858
Mozambique,1993,45.6746
Mozambique,1992,45.0953
Mozambique,1991,44.7046
Mozambique,1990,44.3369
Mozambique,1989,43.8893
Mozambique,1988,43.6905
Mozambique,1987,41.0025
Mozambique,1986,40.9508
Mozambique,1985,38.9841
Mozambique,1984,38.897
Mozambique,1983,41.596
Mozambique,1982,41.6774
Mozambique,1981,41.6429
Mozambique,1980,43.9873
Mozambique,1979,43.914
Mozambique,1978,43.9627
Mozambique,1977,43.9237
Mozambique,1976,43.9227
Mozambique,1975,43.8207
Mozambique,1974,43.2109
Mozambique,1973,42.7239
Mozambique,1972,42.5234
Mozambique,1971,42.5806
Mozambique,1970,42.4593
Mozambique,1969,42.2667
Mozambique,1968,42.0999
Mozambique,1967,41.9525
Mozambique,1966,41.8351
Mozambique,1965,41.7922
Mozambique,1964,41.6563
Mozambique,1963,41.9578
Mozambique,1962,41.7607
Mozambique,1961,41.5003
Mozambique,1960,41.1966
Mozambique,1959,40.8746
Mozambique,1958,40.4661
Mozambique,1957,40.0576
Mozambique,1956,39.5942
Mozambique,1955,39.2669
Mozambique,1954,38.8661
Mozambique,1953,38.5055
Mozambique,1952,38.1
Mozambique,1951,37.7352
Mozambique,1950,37.3296
Myanmar,2023,66.889
Myanmar,2022,66.5058
Myanmar,2021,65.5535
Myanmar,2020,66.6121
Myanmar,2019,66.4567
Myanmar,2018,66.2322
Myanmar,2017,65.9086
Myanmar,2016,65.6399
Myanmar,2015,65.2877
Myanmar,2014,64.9941
Myanmar,2013,64.617
Myanmar,2012,64.2511
Myanmar,2011,63.8589
Myanmar,2010,63.4791
Myanmar,2009,63.0952
Myanmar,2008,56.3637
Myanmar,2007,62.3667
Myanmar,2006,62.0263
Myanmar,2005,61.7204
Myanmar,2004,61.4425
Myanmar,2003,61.196
Myanmar,2002,60.9245
Myanmar,2001,60.6398
Myanmar,2000,60.3567
Myanmar,1999,60.1066
Myanmar,1998,59.896
Myanmar,1997,59.5226
Myanmar,1996,59.1689
Myanmar,1995,58.6708
Myanmar,1994,58.3256
Myanmar,1993,58.0324
Myanmar,1992,57.681
Myanmar,1991,57.3955
Myanmar,1990,57.1587
Myanmar,1989,56.8887
Myanmar,1988,56.5699
Myanmar,1987,56.3534
Myanmar,1986,56.0835
Myanmar,1985,55.8162
Myanmar,1984,55.5963
Myanmar,1983,55.3081
Myanmar,1982,55.0332
Myanmar,1981,54.6991
Myanmar,1980,54.3744
Myanmar,1979,54.0256
Myanmar,1978,53.5216
Myanmar,1977,53.2664
Myanmar,1976,52.9082
Myanmar,1975,52.4933
Myanmar,1974,52.0915
Myanmar,1973,51.763
Myanmar,1972,51.3974
Myanmar,1971,51.0268
Myanmar,1970,50.4696
Myanmar,1969,50.0204
Myanmar,1968,49.3997
Myanmar,1967,48.8599
Myanmar,1966,48.1814
Myanmar,1965,47.4049
Myanmar,1964,46.6527
Myanmar,1963,45.9512
Myanmar,1962,45.2637
Myanmar,1961,44.6035
Myanmar,1960,44.0861
Myanmar,1959,43.4139
Myanmar,1958,42.7795
Myanmar,1957,42.0212
Myanmar,1956,41.1973
Myanmar,1955,40.4421
Myanmar,1954,39.5724
Myanmar,1953,38.6044
Myanmar,1952,37.7278
Myanmar,1951,36.5134
Myanmar,1950,35.6997
Namibia,2023,67.3848
Namibia,2022,64.1903
Namibia,2021,60.8499
Namibia,2020,64.0712
Namibia,2019,63.5463
Namibia,2018,62.5787
Namibia,2017,61.661
Namibia,2016,60.8098
Namibia,2015,60.0083
Namibia,2014,59.3113
Namibia,2013,58.4675
Namibia,2012,57.7335
Namibia,2011,56.6467
Namibia,2010,56.0935
Namibia,2009,55.3474
Namibia,2008,54.7401
Namibia,2007,54.026
Namibia,2006,53.1826
Namibia,2005,52.557
Namibia,2004,52.1755
Namibia,2003,51.9178
Namibia,2002,51.9882
Namibia,2001,51.9803
Namibia,2000,52.9462
Namibia,1999,53.9825
Namibia,1998,54.7672
Namibia,1997,55.8444
Namibia,1996,56.6387
Namibia,1995,57.5178
Namibia,1994,58.4407
Namibia,1993,59.2604
Namibia,1992,60.1601
Namibia,1991,60.8326
Namibia,1990,61.3586
Namibia,1989,60.773
Namibia,1988,59.033
Namibia,1987,59.1229
Namibia,1986,58.7248
Namibia,1985,58.4721
Namibia,1984,58.0967
Namibia,1983,57.6369
Namibia,1982,57.3347
Namibia,1981,56.9118
Namibia,1980,56.5725
Namibia,1979,59.5191
Namibia,1978,59.1107
Namibia,1977,58.586
Namibia,1976,58.0415
Namibia,1975,57.5505
Namibia,1974,56.943
Namibia,1973,56.4218
Namibia,1972,55.8454
Namibia,1971,55.2892
Namibia,1970,54.686
Namibia,1969,54.1257
Namibia,1968,53.5531
Namibia,1967,52.9329
Namibia,1966,52.3012
Namibia,1965,51.9973
Namibia,1964,51.3487
Namibia,1963,50.641
Namibia,1962,49.9724
Namibia,1961,49.242
Namibia,1960,48.5295
Namibia,1959,47.7912
Namibia,1958,47.1119
Namibia,1957,46.3756
Namibia,1956,45.7033
Namibia,1955,45.0467
Namibia,1954,44.4304
Namibia,1953,43.7514
Namibia,1952,43.1469
Namibia,1951,42.4977
Namibia,1950,41.9493
Nauru,2023,62.1094
Nauru,2022,61.9304
Nauru,2021,61.3312
Nauru,2020,61.5271
Nauru,2019,61.3931
Nauru,2018,61.2378
Nauru,2017,61.1011
Nauru,2016,60.9958
Nauru,2015,60.8969
Nauru,2014,60.8335
Nauru,2013,60.7009
Nauru,2012,60.5326
Nauru,2011,60.2868
Nauru,2010,60.0741
Nauru,2009,59.8524
Nauru,2008,59.6754
Nauru,2007,59.4899
Nauru,2006,59.4086
Nauru,2005,59.3608
Nauru,2004,59.3455
Nauru,2003,59.3587
Nauru,2002,59.427
Nauru,2001,59.4823
Nauru,2000,59.5743
Nauru,1999,59.7007
Nauru,1998,59.86
Nauru,1997,59.9848
Nauru,1996,60.0704
Nauru,1995,60.0627
Nauru,1994,59.9538
Nauru,1993,59.7613
Nauru,1992,59.5184
Nauru,1991,59.3124
Nauru,1990,59.1018
Nauru,1989,58.8996
Nauru,1988,58.7252
Nauru,1987,58.625
Nauru,1986,58.5911
Nauru,1985,58.598
Nauru,1984,58.6581
Nauru,1983,58.6935
Nauru,1982,58.6351
Nauru,1981,58.5549
Nauru,1980,58.4713
Nauru,1979,58.3742
Nauru,1978,58.2884
Nauru,1977,58.1443
Nauru,1976,58.2146
Nauru,1975,58.2507
Nauru,1974,58.31
Nauru,1973,58.3625
Nauru,1972,58.4051
Nauru,1971,58.427
Nauru,1970,58.4493
Nauru,1969,58.408
Nauru,1968,58.6332
Nauru,1967,58.6203
Nauru,1966,58.385
Nauru,1965,58.2547
Nauru,1964,58.1671
Nauru,1963,58.0993
Nauru,1962,58.0234
Nauru,1961,58.0045
Nauru,1960,57.9237
Nauru,1959,57.8718
Nauru,1958,57.7998
Nauru,1957,57.7386
Nauru,1956,57.6047
Nauru,1955,57.481
Nauru,1954,57.3787
Nauru,1953,57.1585
Nauru,1952,56.9675
Nauru,1951,56.7633
Nauru,1950,56.6094
Nepal,2023,70.3537
Nepal,2022,70.0869
Nepal,2021,68.3846
Nepal,2020,69.1065
Nepal,2019,69.2992
Nepal,2018,69.036
Nepal,2017,68.7398
Nepal,2016,68.4436
Nepal,2015,67.3736
Nepal,2014,67.812
Nepal,2013,67.5978
Nepal,2012,67.3637
Nepal,2011,67.1234
Nepal,2010,66.7724
Nepal,2009,66.6004
Nepal,2008,66.4425
Nepal,2007,66.1686
Nepal,2006,65.8907
Nepal,2005,65.2755
Nepal,2004,64.7439
Nepal,2003,64.2291
Nepal,2002,63.5071
Nepal,2001,63.2881
Nepal,2000,62.6424
Nepal,1999,62.0353
Nepal,1998,61.5322
Nepal,1997,60.8226
Nepal,1996,60.0437
Nepal,1995,59.3229
Nepal,1994,58.6307
Nepal,1993,57.5974
Nepal,1992,56.6864
Nepal,1991,55.6499
Nepal,1990,54.7708
Nepal,1989,54.0132
Nepal,1988,53.1092
Nepal,1987,52.3819
Nepal,1986,51.594
Nepal,1985,50.9216
Nepal,1984,50.2267
Nepal,1983,49.6763
Nepal,1982,49.1811
Nepal,1981,48.6623
Nepal,1980,48.3326
Nepal,1979,47.7664
Nepal,1978,47.2023
Nepal,1977,46.6281
Nepal,1976,45.9912
Nepal,1975,45.4995
Nepal,1974,44.9193
Nepal,1973,44.4854
Nepal,1972,44.068
Nepal,1971,43.6161
Nepal,1970,43.1507
Nepal,1969,42.7221
Nepal,1968,42.1728
Nepal,1967,41.7099
Nepal,1966,41.2395
Nepal,1965,40.6884
Nepal,1964,40.2289
Nepal,1963,39.6078
Nepal,1962,39.3328
Nepal,1961,38.9662
Nepal,1960,38.6518
Nepal,1959,38.413
Nepal,1958,38.1391
Nepal,1957,38.0078
Nepal,1956,37.8978
Nepal,1955,37.8563
Nepal,1954,37.8074
Nepal,1953,37.6915
Nepal,1952,37.6544
Nepal,1951,37.6076
Nepal,1950,37.5628
Netherlands,2023,82.1576
Netherlands,2022,81.9121
Netherlands,2021,81.356
Netherlands,2020,81.3931
Netherlands,2019,82.053
Netherlands,2018,81.7813
Netherlands,2017,81.7366
Netherlands,2016,81.5549
Netherlands,2015,81.49
Netherlands,2014,81.6503
Netherlands,2013,81.3011
Netherlands,2012,81.059
Netherlands,2011,81.1096
Netherlands,2010,80.8293
Netherlands,2009,80.6712
Netherlands,2008,80.3866
Netherlands,2007,80.255
Netherlands,2006,79.8466
Netherlands,2005,79.488
Netherlands,2004,79.2389
Netherlands,2003,78.6649
Netherlands,2002,78.4119
Netherlands,2001,78.3379
Netherlands,2000,78.13
Netherlands,1999,77.9678
Netherlands,1998,78.0044
Netherlands,1997,77.9311
Netherlands,1996,77.5561
Netherlands,1995,77.5512
Netherlands,1994,77.5183
Netherlands,1993,77.0408
Netherlands,1992,77.3648
Netherlands,1991,77.1617
Netherlands,1990,77.0122
Netherlands,1989,76.8363
Netherlands,1988,77.0001
Netherlands,1987,76.8133
Netherlands,1986,76.3549
Netherlands,1985,76.3758
Netherlands,1984,76.3272
Netherlands,1983,76.2551
Netherlands,1982,76.0614
Netherlands,1981,75.9906
Netherlands,1980,75.7719
Netherlands,1979,75.6466
Netherlands,1978,75.174
Netherlands,1977,75.2652
Netherlands,1976,74.6717
Netherlands,1975,74.5546
Netherlands,1974,74.6073
Netherlands,1973,74.23
Netherlands,1972,73.7829
Netherlands,1971,73.8712
Netherlands,1970,73.6279
Netherlands,1969,73.5603
Netherlands,1968,73.6374
Netherlands,1967,73.8313
Netherlands,1966,73.5541
Netherlands,1965,73.6055
Netherlands,1964,73.7356
Netherlands,1963,73.3506
Netherlands,1962,73.2232
Netherlands,1961,73.5503
Netherlands,1960,73.3538
Netherlands,1959,73.1863
Netherlands,1958,73.1365
Netherlands,1957,72.9716
Netherlands,1956,72.525
Netherlands,1955,72.4989
Netherlands,1954,72.3856
Netherlands,1953,71.6981
Netherlands,1952,72.1175
Netherlands,1951,71.4982
Netherlands,1950,71.4403
New Zealand,2023,82.088
New Zealand,2022,81.0061
New Zealand,2021,82.3003
New Zealand,2020,82.6628
New Zealand,2019,81.8322
New Zealand,2018,81.8838
New Zealand,2017,81.6053
New Zealand,2016,82.0027
New Zealand,2015,81.5866
New Zealand,2014,81.4106
New Zealand,2013,81.6119
New Zealand,2012,81.1668
New Zealand,2011,80.8422
New Zealand,2010,81.0517
New Zealand,2009,80.545
New Zealand,2008,80.2457
New Zealand,2007,80.122
New Zealand,2006,80.0152
New Zealand,2005,80.0308
New Zealand,2004,79.3548
New Zealand,2003,79.1414
New Zealand,2002,78.8659
New Zealand,2001,78.6615
New Zealand,2000,78.6681
New Zealand,1999,77.9107
New Zealand,1998,78.1667
New Zealand,1997,77.3441
New Zealand,1996,76.8069
New Zealand,1995,76.7853
New Zealand,1994,76.9178
New Zealand,1993,76.4987
New Zealand,1992,76.1907
New Zealand,1991,76.0789
New Zealand,1990,75.4252
New Zealand,1989,74.8878
New Zealand,1988,74.4784
New Zealand,1987,74.2074
New Zealand,1986,74.1192
New Zealand,1985,73.8761
New Zealand,1984,74.3668
New Zealand,1983,73.8291
New Zealand,1982,73.7237
New Zealand,1981,73.6324
New Zealand,1980,72.8619
New Zealand,1979,73.0509
New Zealand,1978,73.0094
New Zealand,1977,72.1345
New Zealand,1976,72.3966
New Zealand,1975,72.2002
New Zealand,1974,71.9405
New Zealand,1973,71.6751
New Zealand,1972,71.8235
New Zealand,1971,71.7167
New Zealand,1970,71.2192
New Zealand,1969,71.475
New Zealand,1968,71.088
New Zealand,1967,71.4375
New Zealand,1966,71.073
New Zealand,1965,71.2151
New Zealand,1964,71.2952
New Zealand,1963,71.2666
New Zealand,1962,71.1997
New Zealand,1961,70.9345
New Zealand,1960,71.2235
New Zealand,1959,70.774
New Zealand,1958,70.8768
New Zealand,1957,70.2553
New Zealand,1956,70.7216
New Zealand,1955,70.4792
New Zealand,1954,70.3348
New Zealand,1953,70.2136
New Zealand,1952,69.3765
New Zealand,1951,69.1286
New Zealand,1950,69.2532
Nicaragua,2023,74.9468
Nicaragua,2022,74.4626
Nicaragua,2021,70.4777
Nicaragua,2020,70.7662
Nicaragua,2019,73.7637
Nicaragua,2018,73.8787
Nicaragua,2017,73.3892
Nicaragua,2016,73.1803
Nicaragua,2015,72.8989
Nicaragua,2014,72.792
Nicaragua,2013,72.5513
Nicaragua,2012,72.4346
Nicaragua,2011,72.0329
Nicaragua,2010,71.7608
Nicaragua,2009,71.4986
Nicaragua,2008,71.4043
Nicaragua,2007,71.1973
Nicaragua,2006,70.9578
Nicaragua,2005,70.3745
Nicaragua,2004,69.5101
Nicaragua,2003,68.7487
Nicaragua,2002,67.9504
Nicaragua,2001,67.0281
Nicaragua,2000,66.3601
Nicaragua,1999,65.8924
Nicaragua,1998,64.1109
Nicaragua,1997,65.5231
Nicaragua,1996,65.2148
Nicaragua,1995,64.8693
Nicaragua,1994,64.549
Nicaragua,1993,64.0928
Nicaragua,1992,63.6717
Nicaragua,1991,63.3096
Nicaragua,1990,62.4729
Nicaragua,1989,61.884
Nicaragua,1988,59.8332
Nicaragua,1987,57.3291
Nicaragua,1986,57.5581
Nicaragua,1985,56.3995
Nicaragua,1984,56.1261
Nicaragua,1983,56.8509
Nicaragua,1982,58.6854
Nicaragua,1981,58.2784
Nicaragua,1980,57.9528
Nicaragua,1979,50.8285
Nicaragua,1978,53.5335
Nicaragua,1977,56.1255
Nicaragua,1976,56.1177
Nicaragua,1975,55.7738
Nicaragua,1974,55.4013
Nicaragua,1973,55.0225
Nicaragua,1972,47.957
Nicaragua,1971,54.2195
Nicaragua,1970,53.8153
Nicaragua,1969,53.3505
Nicaragua,1968,52.8653
Nicaragua,1967,52.3483
Nicaragua,1966,51.5788
Nicaragua,1965,50.6467
Nicaragua,1964,49.5863
Nicaragua,1963,48.7522
Nicaragua,1962,47.9808
Nicaragua,1961,47.2893
Nicaragua,1960,46.3994
Nicaragua,1959,46.0588
Nicaragua,1958,45.477
Nicaragua,1957,44.8762
Nicaragua,1956,44.2772
Nicaragua,1955,43.6583
Nicaragua,1954,43.0637
Nicaragua,1953,42.4472
Nicaragua,1952,41.8605
Nicaragua,1951,40.8046
Nicaragua,1950,40.6302
Niger,2023,61.1833
Niger,2022,60.3981
Niger,2021,59.5422
Niger,2020,59.8903
Niger,2019,60.031
Niger,2018,59.7646
Niger,2017,59.5239
Niger,2016,59.2283
Niger,2015,58.8498
Niger,2014,58.6934
Niger,2013,58.364
Niger,2012,57.9867
Niger,2011,57.6001
Niger,2010,57.0796
Niger,2009,56.4871
Niger,2008,55.8515
Niger,2007,55.0628
Niger,2006,54.2228
Niger,2005,53.3203
Niger,2004,52.4019
Niger,2003,51.5448
Niger,2002,50.6448
Niger,2001,49.8722
Niger,2000,49.1725
Niger,1999,48.4801
Niger,1998,47.8066
Niger,1997,47.0975
Niger,1996,46.3133
Niger,1995,45.5039
Niger,1994,44.5862
Niger,1993,43.8382
Niger,1992,43.0644
Niger,1991,42.2892
Niger,1990,41.7324
Niger,1989,41.1878
Niger,1988,40.7909
Niger,1987,40.4678
Niger,1986,40.2511
Niger,1985,40.1199
Niger,1984,39.9889
Niger,1983,39.9787
Niger,1982,39.8438
Niger,1981,39.637
Niger,1980,39.344
Niger,1979,38.8893
Niger,1978,38.2675
Niger,1977,37.6893
Niger,1976,37.1012
Niger,1975,36.5678
Niger,1974,36.1946
Niger,1973,35.9379
Niger,1972,35.813
Niger,1971,35.2935
Niger,1970,35.919
Niger,1969,36.0028
Niger,1968,36.1276
Niger,1967,36.243
Niger,1966,36.3305
Niger,1965,36.4038
Niger,1964,36.4641
Niger,1963,36.4367
Niger,1962,36.3185
Niger,1961,36.2869
Niger,1960,36.1933
Niger,1959,36.1369
Niger,1958,36.0869
Niger,1957,36.0795
Niger,1956,36.0401
Niger,1955,35.9699
Niger,1954,35.9539
Niger,1953,35.927
Niger,1952,35.9139
Niger,1951,35.9035
Niger,1950,35.9014
Nigeria,2023,54.4623
Nigeria,2022,54.079
Nigeria,2021,53.455
Nigeria,2020,53.0724
Nigeria,2019,53.0086
Nigeria,2018,52.669
Nigeria,2017,52.3971
Nigeria,2016,52.1894
Nigeria,2015,51.9394
Nigeria,2014,51.9401
Nigeria,2013,51.8271
Nigeria,2012,51.6876
Nigeria,2011,51.4902
Nigeria,2010,51.3145
Nigeria,2009,51.0801
Nigeria,2008,50.7483
Nigeria,2007,50.3812
Nigeria,2006,49.876
Nigeria,2005,49.5377
Nigeria,2004,49.1477
Nigeria,2003,48.618
Nigeria,2002,48.0201
Nigeria,2001,47.5493
Nigeria,2000,47.1427
Nigeria,1999,46.6088
Nigeria,1998,46.1479
Nigeria,1997,45.9598
Nigeria,1996,45.8328
Nigeria,1995,45.8701
Nigeria,1994,45.7476
Nigeria,1993,45.7826
Nigeria,1992,45.5874
Nigeria,1991,45.4832
Nigeria,1990,45.7327
Nigeria,1989,45.8304
Nigeria,1988,45.8343
Nigeria,1987,45.8901
Nigeria,1986,45.9527
Nigeria,1985,46.193
Nigeria,1984,46.3388
Nigeria,1983,46.4423
Nigeria,1982,46.4366
Nigeria,1981,46.3087
Nigeria,1980,45.959
Nigeria,1979,45.7379
Nigeria,1978,45.348
Nigeria,1977,44.8467
Nigeria,1976,44.186
Nigeria,1975,43.0544
Nigeria,1974,42.4886
Nigeria,1973,41.8307
Nigeria,1972,41.2727
Nigeria,1971,40.6062
Nigeria,1970,40.0084
Nigeria,1969,38.9458
Nigeria,1968,38.6424
Nigeria,1967,37.4966
Nigeria,1966,38.3555
Nigeria,1965,38.2208
Nigeria,1964,37.9802
Nigeria,1963,37.8062
Nigeria,1962,37.6065
Nigeria,1961,37.4271
Nigeria,1960,37.2067
Nigeria,1959,37.0278
Nigeria,1958,36.834
Nigeria,1957,36.6178
Nigeria,1956,36.4819
Nigeria,1955,36.3358
Nigeria,1954,36.2356
Nigeria,1953,36.0395
Nigeria,1952,35.8773
Nigeria,1951,35.7202
Nigeria,1950,35.5275
North Macedonia,2023,77.3947
North Macedonia,2022,76.6455
North Macedonia,2021,73.2918
North Macedonia,2020,74.4687
North Macedonia,2019,76.8346
North Macedonia,2018,76.8835
North Macedonia,2017,76.1524
North Macedonia,2016,75.571
North Macedonia,2015,75.6289
North Macedonia,2014,75.6327
North Macedonia,2013,75.5832
North Macedonia,2012,75.043
North Macedonia,2011,75.1424
North Macedonia,2010,75.0374
North Macedonia,2009,74.4689
North Macedonia,2008,74.4363
North Macedonia,2007,73.7418
North Macedonia,2006,73.7907
North Macedonia,2005,73.6075
North Macedonia,2004,73.4475
North Macedonia,2003,73.0466
North Macedonia,2002,72.709
North Macedonia,2001,73.0061
North Macedonia,2000,72.569
North Macedonia,1999,72.3084
North Macedonia,1998,71.8025
North Macedonia,1997,71.8806
North Macedonia,1996,71.8537
North Macedonia,1995,71.9651
North Macedonia,1994,71.487
North Macedonia,1993,71.7311
North Macedonia,1992,71.3018
North Macedonia,1991,71.7519
North Macedonia,1990,71.3392
North Macedonia,1989,71.1183
North Macedonia,1988,70.4712
North Macedonia,1987,70.4194
North Macedonia,1986,70.2932
North Macedonia,1985,70.2247
North Macedonia,1984,70.1947
North Macedonia,1983,69.7271
North Macedonia,1982,69.8441
North Macedonia,1981,69.4327
North Macedonia,1980,69.0545
North Macedonia,1979,69.1596
North Macedonia,1978,69.051
North Macedonia,1977,68.2355
North Macedonia,1976,67.8661
North Macedonia,1975,67.2528
North Macedonia,1974,67.1146
North Macedonia,1973,67.063
North Macedonia,1972,65.6387
North Macedonia,1971,65.208
North Macedonia,1970,64.9722
North Macedonia,1969,63.9863
North Macedonia,1968,64.574
North Macedonia,1967,63.758
North Macedonia,1966,63.5201
North Macedonia,1965,62.6086
North Macedonia,1964,61.5375
North Macedonia,1963,61.3912
North Macedonia,1962,59.2989
North Macedonia,1961,61.7922
North Macedonia,1960,60.5044
North Macedonia,1959,59.5416
North Macedonia,1958,60.309
North Macedonia,1957,55.7449
North Macedonia,1956,58.4716
North Macedonia,1955,55.369
North Macedonia,1954,55.6768
North Macedonia,1953,53.1549
North Macedonia,1952,52.5116
North Macedonia,1951,48.5177
North Macedonia,1950,50.6065
Norway,2023,83.3078
Norway,2022,82.6309
Norway,2021,83.1656
Norway,2020,83.1953
Norway,2019,82.9553
Norway,2018,82.7599
Norway,2017,82.6242
Norway,2016,82.4151
Norway,2015,82.2728
Norway,2014,82.0869
Norway,2013,81.6683
Norway,2012,81.4458
Norway,2011,81.2454
Norway,2010,81.0392
Norway,2009,80.8655
Norway,2008,80.6772
Norway,2007,80.5024
Norway,2006,80.4404
Norway,2005,80.1695
Norway,2004,79.9645
Norway,2003,79.5291
Norway,2002,78.9602
Norway,2001,78.8958
Norway,2000,78.6916
Norway,1999,78.3864
Norway,1998,78.4081
Norway,1997,78.2382
Norway,1996,78.2326
Norway,1995,77.7966
Norway,1994,77.7728
Norway,1993,77.2207
Norway,1992,77.2461
Norway,1991,77.0382
Norway,1990,76.5864
Norway,1989,76.5435
Norway,1988,76.2709
Norway,1987,76.102
Norway,1986,76.2533
Norway,1985,75.9327
Norway,1984,76.2468
Norway,1983,76.0787
Norway,1982,76.0188
Norway,1981,75.8817
Norway,1980,75.6726
Norway,1979,75.4155
Norway,1978,75.4258
Norway,1977,75.3976
Norway,1976,75.0479
Norway,1975,74.8165
Norway,1974,74.7635
Norway,1973,74.4403
Norway,1972,74.3493
Norway,1971,74.1747
Norway,1970,74.0705
Norway,1969,73.6659
Norway,1968,73.9448
Norway,1967,74.0725
Norway,1966,74.0066
Norway,1965,73.726
Norway,1964,73.6079
Norway,1963,73.0967
Norway,1962,73.4591
Norway,1961,73.5644
Norway,1960,73.5639
Norway,1959,73.5503
Norway,1958,73.4246
Norway,1957,73.4341
Norway,1956,73.4861
Norway,1955,73.4314
Norway,1954,73.2085
Norway,1953,73.1485
Norway,1952,72.6501
Norway,1951,72.5258
Norway,1950,71.5878
Oman,2023,80.0305
Oman,2022,77.9106
Oman,2021,75.9693
Oman,2020,77.7634
Oman,2019,79.9456
Oman,2018,79.8642
Oman,2017,79.7483
Oman,2016,79.5813
Oman,2015,79.3457
Oman,2014,79.03
Oman,2013,78.6326
Oman,2012,78.1874
Oman,2011,77.7405
Oman,2010,77.1844
Oman,2009,76.6309
Oman,2008,76.124
Oman,2007,75.5959
Oman,2006,75.3543
Oman,2005,75.0705
Oman,2004,74.8204
Oman,2003,74.5213
Oman,2002,74.2761
Oman,2001,73.9788
Oman,2000,73.6428
Oman,1999,73.2761
Oman,1998,72.8817
Oman,1997,72.463
Oman,1996,72.0231
Oman,1995,71.5603
Oman,1994,71.0722
Oman,1993,70.6076
Oman,1992,70.1139
Oman,1991,69.5837
Oman,1990,69.012
Oman,1989,68.3927
Oman,1988,67.7177
Oman,1987,66.9792
Oman,1986,66.168
Oman,1985,65.2809
Oman,1984,64.2718
Oman,1983,63.192
Oman,1982,62.0486
Oman,1981,60.8023
Oman,1980,59.6008
Oman,1979,58.3275
Oman,1978,57.0372
Oman,1977,55.5244
Oman,1976,54.4483
Oman,1975,52.5105
Oman,1974,51.2285
Oman,1973,49.9641
Oman,1972,48.7172
Oman,1971,47.8682
Oman,1970,46.6396
Oman,1969,45.6245
Oman,1968,44.3948
Oman,1967,43.1773
Oman,1966,41.975
Oman,1965,40.7905
Oman,1964,39.6282
Oman,1963,38.4977
Oman,1962,37.4129
Oman,1961,36.386
Oman,1960,35.4292
Oman,1959,34.5507
Oman,1958,33.7521
Oman,1957,32.9627
Oman,1956,32.3739
Oman,1955,31.7786
Oman,1954,31.2312
Oman,1953,30.7203
Oman,1952,30.2352
Oman,1951,29.7658
Oman,1950,29.3002
Pakistan,2023,67.649
Pakistan,2022,67.4167
Pakistan,2021,65.7731
Pakistan,2020,65.7015
Pakistan,2019,66.7288
Pakistan,2018,66.4807
Pakistan,2017,66.2233
Pakistan,2016,65.9434
Pakistan,2015,65.6406
Pakistan,2014,65.374
Pakistan,2013,65.1285
Pakistan,2012,64.8834
Pakistan,2011,64.6588
Pakistan,2010,64.3784
Pakistan,2009,64.2059
Pakistan,2008,64.0021
Pakistan,2007,63.8075
Pakistan,2006,63.6235
Pakistan,2005,62.4163
Pakistan,2004,63.0972
Pakistan,2003,62.8343
Pakistan,2002,62.5561
Pakistan,2001,62.2406
Pakistan,2000,61.9029
Pakistan,1999,61.5396
Pakistan,1998,61.1338
Pakistan,1997,60.6234
Pakistan,1996,60.4659
Pakistan,1995,60.2735
Pakistan,1994,60.1968
Pakistan,1993,60.0829
Pakistan,1992,59.9826
Pakistan,1991,59.8638
Pakistan,1990,59.7282
Pakistan,1989,59.5283
Pakistan,1988,59.3598
Pakistan,1987,59.222
Pakistan,1986,59.1666
Pakistan,1985,59.0752
Pakistan,1984,58.9209
Pakistan,1983,58.6626
Pakistan,1982,58.2913
Pakistan,1981,57.7639
Pakistan,1980,57.1985
Pakistan,1979,56.6142
Pakistan,1978,56.072
Pakistan,1977,55.4821
Pakistan,1976,55.0687
Pakistan,1975,54.7219
Pakistan,1974,54.2663
Pakistan,1973,54.0895
Pakistan,1972,53.8239
Pakistan,1971,49.0016
Pakistan,1970,52.9434
Pakistan,1969,52.3161
Pakistan,1968,51.6235
Pakistan,1967,50.7631
Pakistan,1966,49.7973
Pakistan,1965,48.4954
Pakistan,1964,47.831
Pakistan,1963,46.7605
Pakistan,1962,45.85
Pakistan,1961,44.9558
Pakistan,1960,44.1013
Pakistan,1959,43.3254
Pakistan,1958,42.465
Pakistan,1957,41.5542
Pakistan,1956,40.6171
Pakistan,1955,39.6108
Pakistan,1954,38.6043
Pakistan,1953,37.5958
Pakistan,1952,36.4967
Pakistan,1951,35.3814
Pakistan,1950,34.2475
Palau,2023,69.269
Palau,2022,68.9222
Palau,2021,68.5629
Palau,2020,68.6889
Palau,2019,68.9816
Palau,2018,68.9885
Palau,2017,69.0189
Palau,2016,69.0464
Palau,2015,69.0702
Palau,2014,69.062
Palau,2013,68.9805
Palau,2012,68.8632
Palau,2011,68.6384
Palau,2010,68.3473
Palau,2009,67.9904
Palau,2008,67.5618
Palau,2007,67.1128
Palau,2006,66.6334
Palau,2005,66.2193
Palau,2004,65.8158
Palau,2003,65.446
Palau,2002,65.0756
Palau,2001,64.8001
Palau,2000,64.4991
Palau,1999,64.2298
Palau,1998,63.9507
Palau,1997,63.7074
Palau,1996,63.4551
Palau,1995,63.2551
Palau,1994,63.1041
Palau,1993,62.9796
Palau,1992,62.9256
Palau,1991,62.8486
Palau,1990,62.7904
Palau,1989,62.7767
Palau,1988,62.7789
Palau,1987,62.7709
Palau,1986,62.7518
Palau,1985,62.7202
Palau,1984,62.6377
Palau,1983,62.4767
Palau,1982,62.3328
Palau,1981,62.1425
Palau,1980,61.9088
Palau,1979,61.6156
Palau,1978,61.2941
Palau,1977,60.899
Palau,1976,60.4688
Palau,1975,59.9982
Palau,1974,59.4923
Palau,1973,59.0236
Palau,1972,58.5568
Palau,1971,58.108
Palau,1970,57.6739
Palau,1969,57.2532
Palau,1968,56.8864
Palau,1967,56.5404
Palau,1966,56.2121
Palau,1965,55.9383
Palau,1964,55.7947
Palau,1963,55.5667
Palau,1962,55.3782
Palau,1961,55.0916
Palau,1960,54.8534
Palau,1959,54.5931
Palau,1958,54.3616
Palau,1957,54.1389
Palau,1956,53.9163
Palau,1955,53.699
Palau,1954,53.4777
Palau,1953,53.2739
Palau,1952,53.0701
Palau,1951,52.868
Palau,1950,52.6748
Panama,2023,79.5937
Panama,2022,79.3241
Panama,2021,77.0037
Panama,2020,76.3302
Panama,2019,78.5145
Panama,2018,78.2656
Panama,2017,77.9011
Panama,2016,77.7724
Panama,2015,77.5827
Panama,2014,77.3645
Panama,2013,77.1292
Panama,2012,76.8767
Panama,2011,76.6594
Panama,2010,76.417
Panama,2009,76.2283
Panama,2008,75.937
Panama,2007,75.6751
Panama,2006,75.4291
Panama,2005,75.1604
Panama,2004,74.8453
Panama,2003,74.5671
Panama,2002,74.1947
Panama,2001,73.8197
Panama,2000,73.4432
Panama,1999,73.1239
Panama,1998,72.7846
Panama,1997,72.5415
Panama,1996,72.199
Panama,1995,71.9944
Panama,1994,71.9429
Panama,1993,71.8046
Panama,1992,71.4613
Panama,1991,71.331
Panama,1990,71.2655
Panama,1989,70.137
Panama,1988,70.945
Panama,1987,70.8113
Panama,1986,70.6686
Panama,1985,70.5437
Panama,1984,70.4025
Panama,1983,70.1335
Panama,1982,69.8997
Panama,1981,69.7896
Panama,1980,69.4506
Panama,1979,69.0902
Panama,1978,68.6867
Panama,1977,68.2516
Panama,1976,67.794
Panama,1975,67.243
Panama,1974,66.5523
Panama,1973,65.7827
Panama,1972,65.1832
Panama,1971,64.6656
Panama,1970,64.0684
Panama,1969,63.6596
Panama,1968,63.2424
Panama,1967,62.8872
Panama,1966,62.6288
Panama,1965,62.3375
Panama,1964,62.1006
Panama,1963,61.8137
Panama,1962,61.4278
Panama,1961,60.9138
Panama,1960,60.2783
Panama,1959,59.5674
Panama,1958,58.9471
Panama,1957,58.2788
Panama,1956,57.8767
Panama,1955,57.4841
Panama,1954,57.234
Panama,1953,56.8348
Panama,1952,56.3627
Panama,1951,55.8829
Panama,1950,55.399
Papua New Guinea,2023,66.134
Papua New Guinea,2022,65.2736
Papua New Guinea,2021,64.3577
Papua New Guinea,2020,65.075
Papua New Guinea,2019,65.3306
Papua New Guinea,2018,65.1139
Papua New Guinea,2017,64.9229
Papua New Guinea,2016,64.7
Papua New Guinea,2015,64.473
Papua New Guinea,2014,64.1977
Papua New Guinea,2013,63.9267
Papua New Guinea,2012,63.6389
Papua New Guinea,2011,63.3819
Papua New Guinea,2010,63.0557
Papua New Guinea,2009,62.7722
Papua New Guinea,2008,62.5106
Papua New Guinea,2007,62.2111
Papua New Guinea,2006,62.018
Papua New Guinea,2005,61.8678
Papua New Guinea,2004,61.7954
Papua New Guinea,2003,61.741
Papua New Guinea,2002,61.6432
Papua New Guinea,2001,61.6465
Papua New Guinea,2000,61.6091
Papua New Guinea,1999,61.5053
Papua New Guinea,1998,60.4348
Papua New Guinea,1997,61.2697
Papua New Guinea,1996,61.0705
Papua New Guinea,1995,60.9288
Papua New Guinea,1994,60.7258
Papua New Guinea,1993,60.4658
Papua New Guinea,1992,60.2603
Papua New Guinea,1991,59.94
Papua New Guinea,1990,59.778
Papua New Guinea,1989,59.5977
Papua New Guinea,1988,59.3806
Papua New Guinea,1987,59.2319
Papua New Guinea,1986,59.0174
Papua New Guinea,1985,58.8039
Papua New Guinea,1984,58.5829
Papua New Guinea,1983,58.2938
Papua New Guinea,1982,58.0745
Papua New Guinea,1981,57.7601
Papua New Guinea,1980,57.3905
Papua New Guinea,1979,56.9674
Papua New Guinea,1978,56.5232
Papua New Guinea,1977,56.0497
Papua New Guinea,1976,55.5299
Papua New Guinea,1975,54.9841
Papua New Guinea,1974,54.4411
Papua New Guinea,1973,53.8527
Papua New Guinea,1972,53.2501
Papua New Guinea,1971,52.5935
Papua New Guinea,1970,52.1436
Papua New Guinea,1969,51.5234
Papua New Guinea,1968,50.8844
Papua New Guinea,1967,50.2466
Papua New Guinea,1966,49.5661
Papua New Guinea,1965,48.9267
Papua New Guinea,1964,48.2946
Papua New Guinea,1963,47.6741
Papua New Guinea,1962,46.7061
Papua New Guinea,1961,46.4247
Papua New Guinea,1960,45.8047
Papua New Guinea,1959,45.1398
Papua New Guinea,1958,44.5576
Papua New Guinea,1957,43.9125
Papua New Guinea,1956,43.2602
Papua New Guinea,1955,42.6241
Papua New Guinea,1954,41.9529
Papua New Guinea,1953,41.3373
Papua New Guinea,1952,40.6763
Papua New Guinea,1951,35.4834
Papua New Guinea,1950,39.3589
Paraguay,2023,73.8443
Paraguay,2022,72.3185
Paraguay,2021,68.1081
Paraguay,2020,72.7197
Paraguay,2019,73.6681
Paraguay,2018,73.6271
Paraguay,2017,73.4495
Paraguay,2016,73.4865
Paraguay,2015,73.4535
Paraguay,2014,73.4145
Paraguay,2013,73.2916
Paraguay,2012,73.1046
Paraguay,2011,72.7875
Paraguay,2010,72.5506
Paraguay,2009,72.2821
Paraguay,2008,72.0475
Paraguay,2007,71.8173
Paraguay,2006,71.5837
Paraguay,2005,71.3174
Paraguay,2004,71.054
Paraguay,2003,70.7949
Paraguay,2002,70.5393
Paraguay,2001,70.2808
Paraguay,2000,70.0259
Paraguay,1999,69.7739
Paraguay,1998,69.5075
Paraguay,1997,69.2835
Paraguay,1996,69.0504
Paraguay,1995,68.7775
Paraguay,1994,68.5039
Paraguay,1993,68.2336
Paraguay,1992,67.9609
Paraguay,1991,67.6758
Paraguay,1990,67.3405
Paraguay,1989,66.9222
Paraguay,1988,66.7095
Paraguay,1987,66.4545
Paraguay,1986,66.1725
Paraguay,1985,65.8934
Paraguay,1984,65.6089
Paraguay,1983,65.2928
Paraguay,1982,65.0762
Paraguay,1981,64.8111
Paraguay,1980,64.5531
Paraguay,1979,64.2977
Paraguay,1978,64.078
Paraguay,1977,63.86
Paraguay,1976,63.6535
Paraguay,1975,63.4348
Paraguay,1974,63.2309
Paraguay,1973,63.0593
Paraguay,1972,62.8898
Paraguay,1971,62.726
Paraguay,1970,62.5541
Paraguay,1969,62.3847
Paraguay,1968,62.2079
Paraguay,1967,62.0247
Paraguay,1966,61.8321
Paraguay,1965,61.6063
Paraguay,1964,61.3685
Paraguay,1963,61.1009
Paraguay,1962,60.8156
Paraguay,1961,60.5166
Paraguay,1960,60.1971
Paraguay,1959,59.88
Paraguay,1958,59.564
Paraguay,1957,59.2749
Paraguay,1956,59.0146
Paraguay,1955,58.8086
Paraguay,1954,58.6229
Paraguay,1953,58.4903
Paraguay,1952,58.37
Paraguay,1951,58.2632
Paraguay,1950,58.0547
Peru,2023,77.7401
Peru,2022,76.834
Peru,2021,71.5962
Peru,2020,73.8315
Peru,2019,76.2749
Peru,2018,76.018
Peru,2017,75.9576
Peru,2016,75.9508
Peru,2015,75.7316
Peru,2014,75.26
Peru,2013,74.5905
Peru,2012,73.9792
Peru,2011,73.327
Peru,2010,72.8858
Peru,2009,72.6311
Peru,2008,72.7426
Peru,2007,72.7463
Peru,2006,72.3365
Peru,2005,71.9882
Peru,2004,71.4467
Peru,2003,71.2777
Peru,2002,70.8147
Peru,2001,70.315
Peru,2000,69.821
Peru,1999,69.302
Peru,1998,68.724
Peru,1997,68.3241
Peru,1996,67.8499
Peru,1995,67.2196
Peru,1994,66.5439
Peru,1993,65.7319
Peru,1992,65.0311
Peru,1991,64.248
Peru,1990,63.9791
Peru,1989,63.4049
Peru,1988,62.9946
Peru,1987,62.5443
Peru,1986,62.1542
Peru,1985,61.7103
Peru,1984,61.0658
Peru,1983,60.7642
Peru,1982,60.5592
Peru,1981,60.3252
Peru,1980,59.9817
Peru,1979,59.6245
Peru,1978,59.2606
Peru,1977,58.895
Peru,1976,58.57
Peru,1975,58.2048
Peru,1974,57.7688
Peru,1973,57.3326
Peru,1972,56.9892
Peru,1971,56.4927
Peru,1970,47.7285
Peru,1969,55.8155
Peru,1968,55.3839
Peru,1967,54.8928
Peru,1966,54.4004
Peru,1965,53.8712
Peru,1964,53.3021
Peru,1963,52.5971
Peru,1962,51.5323
Peru,1961,51.1919
Peru,1960,50.5966
Peru,1959,50.0435
Peru,1958,49.4886
Peru,1957,48.922
Peru,1956,48.3821
Peru,1955,47.9041
Peru,1954,47.4757
Peru,1953,47.0997
Peru,1952,46.7624
Peru,1951,46.4634
Peru,1950,46.0317
Philippines,2023,69.8327
Philippines,2022,69.4723
Philippines,2021,66.6755
Philippines,2020,70.0974
Philippines,2019,69.6804
Philippines,2018,69.7615
Philippines,2017,69.9661
Philippines,2016,69.4896
Philippines,2015,69.4501
Philippines,2014,69.3106
Philippines,2013,69.2828
Philippines,2012,69.2375
Philippines,2011,69.0963
Philippines,2010,68.8833
Philippines,2009,68.6311
Philippines,2008,68.6432
Philippines,2007,68.549
Philippines,2006,68.1723
Philippines,2005,68.4231
Philippines,2004,68.3007
Philippines,2003,68.0491
Philippines,2002,67.886
Philippines,2001,67.8286
Philippines,2000,67.7892
Philippines,1999,67.5027
Philippines,1998,67.2122
Philippines,1997,66.9939
Philippines,1996,66.691
Philippines,1995,66.311
Philippines,1994,65.9998
Philippines,1993,65.6614
Philippines,1992,65.353
Philippines,1991,64.6224
Philippines,1990,64.3825
Philippines,1989,64.1054
Philippines,1988,63.7108
Philippines,1987,63.2987
Philippines,1986,62.8746
Philippines,1985,62.7353
Philippines,1984,62.4256
Philippines,1983,62.3486
Philippines,1982,62.1749
Philippines,1981,61.9424
Philippines,1980,61.8844
Philippines,1979,61.7273
Philippines,1978,61.5312
Philippines,1977,61.4308
Philippines,1976,60.8693
Philippines,1975,60.9044
Philippines,1974,60.816
Philippines,1973,60.7413
Philippines,1972,60.9112
Philippines,1971,61.0649
Philippines,1970,60.8273
Philippines,1969,60.9813
Philippines,1968,60.9166
Philippines,1967,60.8036
Philippines,1966,60.6228
Philippines,1965,60.4098
Philippines,1964,60.1298
Philippines,1963,60.0183
Philippines,1962,59.7555
Philippines,1961,59.4689
Philippines,1960,59.1754
Philippines,1959,58.7451
Philippines,1958,58.3099
Philippines,1957,57.7887
Philippines,1956,57.2457
Philippines,1955,56.6004
Philippines,1954,55.9941
Philippines,1953,55.3953
Philippines,1952,54.6973
Philippines,1951,54.0789
Philippines,1950,53.5783
Poland,2023,78.6329
Poland,2022,77.9229
Poland,2021,75.6387
Poland,2020,76.5951
Poland,2019,77.9213
Poland,2018,77.6232
Poland,2017,77.7155
Poland,2016,77.6395
Poland,2015,77.5894
Poland,2014,77.312
Poland,2013,77.0758
Poland,2012,76.7748
Poland,2011,76.5683
Poland,2010,76.2823
Poland,2009,75.9063
Poland,2008,75.5829
Poland,2007,75.4143
Poland,2006,75.2504
Poland,2005,75.127
Poland,2004,74.9434
Poland,2003,74.7716
Poland,2002,74.5183
Poland,2001,74.1771
Poland,2000,73.6453
Poland,1999,73.2237
Poland,1998,72.8465
Poland,1997,72.5915
Poland,1996,72.2531
Poland,1995,71.9588
Poland,1994,71.6825
Poland,1993,71.3445
Poland,1992,70.8996
Poland,1991,70.653
Poland,1990,70.606
Poland,1989,70.8161
Poland,1988,70.8229
Poland,1987,70.7694
Poland,1986,70.5536
Poland,1985,70.531
Poland,1984,70.6022
Poland,1983,70.809
Poland,1982,70.9149
Poland,1981,70.6086
Poland,1980,70.4785
Poland,1979,70.249
Poland,1978,70.3784
Poland,1977,70.3284
Poland,1976,70.403
Poland,1975,70.6308
Poland,1974,70.6625
Poland,1973,70.6986
Poland,1972,70.1409
Poland,1971,69.8261
Poland,1970,69.5572
Poland,1969,69.8397
Poland,1968,69.8421
Poland,1967,69.902
Poland,1966,69.6559
Poland,1965,69.3849
Poland,1964,68.9427
Poland,1963,68.3219
Poland,1962,68.0397
Poland,1961,67.7976
Poland,1960,67.0803
Poland,1959,66.413
Poland,1958,64.8933
Poland,1957,64.4363
Poland,1956,63.4261
Poland,1955,63.0598
Poland,1954,62.2827
Poland,1953,61.3137
Poland,1952,59.6938
Poland,1951,58.8567
Poland,1950,58.3331
Portugal,2023,82.3599
Portugal,2022,81.1936
Portugal,2021,81.3978
Portugal,2020,81.3664
Portugal,2019,81.9587
Portugal,2018,81.5915
Portugal,2017,81.6605
Portugal,2016,81.3636
Portugal,2015,81.3213
Portugal,2014,81.3135
Portugal,2013,80.9029
Portugal,2012,80.5549
Portugal,2011,80.5822
Portugal,2010,80.1149
Portugal,2009,79.8295
Portugal,2008,79.6026
Portugal,2007,79.3087
Portugal,2006,79.0894
Portugal,2005,78.3169
Portugal,2004,78.4274
Portugal,2003,77.5828
Portugal,2002,77.3698
Portugal,2001,77.1517
Portugal,2000,76.8301
Portugal,1999,76.3218
Portugal,1998,76.1161
Portugal,1997,75.9221
Portugal,1996,75.4758
Portugal,1995,75.5498
Portugal,1994,75.7296
Portugal,1993,74.7615
Portugal,1992,74.8705
Portugal,1991,74.2406
Portugal,1990,74.3043
Portugal,1989,74.6653
Portugal,1988,74.0861
Portugal,1987,74.0634
Portugal,1986,73.6474
Portugal,1985,73.2157
Portugal,1984,72.9342
Portugal,1983,72.6539
Portugal,1982,72.6984
Portugal,1981,71.89
Portugal,1980,71.6633
Portugal,1979,71.6056
Portugal,1978,70.7953
Portugal,1977,70.3425
Portugal,1976,69.1006
Portugal,1975,68.843
Portugal,1974,69.1206
Portugal,1973,68.6011
Portugal,1972,69.1574
Portugal,1971,66.8477
Portugal,1970,67.0549
Portugal,1969,66.3943
Portugal,1968,66.8153
Portugal,1967,66.4635
Portugal,1966,65.609
Portugal,1965,66.0946
Portugal,1964,65.1252
Portugal,1963,64.9267
Portugal,1962,64.3158
Portugal,1961,62.8049
Portugal,1960,64.148
Portugal,1959,62.9171
Portugal,1958,63.7239
Portugal,1957,61.3913
Portugal,1956,61.1668
Portugal,1955,61.4054
Portugal,1954,62.197
Portugal,1953,61.0752
Portugal,1952,59.7605
Portugal,1951,58.7495
Portugal,1950,58.4793
Qatar,2023,82.368
Qatar,2022,81.8566
Qatar,2021,81.083
Qatar,2020,80.4095
Qatar,2019,82.9454
Qatar,2018,82.7136
Qatar,2017,82.4583
Qatar,2016,82.1472
Qatar,2015,81.785
Qatar,2014,81.3955
Qatar,2013,80.9735
Qatar,2012,80.4994
Qatar,2011,79.9943
Qatar,2010,79.4438
Qatar,2009,78.8371
Qatar,2008,78.2618
Qatar,2007,77.7413
Qatar,2006,77.3226
Qatar,2005,76.9088
Qatar,2004,76.4839
Qatar,2003,76.0975
Qatar,2002,75.7655
Qatar,2001,75.4858
Qatar,2000,75.25
Qatar,1999,75.0483
Qatar,1998,74.8721
Qatar,1997,74.7128
Qatar,1996,74.5577
Qatar,1995,74.4041
Qatar,1994,74.2445
Qatar,1993,74.0708
Qatar,1992,73.8757
Qatar,1991,73.6537
Qatar,1990,73.4048
Qatar,1989,73.1313
Qatar,1988,72.8356
Qatar,1987,72.5201
Qatar,1986,72.1844
Qatar,1985,71.8311
Qatar,1984,71.465
Qatar,1983,71.0888
Qatar,1982,70.7041
Qatar,1981,70.3131
Qatar,1980,69.9151
Qatar,1979,69.5073
Qatar,1978,69.0833
Qatar,1977,68.6395
Qatar,1976,68.1723
Qatar,1975,67.6789
Qatar,1974,67.165
Qatar,1973,66.6288
Qatar,1972,66.0704
Qatar,1971,65.4899
Qatar,1970,64.8893
Qatar,1969,64.2462
Qatar,1968,63.5768
Qatar,1967,62.884
Qatar,1966,62.1706
Qatar,1965,61.4411
Qatar,1964,60.7003
Qatar,1963,59.9596
Qatar,1962,59.2259
Qatar,1961,58.5019
Qatar,1960,57.7732
Qatar,1959,57.0474
Qatar,1958,56.3266
Qatar,1957,55.6127
Qatar,1956,54.9062
Qatar,1955,54.2071
Qatar,1954,53.5147
Qatar,1953,52.8275
Qatar,1952,52.1425
Qatar,1951,51.4555
Qatar,1950,50.7592
Republic of Korea,2023,84.3288
Republic of Korea,2022,82.727
Republic of Korea,2021,83.8517
Republic of Korea,2020,83.6752
Republic of Korea,2019,83.6846
Republic of Korea,2018,83.34
Republic of Korea,2017,83.2784
Republic of Korea,2016,82.9204
Republic of Korea,2015,82.5404
Republic of Korea,2014,82.3641
Republic of Korea,2013,81.8356
Republic of Korea,2012,81.3075
Republic of Korea,2011,81.1685
Republic of Korea,2010,80.7172
Republic of Korea,2009,80.5504
Republic of Korea,2008,79.9956
Republic of Korea,2007,79.4323
Republic of Korea,2006,79.0348
Republic of Korea,2005,78.4486
Republic of Korea,2004,77.9571
Republic of Korea,2003,77.4974
Republic of Korea,2002,77.2304
Republic of Korea,2001,76.9195
Republic of Korea,2000,76.2351
Republic of Korea,1999,75.6173
Republic of Korea,1998,75.035
Republic of Korea,1997,74.5313
Republic of Korea,1996,74.0207
Republic of Korea,1995,73.3752
Republic of Korea,1994,72.889
Republic of Korea,1993,72.7453
Republic of Korea,1992,72.1755
Republic of Korea,1991,71.4024
Republic of Korea,1990,70.9936
Republic of Korea,1989,70.684
Republic of Korea,1988,70.1603
Republic of Korea,1987,69.315
Republic of Korea,1986,69.0349
Republic of Korea,1985,68.4083
Republic of Korea,1984,68.1088
Republic of Korea,1983,66.7252
Republic of Korea,1982,67.0612
Republic of Korea,1981,67.1406
Republic of Korea,1980,64.8484
Republic of Korea,1979,66.1067
Republic of Korea,1978,64.9607
Republic of Korea,1977,64.6207
Republic of Korea,1976,65.0115
Republic of Korea,1975,64.667
Republic of Korea,1974,64.2389
Republic of Korea,1973,63.7732
Republic of Korea,1972,63.2199
Republic of Korea,1971,62.6697
Republic of Korea,1970,62.1754
Republic of Korea,1969,61.426
Republic of Korea,1968,60.8684
Republic of Korea,1967,60.8709
Republic of Korea,1966,55.4226
Republic of Korea,1965,55.7837
Republic of Korea,1964,55.3355
Republic of Korea,1963,54.9881
Republic of Korea,1962,55.0328
Republic of Korea,1961,54.444
Republic of Korea,1960,53.7567
Republic of Korea,1959,52.9353
Republic of Korea,1958,51.8362
Republic of Korea,1957,51.5543
Republic of Korea,1956,50.2037
Republic of Korea,1955,48.3534
Republic of Korea,1954,46.0778
Republic of Korea,1953,40.5054
Republic of Korea,1952,36.5663
Republic of Korea,1951,26.6418
Republic of Korea,1950,22.2262
Republic of Moldova,2023,71.1985
Republic of Moldova,2022,71.5465
Republic of Moldova,2021,68.9908
Republic of Moldova,2020,69.9144
Republic of Moldova,2019,70.181
Republic of Moldova,2018,70.2355
Republic of Moldova,2017,70.375
Republic of Moldova,2016,70.1792
Republic of Moldova,2015,70.118
Republic of Moldova,2014,70.2407
Republic of Moldova,2013,70.2907
Republic of Moldova,2012,70.3438
Republic of Moldova,2011,70.1732
Republic of Moldova,2010,69.8759
Republic of Moldova,2009,69.4057
Republic of Moldova,2008,69.0001
Republic of Moldova,2007,68.6738
Republic of Moldova,2006,68.4234
Republic of Moldova,2005,68.1969
Republic of Moldova,2004,68.0166
Republic of Moldova,2003,67.8998
Republic of Moldova,2002,67.7926
Republic of Moldova,2001,67.6725
Republic of Moldova,2000,67.4623
Republic of Moldova,1999,67.2047
Republic of Moldova,1998,66.8403
Republic of Moldova,1997,66.4843
Republic of Moldova,1996,66.2481
Republic of Moldova,1995,66.2179
Republic of Moldova,1994,66.3188
Republic of Moldova,1993,66.66
Republic of Moldova,1992,66.7485
Republic of Moldova,1991,67.5537
Republic of Moldova,1990,67.9203
Republic of Moldova,1989,68.1733
Republic of Moldova,1988,68.1909
Republic of Moldova,1987,67.9223
Republic of Moldova,1986,67.3948
Republic of Moldova,1985,66.882
Republic of Moldova,1984,66.4332
Republic of Moldova,1983,66.1488
Republic of Moldova,1982,65.8589
Republic of Moldova,1981,65.595
Republic of Moldova,1980,65.1892
Republic of Moldova,1979,64.8234
Republic of Moldova,1978,64.4889
Republic of Moldova,1977,64.2305
Republic of Moldova,1976,63.9679
Republic of Moldova,1975,63.6997
Republic of Moldova,1974,63.4374
Republic of Moldova,1973,63.1755
Republic of Moldova,1972,62.9324
Republic of Moldova,1971,62.6725
Republic of Moldova,1970,62.4136
Republic of Moldova,1969,62.1841
Republic of Moldova,1968,61.9748
Republic of Moldova,1967,61.7807
Republic of Moldova,1966,61.5522
Republic of Moldova,1965,61.2752
Republic of Moldova,1964,60.9621
Republic of Moldova,1963,60.6159
Republic of Moldova,1962,60.2537
Republic of Moldova,1961,59.8564
Republic of Moldova,1960,59.44
Republic of Moldova,1959,59.0163
Republic of Moldova,1958,58.5327
Republic of Moldova,1957,58.0022
Republic of Moldova,1956,57.4336
Republic of Moldova,1955,56.8526
Republic of Moldova,1954,56.2771
Republic of Moldova,1953,55.6684
Republic of Moldova,1952,55.0837
Republic of Moldova,1951,54.5175
Republic of Moldova,1950,54.0332
Romania,2023,75.9381
Romania,2022,75.2614
Romania,2021,72.7405
Romania,2020,74.0464
Romania,2019,75.3288
Romania,2018,75.1033
Romania,2017,75.0236
Romania,2016,75.0209
Romania,2015,74.7371
Romania,2014,74.7654
Romania,2013,74.9179
Romania,2012,74.314
Romania,2011,74.2877
Romania,2010,73.5793
Romania,2009,73.457
Romania,2008,73.2158
Romania,2007,72.7922
Romania,2006,72.1693
Romania,2005,71.5808
Romania,2004,71.0957
Romania,2003,70.8189
Romania,2002,70.8348
Romania,2001,71.1223
Romania,2000,71.1594
Romania,1999,70.5814
Romania,1998,69.8918
Romania,1997,69.0857
Romania,1996,68.8211
Romania,1995,69.323
Romania,1994,69.3255
Romania,1993,69.512
Romania,1992,69.5063
Romania,1991,70.0455
Romania,1990,69.8412
Romania,1989,69.5461
Romania,1988,69.3887
Romania,1987,69.0527
Romania,1986,69.7178
Romania,1985,69.4069
Romania,1984,69.9066
Romania,1983,69.8198
Romania,1982,69.7992
Romania,1981,69.5058
Romania,1980,69.2489
Romania,1979,69.4605
Romania,1978,69.78
Romania,1977,69.4673
Romania,1976,69.8993
Romania,1975,69.5985
Romania,1974,69.5175
Romania,1973,68.7008
Romania,1972,68.9768
Romania,1971,68.4097
Romania,1970,67.9295
Romania,1969,67.236
Romania,1968,67.9482
Romania,1967,68.0765
Romania,1966,68.2341
Romania,1965,68.3864
Romania,1964,68.3509
Romania,1963,67.8101
Romania,1962,67.2084
Romania,1961,66.4153
Romania,1960,65.6057
Romania,1959,64.9299
Romania,1958,64.406
Romania,1957,63.9918
Romania,1956,63.6347
Romania,1955,63.2508
Romania,1954,62.9543
Romania,1953,62.4742
Romania,1952,61.8284
Romania,1951,61.1601
Romania,1950,60.5083
Russian Federation,2023,73.1541
Russian Federation,2022,72.5174
Russian Federation,2021,69.8066
Russian Federation,2020,71.1705
Russian Federation,2019,73.0658
Russian Federation,2018,72.9363
Russian Federation,2017,72.845
Russian Federation,2016,71.9101
Russian Federation,2015,71.3449
Russian Federation,2014,70.7978
Russian Federation,2013,70.6403
Russian Federation,2012,70.1165
Russian Federation,2011,69.7255
Russian Federation,2010,68.1526
Russian Federation,2009,68.6571
Russian Federation,2008,67.8621
Russian Federation,2007,67.469
Russian Federation,2006,66.5458
Russian Federation,2005,65.2185
Russian Federation,2004,65.1489
Russian Federation,2003,64.715
Russian Federation,2002,64.73
Russian Federation,2001,65.0151
Russian Federation,2000,64.9982
Russian Federation,1999,65.5954
Russian Federation,1998,66.916
Russian Federation,1997,66.5938
Russian Federation,1996,65.4488
Russian Federation,1995,63.9945
Russian Federation,1994,63.8225
Russian Federation,1993,65.0389
Russian Federation,1992,67.8426
Russian Federation,1991,68.997
Russian Federation,1990,69.2794
Russian Federation,1989,69.6868
Russian Federation,1988,69.8627
Russian Federation,1987,70.0616
Russian Federation,1986,70.024
Russian Federation,1985,68.2995
Russian Federation,1984,67.5724
Russian Federation,1983,68.0293
Russian Federation,1982,68.1408
Russian Federation,1981,67.6156
Russian Federation,1980,67.477
Russian Federation,1979,67.5675
Russian Federation,1978,67.8128
Russian Federation,1977,67.8728
Russian Federation,1976,68.1018
Russian Federation,1975,68.2644
Russian Federation,1974,68.7345
Russian Federation,1973,68.9489
Russian Federation,1972,68.8452
Russian Federation,1971,68.9245
Russian Federation,1970,68.7083
Russian Federation,1969,68.6284
Russian Federation,1968,69.0618
Russian Federation,1967,69.1841
Russian Federation,1966,69.3588
Russian Federation,1965,69.2843
Russian Federation,1964,69.497
Russian Federation,1963,69.0564
Russian Federation,1962,68.4792
Russian Federation,1961,68.5626
Russian Federation,1960,68.314
Russian Federation,1959,67.3829
Russian Federation,1958,67.691
Russian Federation,1957,66.0453
Russian Federation,1956,66.4984
Russian Federation,1955,62.0593
Russian Federation,1954,59.9205
Russian Federation,1953,58.7849
Russian Federation,1952,57.5908
Russian Federation,1951,55.2662
Russian Federation,1950,55.4723
Rwanda,2023,67.7852
Rwanda,2022,67.528
Rwanda,2021,66.8496
Rwanda,2020,66.9534
Rwanda,2019,66.6905
Rwanda,2018,66.3539
Rwanda,2017,66.1404
Rwanda,2016,65.7326
Rwanda,2015,65.4188
Rwanda,2014,65.0877
Rwanda,2013,64.6512
Rwanda,2012,64.1887
Rwanda,2011,63.4764
Rwanda,2010,62.804
Rwanda,2009,61.8128
Rwanda,2008,60.6407
Rwanda,2007,59.5041
Rwanda,2006,58.3422
Rwanda,2005,56.9683
Rwanda,2004,55.5204
Rwanda,2003,53.5291
Rwanda,2002,51.262
Rwanda,2001,49.4897
Rwanda,2000,47.7977
Rwanda,1999,45.7487
Rwanda,1998,43.0985
Rwanda,1997,41.9785
Rwanda,1996,42.4858
Rwanda,1995,41.5183
Rwanda,1994,12.1575
Rwanda,1993,42.9371
Rwanda,1992,44.3972
Rwanda,1991,46.2429
Rwanda,1990,47.7629
Rwanda,1989,49.4846
Rwanda,1988,50.9137
Rwanda,1987,51.4655
Rwanda,1986,51.7059
Rwanda,1985,51.7042
Rwanda,1984,51.4449
Rwanda,1983,50.9439
Rwanda,1982,50.1881
Rwanda,1981,49.2161
Rwanda,1980,48.1223
Rwanda,1979,47.0868
Rwanda,1978,46.1654
Rwanda,1977,45.5794
Rwanda,1976,45.312
Rwanda,1975,45.3242
Rwanda,1974,45.5664
Rwanda,1973,45.9438
Rwanda,1972,46.3433
Rwanda,1971,46.7555
Rwanda,1970,47.1162
Rwanda,1969,47.4374
Rwanda,1968,47.7313
Rwanda,1967,47.9873
Rwanda,1966,48.0836
Rwanda,1965,48.2031
Rwanda,1964,48.1314
Rwanda,1963,43.998
Rwanda,1962,47.802
Rwanda,1961,47.4581
Rwanda,1960,47.0218
Rwanda,1959,46.5459
Rwanda,1958,46.0522
Rwanda,1957,45.608
Rwanda,1956,45.1763
Rwanda,1955,44.7944
Rwanda,1954,44.4288
Rwanda,1953,44.0922
Rwanda,1952,43.7749
Rwanda,1951,43.4735
Rwanda,1950,43.18
Saint Kitts and Nevis,2023,72.1447
Saint Kitts and Nevis,2022,70.3131
Saint Kitts and Nevis,2021,69.2709
Saint Kitts and Nevis,2020,71.1814
Saint Kitts and Nevis,2019,71.5399
Saint Kitts and Nevis,2018,71.3362
Saint Kitts and Nevis,2017,71.284
Saint Kitts and Nevis,2016,71.2269
Saint Kitts and Nevis,2015,71.2112
Saint Kitts and Nevis,2014,71.2275
Saint Kitts and Nevis,2013,71.2903
Saint Kitts and Nevis,2012,71.3619
Saint Kitts and Nevis,2011,71.4
Saint Kitts and Nevis,2010,71.4516
Saint Kitts and Nevis,2009,71.4884
Saint Kitts and Nevis,2008,71.4786
Saint Kitts and Nevis,2007,71.4372
Saint Kitts and Nevis,2006,71.3557
Saint Kitts and Nevis,2005,71.151
Saint Kitts and Nevis,2004,70.9198
Saint Kitts and Nevis,2003,70.6142
Saint Kitts and Nevis,2002,70.1939
Saint Kitts and Nevis,2001,69.7671
Saint Kitts and Nevis,2000,69.2488
Saint Kitts and Nevis,1999,68.7251
Saint Kitts and Nevis,1998,67.8906
Saint Kitts and Nevis,1997,67.8107
Saint Kitts and Nevis,1996,67.4878
Saint Kitts and Nevis,1995,67.2304
Saint Kitts and Nevis,1994,67.0018
Saint Kitts and Nevis,1993,66.7081
Saint Kitts and Nevis,1992,66.3393
Saint Kitts and Nevis,1991,65.9578
Saint Kitts and Nevis,1990,65.6415
Saint Kitts and Nevis,1989,65.4496
Saint Kitts and Nevis,1988,65.4509
Saint Kitts and Nevis,1987,65.5161
Saint Kitts and Nevis,1986,65.5543
Saint Kitts and Nevis,1985,65.4819
Saint Kitts and Nevis,1984,65.3344
Saint Kitts and Nevis,1983,65.1183
Saint Kitts and Nevis,1982,64.8685
Saint Kitts and Nevis,1981,64.6195
Saint Kitts and Nevis,1980,64.3848
Saint Kitts and Nevis,1979,64.1978
Saint Kitts and Nevis,1978,63.9952
Saint Kitts and Nevis,1977,63.7301
Saint Kitts and Nevis,1976,63.4896
Saint Kitts and Nevis,1975,63.1915
Saint Kitts and Nevis,1974,62.8881
Saint Kitts and Nevis,1973,62.5167
Saint Kitts and Nevis,1972,62.1368
Saint Kitts and Nevis,1971,61.7404
Saint Kitts and Nevis,1970,61.3716
Saint Kitts and Nevis,1969,61.0789
Saint Kitts and Nevis,1968,60.7762
Saint Kitts and Nevis,1967,60.4453
Saint Kitts and Nevis,1966,60.0809
Saint Kitts and Nevis,1965,59.5953
Saint Kitts and Nevis,1964,59.0399
Saint Kitts and Nevis,1963,58.4296
Saint Kitts and Nevis,1962,57.8399
Saint Kitts and Nevis,1961,57.3379
Saint Kitts and Nevis,1960,56.8404
Saint Kitts and Nevis,1959,56.5548
Saint Kitts and Nevis,1958,56.4068
Saint Kitts and Nevis,1957,56.3767
Saint Kitts and Nevis,1956,56.386
Saint Kitts and Nevis,1955,56.3741
Saint Kitts and Nevis,1954,56.2694
Saint Kitts and Nevis,1953,56.0432
Saint Kitts and Nevis,1952,55.6627
Saint Kitts and Nevis,1951,55.2266
Saint Kitts and Nevis,1950,54.7822
Saint Lucia,2023,72.6968
Saint Lucia,2022,72.6699
Saint Lucia,2021,69.1194
Saint Lucia,2020,72.3077
Saint Lucia,2019,72.249
Saint Lucia,2018,72.6546
Saint Lucia,2017,72.5218
Saint Lucia,2016,72.5515
Saint Lucia,2015,72.9319
Saint Lucia,2014,72.6764
Saint Lucia,2013,72.6872
Saint Lucia,2012,72.86
Saint Lucia,2011,72.9617
Saint Lucia,2010,72.7676
Saint Lucia,2009,72.9459
Saint Lucia,2008,72.9635
Saint Lucia,2007,72.8598
Saint Lucia,2006,72.794
Saint Lucia,2005,72.5437
Saint Lucia,2004,72.4527
Saint Lucia,2003,72.1883
Saint Lucia,2002,71.7065
Saint Lucia,2001,71.3671
Saint Lucia,2000,70.7791
Saint Lucia,1999,70.6917
Saint Lucia,1998,70.6798
Saint Lucia,1997,70.7782
Saint Lucia,1996,70.9627
Saint Lucia,1995,71.1725
Saint Lucia,1994,71.0758
Saint Lucia,1993,71.0499
Saint Lucia,1992,70.7339
Saint Lucia,1991,70.3089
Saint Lucia,1990,70.0082
Saint Lucia,1989,70.028
Saint Lucia,1988,69.7361
Saint Lucia,1987,69.6711
Saint Lucia,1986,70.229
Saint Lucia,1985,70.3078
Saint Lucia,1984,70.5222
Saint Lucia,1983,69.9872
Saint Lucia,1982,68.9773
Saint Lucia,1981,68.6876
Saint Lucia,1980,67.8006
Saint Lucia,1979,67.3641
Saint Lucia,1978,67.3799
Saint Lucia,1977,66.9572
Saint Lucia,1976,66.1983
Saint Lucia,1975,65.9095
Saint Lucia,1974,65.4193
Saint Lucia,1973,64.5725
Saint Lucia,1972,64.6449
Saint Lucia,1971,64.4916
Saint Lucia,1970,64.2904
Saint Lucia,1969,64.0262
Saint Lucia,1968,63.7494
Saint Lucia,1967,63.1609
Saint Lucia,1966,62.5331
Saint Lucia,1965,61.9243
Saint Lucia,1964,61.3393
Saint Lucia,1963,60.5379
Saint Lucia,1962,59.8765
Saint Lucia,1961,59.095
Saint Lucia,1960,57.865
Saint Lucia,1959,57.3223
Saint Lucia,1958,56.5623
Saint Lucia,1957,55.8754
Saint Lucia,1956,55.8883
Saint Lucia,1955,55.4111
Saint Lucia,1954,54.5339
Saint Lucia,1953,53.2207
Saint Lucia,1952,52.431
Saint Lucia,1951,49.8156
Saint Lucia,1950,48.2891
Saint Vincent and the Grenadines,2023,71.2301
Saint Vincent and the Grenadines,2022,71.1906
Saint Vincent and the Grenadines,2021,69.132
Saint Vincent and the Grenadines,2020,69.6051
Saint Vincent and the Grenadines,2019,70.9944
Saint Vincent and the Grenadines,2018,71.0174
Saint Vincent and the Grenadines,2017,71.0126
Saint Vincent and the Grenadines,2016,70.6997
Saint Vincent and the Grenadines,2015,70.4626
Saint Vincent and the Grenadines,2014,70.3548
Saint Vincent and the Grenadines,2013,70.0912
Saint Vincent and the Grenadines,2012,70.5386
Saint Vincent and the Grenadines,2011,70.6094
Saint Vincent and the Grenadines,2010,70.66
Saint Vincent and the Grenadines,2009,70.7119
Saint Vincent and the Grenadines,2008,70.6113
Saint Vincent and the Grenadines,2007,70.446
Saint Vincent and the Grenadines,2006,70.4342
Saint Vincent and the Grenadines,2005,70.4538
Saint Vincent and the Grenadines,2004,70.4452
Saint Vincent and the Grenadines,2003,70.4302
Saint Vincent and the Grenadines,2002,70.6579
Saint Vincent and the Grenadines,2001,70.3817
Saint Vincent and the Grenadines,2000,70.3498
Saint Vincent and the Grenadines,1999,70.312
Saint Vincent and the Grenadines,1998,70.2629
Saint Vincent and the Grenadines,1997,70.3817
Saint Vincent and the Grenadines,1996,70.4662
Saint Vincent and the Grenadines,1995,70.5748
Saint Vincent and the Grenadines,1994,70.6018
Saint Vincent and the Grenadines,1993,70.621
Saint Vincent and the Grenadines,1992,70.7448
Saint Vincent and the Grenadines,1991,70.6402
Saint Vincent and the Grenadines,1990,70.6468
Saint Vincent and the Grenadines,1989,70.6472
Saint Vincent and the Grenadines,1988,70.6074
Saint Vincent and the Grenadines,1987,70.4276
Saint Vincent and the Grenadines,1986,70.1044
Saint Vincent and the Grenadines,1985,69.7712
Saint Vincent and the Grenadines,1984,69.2441
Saint Vincent and the Grenadines,1983,68.7965
Saint Vincent and the Grenadines,1982,68.5841
Saint Vincent and the Grenadines,1981,68.2916
Saint Vincent and the Grenadines,1980,67.9766
Saint Vincent and the Grenadines,1979,69.3447
Saint Vincent and the Grenadines,1978,67.2729
Saint Vincent and the Grenadines,1977,66.883
Saint Vincent and the Grenadines,1976,66.4655
Saint Vincent and the Grenadines,1975,65.8732
Saint Vincent and the Grenadines,1974,65.4223
Saint Vincent and the Grenadines,1973,65.0951
Saint Vincent and the Grenadines,1972,64.7525
Saint Vincent and the Grenadines,1971,64.4318
Saint Vincent and the Grenadines,1970,64.0289
Saint Vincent and the Grenadines,1969,63.5288
Saint Vincent and the Grenadines,1968,63.0644
Saint Vincent and the Grenadines,1967,62.5406
Saint Vincent and the Grenadines,1966,62.1015
Saint Vincent and the Grenadines,1965,61.6096
Saint Vincent and the Grenadines,1964,61.0708
Saint Vincent and the Grenadines,1963,60.5212
Saint Vincent and the Grenadines,1962,59.9243
Saint Vincent and the Grenadines,1961,59.2719
Saint Vincent and the Grenadines,1960,58.5665
Saint Vincent and the Grenadines,1959,57.77
Saint Vincent and the Grenadines,1958,57.0709
Saint Vincent and the Grenadines,1957,55.9085
Saint Vincent and the Grenadines,1956,54.9379
Saint Vincent and the Grenadines,1955,54.2612
Saint Vincent and the Grenadines,1954,52.7282
Saint Vincent and the Grenadines,1953,51.1003
Saint Vincent and the Grenadines,1952,49.518
Saint Vincent and the Grenadines,1951,48.584
Saint Vincent and the Grenadines,1950,46.8972
Samoa,2023,71.6982
Samoa,2022,71.5503
Samoa,2021,71.0958
Samoa,2020,70.7265
Samoa,2019,70.2695
Samoa,2018,71.0516
Samoa,2017,70.991
Samoa,2016,71.0027
Samoa,2015,71.0599
Samoa,2014,71.1416
Samoa,2013,71.2291
Samoa,2012,71.1593
Samoa,2011,71.393
Samoa,2010,71.4512
Samoa,2009,69.4858
Samoa,2008,71.5312
Samoa,2007,71.6045
Samoa,2006,71.6199
Samoa,2005,71.4868
Samoa,2004,71.5077
Samoa,2003,71.4406
Samoa,2002,71.2333
Samoa,2001,71.0284
Samoa,2000,70.7906
Samoa,1999,70.555
Samoa,1998,70.3077
Samoa,1997,70.0449
Samoa,1996,69.7673
Samoa,1995,69.4695
Samoa,1994,69.1615
Samoa,1993,68.8182
Samoa,1992,68.5319
Samoa,1991,68.0386
Samoa,1990,67.8075
Samoa,1989,67.6071
Samoa,1988,67.3281
Samoa,1987,67.047
Samoa,1986,66.8186
Samoa,1985,66.5568
Samoa,1984,66.2841
Samoa,1983,65.9909
Samoa,1982,65.6465
Samoa,1981,65.2956
Samoa,1980,64.961
Samoa,1979,64.5429
Samoa,1978,64.1324
Samoa,1977,63.7422
Samoa,1976,63.3014
Samoa,1975,62.839
Samoa,1974,62.3398
Samoa,1973,61.8632
Samoa,1972,61.3604
Samoa,1971,60.8787
Samoa,1970,60.3881
Samoa,1969,59.8812
Samoa,1968,59.381
Samoa,1967,58.8781
Samoa,1966,58.2249
Samoa,1965,57.8862
Samoa,1964,54.0434
Samoa,1963,56.8606
Samoa,1962,56.3155
Samoa,1961,55.738
Samoa,1960,55.1526
Samoa,1959,54.5678
Samoa,1958,53.9593
Samoa,1957,53.3632
Samoa,1956,52.8322
Samoa,1955,52.2074
Samoa,1954,51.5971
Samoa,1953,51.0015
Samoa,1952,50.3844
Samoa,1951,49.8011
Samoa,1950,49.1958
San Marino,2023,85.7062
San Marino,2022,85.7082
San Marino,2021,83.5389
San Marino,2020,82.6495
San Marino,2019,85.2565
San Marino,2018,85.0947
San Marino,2017,84.9326
San Marino,2016,84.7751
San Marino,2015,84.5959
San Marino,2014,84.3941
San Marino,2013,84.1749
San Marino,2012,83.9427
San Marino,2011,83.7132
San Marino,2010,83.4638
San Marino,2009,83.2239
San Marino,2008,82.8936
San Marino,2007,82.6049
San Marino,2006,82.2577
San Marino,2005,81.9256
San Marino,2004,81.5921
San Marino,2003,81.3303
San Marino,2002,81.0608
San Marino,2001,80.8028
San Marino,2000,80.5036
San Marino,1999,80.1998
San Marino,1998,79.9176
San Marino,1997,79.6773
San Marino,1996,79.3324
San Marino,1995,79.0308
San Marino,1994,78.67
San Marino,1993,78.3731
San Marino,1992,78.1335
San Marino,1991,77.9435
San Marino,1990,77.7826
San Marino,1989,77.6471
San Marino,1988,77.5444
San Marino,1987,77.4528
San Marino,1986,77.3769
San Marino,1985,77.2696
San Marino,1984,77.162
San Marino,1983,77.011
San Marino,1982,76.8083
San Marino,1981,76.5838
San Marino,1980,76.3709
San Marino,1979,76.1223
San Marino,1978,75.8893
San Marino,1977,75.6426
San Marino,1976,75.4309
San Marino,1975,75.251
San Marino,1974,75.0525
San Marino,1973,74.7865
San Marino,1972,74.5921
San Marino,1971,74.4036
San Marino,1970,74.2691
San Marino,1969,74.1715
San Marino,1968,74.0622
San Marino,1967,73.9461
San Marino,1966,73.8391
San Marino,1965,73.7227
San Marino,1964,73.6578
San Marino,1963,73.5859
San Marino,1962,73.5309
San Marino,1961,73.3749
San Marino,1960,73.1971
San Marino,1959,73.0158
San Marino,1958,72.845
San Marino,1957,72.6799
San Marino,1956,72.5208
San Marino,1955,72.3542
San Marino,1954,72.1901
San Marino,1953,72.0392
San Marino,1952,71.8922
San Marino,1951,71.7136
San Marino,1950,71.5897
Sao Tome and Principe,2023,69.7182
Sao Tome and Principe,2022,69.2368
Sao Tome and Principe,2021,68.0262
Sao Tome and Principe,2020,67.979
Sao Tome and Principe,2019,68.0435
Sao Tome and Principe,2018,67.6015
Sao Tome and Principe,2017,67.0741
Sao Tome and Principe,2016,66.5632
Sao Tome and Principe,2015,66.0231
Sao Tome and Principe,2014,65.4775
Sao Tome and Principe,2013,64.9301
Sao Tome and Principe,2012,64.5053
Sao Tome and Principe,2011,64.1217
Sao Tome and Principe,2010,63.8667
Sao Tome and Principe,2009,63.6687
Sao Tome and Principe,2008,63.4478
Sao Tome and Principe,2007,63.3356
Sao Tome and Principe,2006,63.0413
Sao Tome and Principe,2005,62.4344
Sao Tome and Principe,2004,62.5601
Sao Tome and Principe,2003,62.1579
Sao Tome and Principe,2002,61.8262
Sao Tome and Principe,2001,61.4996
Sao Tome and Principe,2000,61.2067
Sao Tome and Principe,1999,60.9761
Sao Tome and Principe,1998,60.7851
Sao Tome and Principe,1997,60.6475
Sao Tome and Principe,1996,60.5756
Sao Tome and Principe,1995,60.5359
Sao Tome and Principe,1994,60.5518
Sao Tome and Principe,1993,60.6179
Sao Tome and Principe,1992,60.706
Sao Tome and Principe,1991,60.7921
Sao Tome and Principe,1990,60.7072
Sao Tome and Principe,1989,59.7315
Sao Tome and Principe,1988,60.8083
Sao Tome and Principe,1987,60.663
Sao Tome and Principe,1986,57.6047
Sao Tome and Principe,1985,60.1388
Sao Tome and Principe,1984,59.8929
Sao Tome and Principe,1983,59.6791
Sao Tome and Principe,1982,59.5326
Sao Tome and Principe,1981,59.4318
Sao Tome and Principe,1980,59.3613
Sao Tome and Principe,1979,59.2735
Sao Tome and Principe,1978,59.1406
Sao Tome and Principe,1977,58.9786
Sao Tome and Principe,1976,58.7816
Sao Tome and Principe,1975,58.561
Sao Tome and Principe,1974,58.2623
Sao Tome and Principe,1973,57.8956
Sao Tome and Principe,1972,57.4482
Sao Tome and Principe,1971,56.9648
Sao Tome and Principe,1970,56.2673
Sao Tome and Principe,1969,55.3998
Sao Tome and Principe,1968,54.4912
Sao Tome and Principe,1967,53.4489
Sao Tome and Principe,1966,52.309
Sao Tome and Principe,1965,51.0721
Sao Tome and Principe,1964,49.7395
Sao Tome and Principe,1963,48.3996
Sao Tome and Principe,1962,46.8434
Sao Tome and Principe,1961,45.1927
Sao Tome and Principe,1960,43.5639
Sao Tome and Principe,1959,42.1135
Sao Tome and Principe,1958,40.962
Sao Tome and Principe,1957,40.1014
Sao Tome and Principe,1956,39.5428
Sao Tome and Principe,1955,39.2802
Sao Tome and Principe,1954,39.1552
Sao Tome and Principe,1953,39.1162
Sao Tome and Principe,1952,39.1425
Sao Tome and Principe,1951,39.1254
Sao Tome and Principe,1950,39.1287
Saudi Arabia,2023,78.7321
Saudi Arabia,2022,77.3098
Saudi Arabia,2021,77.0887
Saudi Arabia,2020,77.5962
Saudi Arabia,2019,78.3132
Saudi Arabia,2018,78.7499
Saudi Arabia,2017,78.7213
Saudi Arabia,2016,78.3537
Saudi Arabia,2015,77.7762
Saudi Arabia,2014,77.1159
Saudi Arabia,2013,76.5169
Saudi Arabia,2012,76.0896
Saudi Arabia,2011,75.8081
Saudi Arabia,2010,75.6161
Saudi Arabia,2009,75.4471
Saudi Arabia,2008,75.3014
Saudi Arabia,2007,75.0662
Saudi Arabia,2006,74.7617
Saudi Arabia,2005,74.4004
Saudi Arabia,2004,74.0273
Saudi Arabia,2003,73.657
Saudi Arabia,2002,73.2959
Saudi Arabia,2001,72.9505
Saudi Arabia,2000,72.6067
Saudi Arabia,1999,72.2903
Saudi Arabia,1998,71.9574
Saudi Arabia,1997,71.6238
Saudi Arabia,1996,71.2878
Saudi Arabia,1995,70.9443
Saudi Arabia,1994,70.5867
Saudi Arabia,1993,70.2076
Saudi Arabia,1992,69.7995
Saudi Arabia,1991,69.3409
Saudi Arabia,1990,68.8744
Saudi Arabia,1989,68.3595
Saudi Arabia,1988,67.8137
Saudi Arabia,1987,67.2419
Saudi Arabia,1986,66.6478
Saudi Arabia,1985,66.0268
Saudi Arabia,1984,65.3914
Saudi Arabia,1983,64.7187
Saudi Arabia,1982,64.0079
Saudi Arabia,1981,63.2516
Saudi Arabia,1980,62.4445
Saudi Arabia,1979,61.5183
Saudi Arabia,1978,60.6851
Saudi Arabia,1977,59.7489
Saudi Arabia,1976,58.7823
Saudi Arabia,1975,57.7804
Saudi Arabia,1974,56.7848
Saudi Arabia,1973,55.7651
Saudi Arabia,1972,54.7422
Saudi Arabia,1971,53.7271
Saudi Arabia,1970,52.7287
Saudi Arabia,1969,51.7727
Saudi Arabia,1968,50.8574
Saudi Arabia,1967,49.9941
Saudi Arabia,1966,49.1866
Saudi Arabia,1965,48.4359
Saudi Arabia,1964,47.7321
Saudi Arabia,1963,47.0858
Saudi Arabia,1962,46.4695
Saudi Arabia,1961,45.8805
Saudi Arabia,1960,45.31
Saudi Arabia,1959,44.7511
Saudi Arabia,1958,44.2012
Saudi Arabia,1957,43.6598
Saudi Arabia,1956,43.1271
Saudi Arabia,1955,42.6033
Saudi Arabia,1954,42.0885
Saudi Arabia,1953,41.5794
Saudi Arabia,1952,41.0691
Saudi Arabia,1951,40.5509
Saudi Arabia,1950,40.0172
Senegal,2023,68.6829
Senegal,2022,67.7884
Senegal,2021,66.8685
Senegal,2020,67.4961
Senegal,2019,67.668
Senegal,2018,67.3792
Senegal,2017,67.0589
Senegal,2016,66.724
Senegal,2015,66.4511
Senegal,2014,66.0014
Senegal,2013,65.6376
Senegal,2012,65.2291
Senegal,2011,64.7987
Senegal,2010,64.2214
Senegal,2009,63.7513
Senegal,2008,63.2012
Senegal,2007,62.6525
Senegal,2006,61.8006
Senegal,2005,60.9801
Senegal,2004,60.3076
Senegal,2003,59.4735
Senegal,2002,58.9124
Senegal,2001,58.158
Senegal,2000,57.6153
Senegal,1999,57.3145
Senegal,1998,57.0764
Senegal,1997,57.1069
Senegal,1996,57.1285
Senegal,1995,57.3356
Senegal,1994,57.4792
Senegal,1993,57.3483
Senegal,1992,57.2872
Senegal,1991,57.0369
Senegal,1990,56.6739
Senegal,1989,56.2093
Senegal,1988,55.5462
Senegal,1987,54.6317
Senegal,1986,53.7181
Senegal,1985,52.5864
Senegal,1984,51.6942
Senegal,1983,50.8112
Senegal,1982,49.863
Senegal,1981,49.0832
Senegal,1980,48.2935
Senegal,1979,47.478
Senegal,1978,46.5962
Senegal,1977,45.7144
Senegal,1976,44.8095
Senegal,1975,43.9377
Senegal,1974,43.1043
Senegal,1973,42.4286
Senegal,1972,41.7704
Senegal,1971,41.2428
Senegal,1970,40.789
Senegal,1969,40.3976
Senegal,1968,40.1497
Senegal,1967,39.9925
Senegal,1966,39.8482
Senegal,1965,39.7614
Senegal,1964,39.7554
Senegal,1963,39.7446
Senegal,1962,39.7376
Senegal,1961,39.7154
Senegal,1960,39.6678
Senegal,1959,39.5321
Senegal,1958,39.3954
Senegal,1957,39.1253
Senegal,1956,38.8762
Senegal,1955,38.5405
Senegal,1954,38.1722
Senegal,1953,37.785
Senegal,1952,37.3701
Senegal,1951,36.9124
Senegal,1950,36.4982
Serbia,2023,76.7693
Serbia,2022,75.4778
Serbia,2021,72.853
Serbia,2020,74.5065
Serbia,2019,76.0585
Serbia,2018,76.0356
Serbia,2017,75.7921
Serbia,2016,75.7375
Serbia,2015,75.653
Serbia,2014,75.4778
Serbia,2013,75.3461
Serbia,2012,75.0888
Serbia,2011,74.7194
Serbia,2010,74.3762
Serbia,2009,74.106
Serbia,2008,73.9041
Serbia,2007,73.724
Serbia,2006,73.3951
Serbia,2005,73.1151
Serbia,2004,72.8667
Serbia,2003,72.7222
Serbia,2002,72.5994
Serbia,2001,72.2745
Serbia,2000,72.3344
Serbia,1999,69.9939
Serbia,1998,72.2993
Serbia,1997,72.9467
Serbia,1996,72.916
Serbia,1995,72.7264
Serbia,1994,72.3036
Serbia,1993,71.8756
Serbia,1992,71.6279
Serbia,1991,71.9376
Serbia,1990,72.2251
Serbia,1989,72.3396
Serbia,1988,72.0392
Serbia,1987,71.8508
Serbia,1986,71.6423
Serbia,1985,71.4408
Serbia,1984,71.1564
Serbia,1983,71.0888
Serbia,1982,71.0352
Serbia,1981,71.111
Serbia,1980,71.0805
Serbia,1979,71.173
Serbia,1978,71.442
Serbia,1977,71.7708
Serbia,1976,71.8626
Serbia,1975,71.6126
Serbia,1974,71.1241
Serbia,1973,70.497
Serbia,1972,69.9821
Serbia,1971,69.7171
Serbia,1970,69.7347
Serbia,1969,70.0259
Serbia,1968,70.0761
Serbia,1967,70.0894
Serbia,1966,69.4271
Serbia,1965,68.7171
Serbia,1964,67.9978
Serbia,1963,67.3511
Serbia,1962,67.0446
Serbia,1961,66.3032
Serbia,1960,65.7051
Serbia,1959,65.238
Serbia,1958,64.283
Serbia,1957,63.2439
Serbia,1956,61.8586
Serbia,1955,61.349
Serbia,1954,60.6912
Serbia,1953,59.7739
Serbia,1952,57.4065
Serbia,1951,55.6122
Serbia,1950,55.0875
Seychelles,2023,72.862
Seychelles,2022,71.2481
Seychelles,2021,71.2198
Seychelles,2020,74.0912
Seychelles,2019,72.1226
Seychelles,2018,72.1756
Seychelles,2017,72.2319
Seychelles,2016,72.2456
Seychelles,2015,72.2854
Seychelles,2014,72.3545
Seychelles,2013,72.4279
Seychelles,2012,72.4907
Seychelles,2011,72.5062
Seychelles,2010,72.4771
Seychelles,2009,72.4139
Seychelles,2008,72.3233
Seychelles,2007,72.1617
Seychelles,2006,72.0474
Seychelles,2005,71.9209
Seychelles,2004,71.7069
Seychelles,2003,71.684
Seychelles,2002,71.5458
Seychelles,2001,71.4292
Seychelles,2000,71.3127
Seychelles,1999,71.2079
Seychelles,1998,71.092
Seychelles,1997,70.7594
Seychelles,1996,70.7952
Seychelles,1995,70.6341
Seychelles,1994,70.5039
Seychelles,1993,70.4148
Seychelles,1992,70.3457
Seychelles,1991,70.2629
Seychelles,1990,70.1698
Seychelles,1989,70.0725
Seychelles,1988,69.9897
Seychelles,1987,69.8872
Seychelles,1986,69.7665
Seychelles,1985,69.6242
Seychelles,1984,69.468
Seychelles,1983,69.2574
Seychelles,1982,69.004
Seychelles,1981,68.731
Seychelles,1980,68.4872
Seychelles,1979,68.2368
Seychelles,1978,67.9349
Seychelles,1977,67.588
Seychelles,1976,67.22
Seychelles,1975,66.8473
Seychelles,1974,66.4301
Seychelles,1973,65.9282
Seychelles,1972,65.3468
Seychelles,1971,64.6445
Seychelles,1970,63.9828
Seychelles,1969,63.2663
Seychelles,1968,62.6438
Seychelles,1967,62.072
Seychelles,1966,61.6822
Seychelles,1965,61.4442
Seychelles,1964,61.153
Seychelles,1963,60.9088
Seychelles,1962,60.6699
Seychelles,1961,60.5823
Seychelles,1960,60.4932
Seychelles,1959,60.4222
Seychelles,1958,60.352
Seychelles,1957,60.1711
Seychelles,1956,59.8132
Seychelles,1955,59.3885
Seychelles,1954,58.9973
Seychelles,1953,58.6858
Seychelles,1952,58.3643
Seychelles,1951,58.037
Seychelles,1950,57.8185
Sierra Leone,2023,61.7858
Sierra Leone,2022,61.2748
Sierra Leone,2021,60.2596
Sierra Leone,2020,59.6935
Sierra Leone,2019,59.5935
Sierra Leone,2018,59.0587
Sierra Leone,2017,57.761
Sierra Leone,2016,56.9368
Sierra Leone,2015,55.454
Sierra Leone,2014,54.2809
Sierra Leone,2013,54.0515
Sierra Leone,2012,53.159
Sierra Leone,2011,52.5936
Sierra Leone,2010,51.9272
Sierra Leone,2009,51.3124
Sierra Leone,2008,50.6927
Sierra Leone,2007,50.0239
Sierra Leone,2006,49.5472
Sierra Leone,2005,48.306
Sierra Leone,2004,47.4853
Sierra Leone,2003,46.7843
Sierra Leone,2002,46.1739
Sierra Leone,2001,45.4476
Sierra Leone,2000,44.8341
Sierra Leone,1999,41.9622
Sierra Leone,1998,42.7144
Sierra Leone,1997,43.6493
Sierra Leone,1996,43.5283
Sierra Leone,1995,42.5787
Sierra Leone,1994,42.808
Sierra Leone,1993,43.4277
Sierra Leone,1992,43.451
Sierra Leone,1991,43.287
Sierra Leone,1990,43.7204
Sierra Leone,1989,43.7413
Sierra Leone,1988,43.7652
Sierra Leone,1987,43.7482
Sierra Leone,1986,43.5025
Sierra Leone,1985,43.5563
Sierra Leone,1984,43.5611
Sierra Leone,1983,43.4548
Sierra Leone,1982,43.3021
Sierra Leone,1981,43.0856
Sierra Leone,1980,42.8389
Sierra Leone,1979,42.53
Sierra Leone,1978,42.1916
Sierra Leone,1977,41.8258
Sierra Leone,1976,41.4253
Sierra Leone,1975,40.9897
Sierra Leone,1974,40.4117
Sierra Leone,1973,39.9603
Sierra Leone,1972,39.5048
Sierra Leone,1971,39.1043
Sierra Leone,1970,38.619
Sierra Leone,1969,38.2297
Sierra Leone,1968,37.7605
Sierra Leone,1967,37.2809
Sierra Leone,1966,36.6399
Sierra Leone,1965,35.93
Sierra Leone,1964,35.2976
Sierra Leone,1963,34.7047
Sierra Leone,1962,34.155
Sierra Leone,1961,33.6328
Sierra Leone,1960,33.0904
Sierra Leone,1959,32.5565
Sierra Leone,1958,32.1409
Sierra Leone,1957,31.7683
Sierra Leone,1956,31.3154
Sierra Leone,1955,30.9286
Sierra Leone,1954,30.5166
Sierra Leone,1953,30.1252
Sierra Leone,1952,29.7381
Sierra Leone,1951,29.2915
Sierra Leone,1950,28.935
Singapore,2023,83.7362
Singapore,2022,82.9211
Singapore,2021,83.4846
Singapore,2020,83.6607
Singapore,2019,83.6622
Singapore,2018,83.3783
Singapore,2017,83.0947
Singapore,2016,82.897
Singapore,2015,82.7479
Singapore,2014,82.6146
Singapore,2013,82.4676
Singapore,2012,82.2089
Singapore,2011,81.9417
Singapore,2010,81.6472
Singapore,2009,81.4282
Singapore,2008,81.0992
Singapore,2007,80.8845
Singapore,2006,80.6404
Singapore,2005,80.2706
Singapore,2004,79.6584
Singapore,2003,79.1777
Singapore,2002,78.7357
Singapore,2001,78.2668
Singapore,2000,77.7525
Singapore,1999,77.2711
Singapore,1998,76.851
Singapore,1997,76.3889
Singapore,1996,76.0504
Singapore,1995,75.7249
Singapore,1994,75.6269
Singapore,1993,75.5328
Singapore,1992,75.3265
Singapore,1991,75.0582
Singapore,1990,74.5982
Singapore,1989,74.3325
Singapore,1988,74.0494
Singapore,1987,74.0353
Singapore,1986,73.5641
Singapore,1985,73.1235
Singapore,1984,72.6028
Singapore,1983,72.4147
Singapore,1982,72.0149
Singapore,1981,71.7476
Singapore,1980,71.5285
Singapore,1979,71.3566
Singapore,1978,71.1631
Singapore,1977,70.8837
Singapore,1976,70.5699
Singapore,1975,70.2322
Singapore,1974,69.7088
Singapore,1973,69.3571
Singapore,1972,68.9641
Singapore,1971,68.7955
Singapore,1970,68.4999
Singapore,1969,68.0756
Singapore,1968,67.6627
Singapore,1967,67.3308
Singapore,1966,67.2369
Singapore,1965,66.9432
Singapore,1964,66.7124
Singapore,1963,66.4883
Singapore,1962,66.0904
Singapore,1961,65.6863
Singapore,1960,65.2968
Singapore,1959,64.7941
Singapore,1958,64.0265
Singapore,1957,63.3944
Singapore,1956,62.6169
Singapore,1955,61.2143
Singapore,1954,59.4233
Singapore,1953,57.4671
Singapore,1952,56.4258
Singapore,1951,55.2599
Singapore,1950,54.0923
Slovakia,2023,78.3414
Slovakia,2022,77.0356
Slovakia,2021,74.5901
Slovakia,2020,76.8643
Slovakia,2019,77.6863
Slovakia,2018,77.265
Slovakia,2017,77.22
Slovakia,2016,77.2156
Slovakia,2015,76.6505
Slovakia,2014,76.8484
Slovakia,2013,76.5139
Slovakia,2012,76.1764
Slovakia,2011,76.0181
Slovakia,2010,75.4963
Slovakia,2009,75.2175
Slovakia,2008,74.8643
Slovakia,2007,74.4947
Slovakia,2006,74.4161
Slovakia,2005,74.1562
Slovakia,2004,74.2172
Slovakia,2003,73.8185
Slovakia,2002,73.765
Slovakia,2001,73.5706
Slovakia,2000,73.1393
Slovakia,1999,72.9625
Slovakia,1998,72.573
Slovakia,1997,72.6887
Slovakia,1996,72.7385
Slovakia,1995,72.2537
Slovakia,1994,72.3295
Slovakia,1993,71.8803
Slovakia,1992,71.3652
Slovakia,1991,70.9212
Slovakia,1990,70.819
Slovakia,1989,70.9375
Slovakia,1988,71.1261
Slovakia,1987,71.0679
Slovakia,1986,70.8861
Slovakia,1985,70.7208
Slovakia,1984,70.7103
Slovakia,1983,70.4753
Slovakia,1982,70.7606
Slovakia,1981,70.6229
Slovakia,1980,70.3802
Slovakia,1979,70.7419
Slovakia,1978,70.4218
Slovakia,1977,70.4074
Slovakia,1976,70.4656
Slovakia,1975,70.3033
Slovakia,1974,70.1773
Slovakia,1973,70.0292
Slovakia,1972,70.3009
Slovakia,1971,69.8642
Slovakia,1970,69.7226
Slovakia,1969,69.8044
Slovakia,1968,70.464
Slovakia,1967,70.9677
Slovakia,1966,70.4187
Slovakia,1965,70.2836
Slovakia,1964,71.0767
Slovakia,1963,70.6883
Slovakia,1962,70.3259
Slovakia,1961,70.7894
Slovakia,1960,70.3364
Slovakia,1959,69.0091
Slovakia,1958,69.3571
Slovakia,1957,67.4629
Slovakia,1956,68.374
Slovakia,1955,67.8456
Slovakia,1954,66.6908
Slovakia,1953,65.65
Slovakia,1952,64.3036
Slovakia,1951,61.146
Slovakia,1950,60.7756
Slovenia,2023,81.6034
Slovenia,2022,80.7933
Slovenia,2021,80.434
Slovenia,2020,80.3641
Slovenia,2019,81.007
Slovenia,2018,80.861
Slovenia,2017,80.6163
Slovenia,2016,80.512
Slovenia,2015,80.4994
Slovenia,2014,80.2517
Slovenia,2013,80.0884
Slovenia,2012,79.7652
Slovenia,2011,79.5884
Slovenia,2010,79.3008
Slovenia,2009,79.027
Slovenia,2008,78.595
Slovenia,2007,78.2855
Slovenia,2006,77.8204
Slovenia,2005,77.5029
Slovenia,2004,76.9319
Slovenia,2003,76.3172
Slovenia,2002,76.3155
Slovenia,2001,76.1809
Slovenia,2000,75.8302
Slovenia,1999,75.4538
Slovenia,1998,75.1392
Slovenia,1997,74.9886
Slovenia,1996,74.7968
Slovenia,1995,74.4188
Slovenia,1994,73.9062
Slovenia,1993,73.584
Slovenia,1992,73.4192
Slovenia,1991,73.4746
Slovenia,1990,73.4654
Slovenia,1989,73.2901
Slovenia,1988,72.7634
Slovenia,1987,72.4437
Slovenia,1986,72.0879
Slovenia,1985,71.8019
Slovenia,1984,71.3331
Slovenia,1983,71.1885
Slovenia,1982,71.3683
Slovenia,1981,71.6474
Slovenia,1980,71.8172
Slovenia,1979,71.6255
Slovenia,1978,71.5871
Slovenia,1977,71.2652
Slovenia,1976,71.1377
Slovenia,1975,71.0825
Slovenia,1974,71.0388
Slovenia,1973,70.7523
Slovenia,1972,70.33
Slovenia,1971,69.715
Slovenia,1970,69.0488
Slovenia,1969,68.5912
Slovenia,1968,68.6083
Slovenia,1967,68.9725
Slovenia,1966,68.8814
Slovenia,1965,68.7006
Slovenia,1964,68.4869
Slovenia,1963,68.6072
Slovenia,1962,68.851
Slovenia,1961,68.8851
Slovenia,1960,68.5344
Slovenia,1959,68.1529
Slovenia,1958,67.6677
Slovenia,1957,67.0387
Slovenia,1956,66.5023
Slovenia,1955,66.0674
Slovenia,1954,66.0659
Slovenia,1953,65.3235
Slovenia,1952,63.8311
Slovenia,1951,62.3464
Slovenia,1950,61.8152
Solomon Islands,2023,70.5277
Solomon Islands,2022,70.4086
Solomon Islands,2021,68.8904
Solomon Islands,2020,69.2577
Solomon Islands,2019,69.9807
Solomon Islands,2018,69.8061
Solomon Islands,2017,69.6517
Solomon Islands,2016,69.5012
Solomon Islands,2015,69.3234
Solomon Islands,2014,68.9836
Solomon Islands,2013,69.0072
Solomon Islands,2012,68.9606
Solomon Islands,2011,68.8241
Solomon Islands,2010,68.6694
Solomon Islands,2009,68.3971
Solomon Islands,2008,68.3362
Solomon Islands,2007,67.8451
Solomon Islands,2006,67.9676
Solomon Islands,2005,67.79
Solomon Islands,2004,67.6283
Solomon Islands,2003,67.4787
Solomon Islands,2002,67.3501
Solomon Islands,2001,67.2365
Solomon Islands,2000,67.1164
Solomon Islands,1999,67.001
Solomon Islands,1998,66.8904
Solomon Islands,1997,66.7678
Solomon Islands,1996,66.7391
Solomon Islands,1995,66.717
Solomon Islands,1994,66.6614
Solomon Islands,1993,66.5577
Solomon Islands,1992,66.4709
Solomon Islands,1991,66.3573
Solomon Islands,1990,66.1942
Solomon Islands,1989,66.0511
Solomon Islands,1988,65.866
Solomon Islands,1987,65.6832
Solomon Islands,1986,64.7182
Solomon Islands,1985,65.2882
Solomon Islands,1984,65.049
Solomon Islands,1983,64.7713
Solomon Islands,1982,64.4563
Solomon Islands,1981,64.0766
Solomon Islands,1980,63.669
Solomon Islands,1979,63.1341
Solomon Islands,1978,62.5363
Solomon Islands,1977,61.5277
Solomon Islands,1976,61.153
Solomon Islands,1975,58.4043
Solomon Islands,1974,59.6113
Solomon Islands,1973,58.7772
Solomon Islands,1972,57.9134
Solomon Islands,1971,57.0149
Solomon Islands,1970,56.0607
Solomon Islands,1969,55.0992
Solomon Islands,1968,54.1419
Solomon Islands,1967,53.0594
Solomon Islands,1966,52.2562
Solomon Islands,1965,51.4063
Solomon Islands,1964,50.5827
Solomon Islands,1963,49.815
Solomon Islands,1962,49.0369
Solomon Islands,1961,48.3357
Solomon Islands,1960,47.6833
Solomon Islands,1959,47.025
Solomon Islands,1958,46.3071
Solomon Islands,1957,45.6572
Solomon Islands,1956,42.8325
Solomon Islands,1955,44.3485
Solomon Islands,1954,43.7397
Solomon Islands,1953,43.1602
Solomon Islands,1952,42.6304
Solomon Islands,1951,41.9985
Solomon Islands,1950,41.429
Somalia,2023,58.8158
Somalia,2022,53.9315
Somalia,2021,55.7027
Somalia,2020,57.0948
Somalia,2019,57.2494
Somalia,2018,54.7673
Somalia,2017,52.1901
Somalia,2016,55.2828
Somalia,2015,55.0555
Somalia,2014,54.4421
Somalia,2013,54.0163
Somalia,2012,49.1384
Somalia,2011,32.4525
Somalia,2010,48.8996
Somalia,2009,52.101
Somalia,2008,51.4558
Somalia,2007,50.8852
Somalia,2006,50.9152
Somalia,2005,50.8937
Somalia,2004,50.6849
Somalia,2003,50.7208
Somalia,2002,50.8202
Somalia,2001,50.8291
Somalia,2000,50.7466
Somalia,1999,50.611
Somalia,1998,50.7552
Somalia,1997,50.278
Somalia,1996,50.5244
Somalia,1995,50.6499
Somalia,1994,50.3025
Somalia,1993,50.5506
Somalia,1992,25.0342
Somalia,1991,25.4184
Somalia,1990,46.896
Somalia,1989,46.6485
Somalia,1988,43.9326
Somalia,1987,49.0015
Somalia,1986,48.4315
Somalia,1985,48.2786
Somalia,1984,48.4378
Somalia,1983,48.2296
Somalia,1982,48.0201
Somalia,1981,47.8174
Somalia,1980,47.6108
Somalia,1979,47.4051
Somalia,1978,47.0131
Somalia,1977,47.0042
Somalia,1976,44.7266
Somalia,1975,44.4902
Somalia,1974,44.2591
Somalia,1973,46.2238
Somalia,1972,46.0321
Somalia,1971,45.8367
Somalia,1970,45.644
Somalia,1969,45.4529
Somalia,1968,45.2542
Somalia,1967,45.0511
Somalia,1966,44.8431
Somalia,1965,44.6306
Somalia,1964,44.3928
Somalia,1963,44.1944
Somalia,1962,43.9724
Somalia,1961,43.6667
Somalia,1960,43.5433
Somalia,1959,43.3355
Somalia,1958,43.1289
Somalia,1957,42.9213
Somalia,1956,42.7127
Somalia,1955,42.5036
Somalia,1954,42.2941
Somalia,1953,42.0846
Somalia,1952,41.8748
Somalia,1951,41.6645
Somalia,1950,41.4532
South Africa,2023,66.1387
South Africa,2022,65.4536
South Africa,2021,62.0099
South Africa,2020,65.1502
South Africa,2019,66.0711
South Africa,2018,65.726
South Africa,2017,65.4222
South Africa,2016,64.7495
South Africa,2015,64.0532
South Africa,2014,63.1845
South Africa,2013,62.3883
South Africa,2012,61.7366
South Africa,2011,60.6024
South Africa,2010,58.8863
South Africa,2009,57.413
South Africa,2008,55.9817
South Africa,2007,54.9477
South Africa,2006,54.2204
South Africa,2005,53.9142
South Africa,2004,53.963
South Africa,2003,54.2451
South Africa,2002,55.5795
South Africa,2001,57.1607
South Africa,2000,58.3678
South Africa,1999,59.1895
South Africa,1998,59.9124
South Africa,1997,60.538
South Africa,1996,61.0786
South Africa,1995,61.6033
South Africa,1994,62.0693
South Africa,1993,62.6183
South Africa,1992,62.839
South Africa,1991,62.9827
South Africa,1990,62.9422
South Africa,1989,63.0168
South Africa,1988,62.9022
South Africa,1987,62.6941
South Africa,1986,62.4212
South Africa,1985,62.1954
South Africa,1984,61.8372
South Africa,1983,61.3926
South Africa,1982,60.9364
South Africa,1981,60.4453
South Africa,1980,59.9605
South Africa,1979,59.4725
South Africa,1978,58.9911
South Africa,1977,58.48
South Africa,1976,58.0003
South Africa,1975,57.5906
South Africa,1974,57.1097
South Africa,1973,56.7198
South Africa,1972,56.3767
South Africa,1971,56.0196
South Africa,1970,55.6808
South Africa,1969,55.4399
South Africa,1968,55.1915
South Africa,1967,54.9553
South Africa,1966,54.7315
South Africa,1965,54.4272
South Africa,1964,54.2147
South Africa,1963,53.8947
South Africa,1962,53.5657
South Africa,1961,53.0669
South Africa,1960,52.5751
South Africa,1959,51.8817
South Africa,1958,51.1486
South Africa,1957,50.1955
South Africa,1956,49.2144
South Africa,1955,48.1727
South Africa,1954,47.1192
South Africa,1953,46.0535
South Africa,1952,45.0469
South Africa,1951,44.0558
South Africa,1950,43.1094
South Sudan,2023,57.6174
South Sudan,2022,57.2026
South Sudan,2021,57.0474
South Sudan,2020,57.6479
South Sudan,2019,58.1293
South Sudan,2018,51.9049
South Sudan,2017,35.3511
South Sudan,2016,36.72
South Sudan,2015,39.7565
South Sudan,2014,45.6247
South Sudan,2013,58.2853
South Sudan,2012,58.2406
South Sudan,2011,57.6738
South Sudan,2010,57.4848
South Sudan,2009,56.8478
South Sudan,2008,56.2803
South Sudan,2007,55.4249
South Sudan,2006,54.6529
South Sudan,2005,53.9646
South Sudan,2004,53.0517
South Sudan,2003,52.3242
South Sudan,2002,49.3942
South Sudan,2001,48.5505
South Sudan,2000,47.5913
South Sudan,1999,44.5371
South Sudan,1998,19.0479
South Sudan,1997,33.0682
South Sudan,1996,32.124
South Sudan,1995,31.5104
South Sudan,1994,44.8582
South Sudan,1993,22.2634
South Sudan,1992,21.9378
South Sudan,1991,29.1851
South Sudan,1990,28.6275
South Sudan,1989,28.2167
South Sudan,1988,10.9891
South Sudan,1987,20.7211
South Sudan,1986,32.8159
South Sudan,1985,32.3603
South Sudan,1984,31.7879
South Sudan,1983,34.7333
South Sudan,1982,38.6766
South Sudan,1981,38.3135
South Sudan,1980,38.0343
South Sudan,1979,37.8051
South Sudan,1978,37.5918
South Sudan,1977,37.3971
South Sudan,1976,37.0922
South Sudan,1975,36.8666
South Sudan,1974,36.5893
South Sudan,1973,36.2771
South Sudan,1972,31.2905
South Sudan,1971,30.993
South Sudan,1970,25.6322
South Sudan,1969,25.3958
South Sudan,1968,26.103
South Sudan,1967,25.8584
South Sudan,1966,25.6329
South Sudan,1965,28.7806
South Sudan,1964,32.4581
South Sudan,1963,28.249
South Sudan,1962,28.5055
South Sudan,1961,28.2783
South Sudan,1960,28.0538
South Sudan,1959,27.8315
South Sudan,1958,27.6121
South Sudan,1957,30.8928
South Sudan,1956,31.6246
South Sudan,1955,32.02
South Sudan,1954,31.6986
South Sudan,1953,31.3596
South Sudan,1952,30.9786
South Sudan,1951,30.6301
South Sudan,1950,30.2055
Spain,2023,83.6703
Spain,2022,82.3661
Spain,2021,82.9508
Spain,2020,82.2413
Spain,2019,83.4794
Spain,2018,83.0956
Spain,2017,82.9862
Spain,2016,82.9999
Spain,2015,82.6109
Spain,2014,82.8283
Spain,2013,82.6943
Spain,2012,82.1905
Spain,2011,82.1804
Spain,2010,82.0063
Spain,2009,81.627
Spain,2008,81.2782
Spain,2007,80.9696
Spain,2006,80.9627
Spain,2005,80.3196
Spain,2004,80.3283
Spain,2003,79.7482
Spain,2002,79.8177
Spain,2001,79.7387
Spain,2000,79.4123
Spain,1999,78.9437
Spain,1998,78.9395
Spain,1997,78.8504
Spain,1996,78.3389
Spain,1995,78.2002
Spain,1994,78.1141
Spain,1993,77.728
Spain,1992,77.5888
Spain,1991,77.1285
Spain,1990,77.0004
Spain,1989,76.998
Spain,1988,76.9491
Spain,1987,76.9564
Spain,1986,76.7034
Spain,1985,76.4105
Spain,1984,76.4822
Spain,1983,76.0966
Spain,1982,76.3188
Spain,1981,75.7061
Spain,1980,75.5259
Spain,1979,74.9895
Spain,1978,74.496
Spain,1977,74.3066
Spain,1976,73.8069
Spain,1975,73.4918
Spain,1974,73.0928
Spain,1973,72.7324
Spain,1972,72.9533
Spain,1971,71.7353
Spain,1970,72.1491
Spain,1969,71.1386
Spain,1968,71.6743
Spain,1967,71.3491
Spain,1966,71.1603
Spain,1965,70.9
Spain,1964,70.4937
Spain,1963,69.7665
Spain,1962,69.6292
Spain,1961,69.5682
Spain,1960,69.2066
Spain,1959,68.6908
Spain,1958,68.7834
Spain,1957,66.5702
Spain,1956,66.7509
Spain,1955,66.6811
Spain,1954,66.9111
Spain,1953,65.7308
Spain,1952,64.8283
Spain,1951,61.4821
Spain,1950,61.7542
Sri Lanka,2023,77.4828
Sri Lanka,2022,77.2996
Sri Lanka,2021,76.2779
Sri Lanka,2020,76.9281
Sri Lanka,2019,76.698
Sri Lanka,2018,76.4853
Sri Lanka,2017,76.2386
Sri Lanka,2016,76.1361
Sri Lanka,2015,75.9899
Sri Lanka,2014,75.7573
Sri Lanka,2013,75.5461
Sri Lanka,2012,75.1866
Sri Lanka,2011,74.7405
Sri Lanka,2010,74.4626
Sri Lanka,2009,70.2976
Sri Lanka,2008,72.5557
Sri Lanka,2007,72.9831
Sri Lanka,2006,72.825
Sri Lanka,2005,73.0733
Sri Lanka,2004,68.0218
Sri Lanka,2003,72.4417
Sri Lanka,2002,72.2711
Sri Lanka,2001,71.8044
Sri Lanka,2000,71.1787
Sri Lanka,1999,70.4265
Sri Lanka,1998,70.1342
Sri Lanka,1997,69.9345
Sri Lanka,1996,69.8405
Sri Lanka,1995,69.7456
Sri Lanka,1994,70.2114
Sri Lanka,1993,70.0485
Sri Lanka,1992,69.6191
Sri Lanka,1991,69.131
Sri Lanka,1990,69.2389
Sri Lanka,1989,67.2839
Sri Lanka,1988,68.9952
Sri Lanka,1987,69.0086
Sri Lanka,1986,68.9617
Sri Lanka,1985,68.8812
Sri Lanka,1984,68.7612
Sri Lanka,1983,68.7258
Sri Lanka,1982,68.6649
Sri Lanka,1981,68.3802
Sri Lanka,1980,68.0059
Sri Lanka,1979,67.5141
Sri Lanka,1978,66.8436
Sri Lanka,1977,66.3913
Sri Lanka,1976,65.8399
Sri Lanka,1975,65.3554
Sri Lanka,1974,64.966
Sri Lanka,1973,64.7855
Sri Lanka,1972,64.6249
Sri Lanka,1971,64.2402
Sri Lanka,1970,64.3521
Sri Lanka,1969,64.1379
Sri Lanka,1968,63.8694
Sri Lanka,1967,63.5559
Sri Lanka,1966,63.1563
Sri Lanka,1965,62.7926
Sri Lanka,1964,62.376
Sri Lanka,1963,62.0307
Sri Lanka,1962,61.627
Sri Lanka,1961,61.1582
Sri Lanka,1960,60.6022
Sri Lanka,1959,59.9707
Sri Lanka,1958,59.2796
Sri Lanka,1957,58.5353
Sri Lanka,1956,57.8952
Sri Lanka,1955,57.1783
Sri Lanka,1954,56.4393
Sri Lanka,1953,55.6499
Sri Lanka,1952,54.859
Sri Lanka,1951,53.9808
Sri Lanka,1950,53.1686
Sudan,2023,66.331
Sudan,2022,65.695
Sudan,2021,64.4604
Sudan,2020,65.1237
Sudan,2019,65.8032
Sudan,2018,65.5005
Sudan,2017,65.1464
Sudan,2016,64.6773
Sudan,2015,64.3746
Sudan,2014,63.9905
Sudan,2013,63.4433
Sudan,2012,63.4273
Sudan,2011,63.1809
Sudan,2010,62.9792
Sudan,2009,62.6765
Sudan,2008,61.2609
Sudan,2007,61.4419
Sudan,2006,60.3996
Sudan,2005,57.2263
Sudan,2004,56.7731
Sudan,2003,58.3193
Sudan,2002,59.3078
Sudan,2001,59.2641
Sudan,2000,58.9456
Sudan,1999,58.6073
Sudan,1998,58.3082
Sudan,1997,58.0579
Sudan,1996,57.6379
Sudan,1995,57.4465
Sudan,1994,57.0223
Sudan,1993,56.102
Sudan,1992,55.952
Sudan,1991,55.553
Sudan,1990,55.4969
Sudan,1989,54.8826
Sudan,1988,54.9845
Sudan,1987,54.747
Sudan,1986,54.5578
Sudan,1985,50.0141
Sudan,1984,49.8073
Sudan,1983,49.5618
Sudan,1982,54.3753
Sudan,1981,54.3693
Sudan,1980,54.072
Sudan,1979,53.3738
Sudan,1978,53.2901
Sudan,1977,53.522
Sudan,1976,53.3417
Sudan,1975,53.31
Sudan,1974,53.1564
Sudan,1973,52.9884
Sudan,1972,52.8032
Sudan,1971,52.5405
Sudan,1970,52.2939
Sudan,1969,52.0403
Sudan,1968,51.7623
Sudan,1967,51.4948
Sudan,1966,51.2529
Sudan,1965,51.0311
Sudan,1964,50.8792
Sudan,1963,50.8164
Sudan,1962,50.4192
Sudan,1961,49.9636
Sudan,1960,49.566
Sudan,1959,49.1928
Sudan,1958,48.8633
Sudan,1957,48.4825
Sudan,1956,48.0868
Sudan,1955,47.7203
Sudan,1954,47.3154
Sudan,1953,46.9109
Sudan,1952,46.4848
Sudan,1951,46.2321
Sudan,1950,45.8061
Suriname,2023,73.631
Suriname,2022,73.2538
Suriname,2021,68.9427
Suriname,2020,72.3208
Suriname,2019,71.7734
Suriname,2018,71.4679
Suriname,2017,71.2474
Suriname,2016,70.9786
Suriname,2015,70.5671
Suriname,2014,70.33
Suriname,2013,70.1101
Suriname,2012,69.9568
Suriname,2011,69.8203
Suriname,2010,69.6262
Suriname,2009,69.3231
Suriname,2008,68.8732
Suriname,2007,68.3071
Suriname,2006,67.6431
Suriname,2005,66.9974
Suriname,2004,66.3615
Suriname,2003,65.7785
Suriname,2002,65.2744
Suriname,2001,64.8201
Suriname,2000,64.4089
Suriname,1999,64.0353
Suriname,1998,63.706
Suriname,1997,63.3853
Suriname,1996,63.0786
Suriname,1995,62.7792
Suriname,1994,62.542
Suriname,1993,62.3817
Suriname,1992,62.2456
Suriname,1991,62.1512
Suriname,1990,62.0878
Suriname,1989,61.9816
Suriname,1988,61.4774
Suriname,1987,61.3143
Suriname,1986,61.1589
Suriname,1985,61.3575
Suriname,1984,61.2105
Suriname,1983,61.0718
Suriname,1982,60.9343
Suriname,1981,60.795
Suriname,1980,60.6539
Suriname,1979,60.5267
Suriname,1978,60.4011
Suriname,1977,60.2769
Suriname,1976,60.1548
Suriname,1975,60.0347
Suriname,1974,59.914
Suriname,1973,59.7932
Suriname,1972,59.6852
Suriname,1971,59.5895
Suriname,1970,59.4939
Suriname,1969,59.3942
Suriname,1968,59.2916
Suriname,1967,59.1716
Suriname,1966,59.2316
Suriname,1965,59.1368
Suriname,1964,58.9081
Suriname,1963,58.4958
Suriname,1962,58.0229
Suriname,1961,57.29
Suriname,1960,56.5953
Suriname,1959,55.9366
Suriname,1958,55.3586
Suriname,1957,54.7426
Suriname,1956,54.1029
Suriname,1955,53.45
Suriname,1954,52.7862
Suriname,1953,52.1019
Suriname,1952,51.4014
Suriname,1951,51.0736
Suriname,1950,50.7024
Sweden,2023,83.2624
Sweden,2022,83.046
Sweden,2021,83.0196
Sweden,2020,82.4271
Sweden,2019,83.0518
Sweden,2018,82.5321
Sweden,2017,82.4377
Sweden,2016,82.3391
Sweden,2015,82.1844
Sweden,2014,82.2241
Sweden,2013,81.9354
Sweden,2012,81.7299
Sweden,2011,81.7584
Sweden,2010,81.519
Sweden,2009,81.3633
Sweden,2008,81.1373
Sweden,2007,80.97
Sweden,2006,80.8318
Sweden,2005,80.6213
Sweden,2004,80.5465
Sweden,2003,80.1951
Sweden,2002,79.9349
Sweden,2001,79.8363
Sweden,2000,79.7387
Sweden,1999,79.5085
Sweden,1998,79.4163
Sweden,1997,79.2724
Sweden,1996,79.0447
Sweden,1995,78.8222
Sweden,1994,78.7471
Sweden,1993,78.1356
Sweden,1992,78.0712
Sweden,1991,77.7285
Sweden,1990,77.5886
Sweden,1989,77.654
Sweden,1988,76.9978
Sweden,1987,77.1087
Sweden,1986,76.9546
Sweden,1985,76.6911
Sweden,1984,76.8407
Sweden,1983,76.5802
Sweden,1982,76.3498
Sweden,1981,76.0405
Sweden,1980,75.7431
Sweden,1979,75.523
Sweden,1978,75.4837
Sweden,1977,75.3933
Sweden,1976,74.9728
Sweden,1975,74.9778
Sweden,1974,74.9693
Sweden,1973,74.8655
Sweden,1972,74.7048
Sweden,1971,74.6006
Sweden,1970,74.6641
Sweden,1969,74.1135
Sweden,1968,74.0005
Sweden,1967,74.1466
Sweden,1966,74.101
Sweden,1965,73.8726
Sweden,1964,73.7054
Sweden,1963,73.5328
Sweden,1962,73.3506
Sweden,1961,73.4885
Sweden,1960,73.0365
Sweden,1959,73.3708
Sweden,1958,73.1526
Sweden,1957,72.4909
Sweden,1956,72.6602
Sweden,1955,72.5862
Sweden,1954,72.3527
Sweden,1953,71.9037
Sweden,1952,71.8453
Sweden,1951,71.3638
Sweden,1950,71.1394
Switzerland,2023,83.9536
Switzerland,2022,83.2003
Switzerland,2021,83.6477
Switzerland,2020,83.0626
Switzerland,2019,83.7804
Switzerland,2018,83.5639
Switzerland,2017,83.414
Switzerland,2016,83.4457
Switzerland,2015,82.8461
Switzerland,2014,83.0841
Switzerland,2013,82.6892
Switzerland,2012,82.6167
Switzerland,2011,82.5738
Switzerland,2010,82.2873
Switzerland,2009,81.9891
Switzerland,2008,81.9709
Switzerland,2007,81.7028
Switzerland,2006,81.5495
Switzerland,2005,81.2362
Switzerland,2004,81.0549
Switzerland,2003,80.5325
Switzerland,2002,80.4438
Switzerland,2001,80.2511
Switzerland,2000,79.834
Switzerland,1999,79.7235
Switzerland,1998,79.4752
Switzerland,1997,79.2329
Switzerland,1996,79.0494
Switzerland,1995,78.565
Switzerland,1994,78.4946
Switzerland,1993,78.2335
Switzerland,1992,77.9441
Switzerland,1991,77.6485
Switzerland,1990,77.3851
Switzerland,1989,77.5573
Switzerland,1988,77.3646
Switzerland,1987,77.3317
Switzerland,1986,77.0403
Switzerland,1985,76.882
Switzerland,1984,76.756
Switzerland,1983,76.1574
Switzerland,1982,76.1624
Switzerland,1981,75.8183
Switzerland,1980,75.5898
Switzerland,1979,75.6078
Switzerland,1978,75.3079
Switzerland,1977,75.3673
Switzerland,1976,74.9059
Switzerland,1975,74.7913
Switzerland,1974,74.4013
Switzerland,1973,74.0598
Switzerland,1972,73.7591
Switzerland,1971,73.2406
Switzerland,1970,73.1238
Switzerland,1969,72.7176
Switzerland,1968,72.7054
Switzerland,1967,72.7412
Switzerland,1966,72.4497
Switzerland,1965,72.318
Switzerland,1964,72.1791
Switzerland,1963,71.2924
Switzerland,1962,71.3027
Switzerland,1961,71.7428
Switzerland,1960,71.4137
Switzerland,1959,71.4531
Switzerland,1958,71.2912
Switzerland,1957,70.5385
Switzerland,1956,70.1987
Switzerland,1955,70.0701
Switzerland,1954,69.9846
Switzerland,1953,69.5183
Switzerland,1952,69.5876
Switzerland,1951,68.6939
Switzerland,1950,68.9133
Syrian Arab Republic,2023,72.1201
Syrian Arab Republic,2022,72.7898
Syrian Arab Republic,2021,72.4175
Syrian Arab Republic,2020,71.944
Syrian Arab Republic,2019,70.9701
Syrian Arab Republic,2018,67.3711
Syrian Arab Republic,2017,65.6508
Syrian Arab Republic,2016,65.1896
Syrian Arab Republic,2015,63.2651
Syrian Arab Republic,2014,65.4916
Syrian Arab Republic,2013,65.1457
Syrian Arab Republic,2012,66.2064
Syrian Arab Republic,2011,72.2593
Syrian Arab Republic,2010,73.5417
Syrian Arab Republic,2009,73.4959
Syrian Arab Republic,2008,73.3681
Syrian Arab Republic,2007,73.2563
Syrian Arab Republic,2006,73.0396
Syrian Arab Republic,2005,72.7966
Syrian Arab Republic,2004,72.4938
Syrian Arab Republic,2003,72.1875
Syrian Arab Republic,2002,71.7424
Syrian Arab Republic,2001,71.2958
Syrian Arab Republic,2000,70.8563
Syrian Arab Republic,1999,70.5065
Syrian Arab Republic,1998,70.2372
Syrian Arab Republic,1997,70.1582
Syrian Arab Republic,1996,70.1565
Syrian Arab Republic,1995,70.2093
Syrian Arab Republic,1994,70.2958
Syrian Arab Republic,1993,70.3087
Syrian Arab Republic,1992,70.2428
Syrian Arab Republic,1991,70.0752
Syrian Arab Republic,1990,69.8298
Syrian Arab Republic,1989,69.4855
Syrian Arab Republic,1988,69.1717
Syrian Arab Republic,1987,68.7974
Syrian Arab Republic,1986,68.4155
Syrian Arab Republic,1985,68.0481
Syrian Arab Republic,1984,67.7231
Syrian Arab Republic,1983,67.3504
Syrian Arab Republic,1982,60.8391
Syrian Arab Republic,1981,64.5981
Syrian Arab Republic,1980,66.5449
Syrian Arab Republic,1979,66.2441
Syrian Arab Republic,1978,65.9321
Syrian Arab Republic,1977,65.3981
Syrian Arab Republic,1976,64.844
Syrian Arab Republic,1975,64.1871
Syrian Arab Republic,1974,63.4411
Syrian Arab Republic,1973,60.8259
Syrian Arab Republic,1972,61.9692
Syrian Arab Republic,1971,61.3339
Syrian Arab Republic,1970,60.6077
Syrian Arab Republic,1969,59.8441
Syrian Arab Republic,1968,59.1177
Syrian Arab Republic,1967,58.0449
Syrian Arab Republic,1966,57.5504
Syrian Arab Republic,1965,56.901
Syrian Arab Republic,1964,56.1701
Syrian Arab Republic,1963,55.3935
Syrian Arab Republic,1962,54.5685
Syrian Arab Republic,1961,53.6521
Syrian Arab Republic,1960,52.7232
Syrian Arab Republic,1959,51.7243
Syrian Arab Republic,1958,50.6719
Syrian Arab Republic,1957,49.5751
Syrian Arab Republic,1956,48.4928
Syrian Arab Republic,1955,47.4031
Syrian Arab Republic,1954,46.3514
Syrian Arab Republic,1953,45.3291
Syrian Arab Republic,1952,44.3394
Syrian Arab Republic,1951,43.4491
Syrian Arab Republic,1950,42.455
Türkiye,2023,77.1557
Türkiye,2022,77.5913
Türkiye,2021,75.7222
Türkiye,2020,76.5255
Türkiye,2019,77.737
Türkiye,2018,77.4535
Türkiye,2017,77.0372
Türkiye,2016,76.5948
Türkiye,2015,76.5389
Türkiye,2014,76.4519
Türkiye,2013,76.1705
Türkiye,2012,75.5519
Türkiye,2011,74.8234
Türkiye,2010,74.9642
Türkiye,2009,74.679
Türkiye,2008,74.3802
Türkiye,2007,74.1291
Türkiye,2006,73.8038
Türkiye,2005,73.5098
Türkiye,2004,73.2232
Türkiye,2003,72.9061
Türkiye,2002,72.6047
Türkiye,2001,72.2711
Türkiye,2000,71.9312
Türkiye,1999,70.7523
Türkiye,1998,71.144
Türkiye,1997,70.6681
Türkiye,1996,70.2454
Türkiye,1995,69.7341
Türkiye,1994,69.4024
Türkiye,1993,69.0178
Türkiye,1992,68.6031
Türkiye,1991,68.2867
Türkiye,1990,67.8348
Türkiye,1989,67.3649
Türkiye,1988,66.902
Türkiye,1987,66.3785
Türkiye,1986,65.8699
Türkiye,1985,65.3437
Türkiye,1984,64.8099
Türkiye,1983,64.2687
Türkiye,1982,63.7404
Türkiye,1981,63.1935
Türkiye,1980,62.7391
Türkiye,1979,62.1609
Türkiye,1978,61.614
Türkiye,1977,60.8459
Türkiye,1976,60.0144
Türkiye,1975,59.513
Türkiye,1974,59.0191
Türkiye,1973,58.4549
Türkiye,1972,57.9712
Türkiye,1971,57.2226
Türkiye,1970,56.7016
Türkiye,1969,56.1794
Türkiye,1968,55.6389
Türkiye,1967,55.1828
Türkiye,1966,54.5698
Türkiye,1965,54.1048
Türkiye,1964,53.5996
Türkiye,1963,53.1195
Türkiye,1962,52.347
Türkiye,1961,51.5584
Türkiye,1960,50.799
Türkiye,1959,50.1372
Türkiye,1958,49.2277
Türkiye,1957,49.2247
Türkiye,1956,49.474
Türkiye,1955,49.0621
Türkiye,1954,48.8018
Türkiye,1953,48.2011
Türkiye,1952,48.1208
Türkiye,1951,47.6043
Türkiye,1950,47.2916
Tajikistan,2023,71.7901
Tajikistan,2022,71.5624
Tajikistan,2021,69.5935
Tajikistan,2020,68.6054
Tajikistan,2019,70.962
Tajikistan,2018,70.7366
Tajikistan,2017,70.5241
Tajikistan,2016,69.9819
Tajikistan,2015,69.6647
Tajikistan,2014,69.697
Tajikistan,2013,69.579
Tajikistan,2012,69.1296
Tajikistan,2011,68.6983
Tajikistan,2010,68.3698
Tajikistan,2009,68.2475
Tajikistan,2008,67.9243
Tajikistan,2007,67.4046
Tajikistan,2006,66.9968
Tajikistan,2005,66.5313
Tajikistan,2004,66.6042
Tajikistan,2003,65.8742
Tajikistan,2002,64.8983
Tajikistan,2001,64.197
Tajikistan,2000,63.542
Tajikistan,1999,63.1138
Tajikistan,1998,62.4037
Tajikistan,1997,61.9285
Tajikistan,1996,60.8059
Tajikistan,1995,61.389
Tajikistan,1994,60.0935
Tajikistan,1993,55.5119
Tajikistan,1992,57.0846
Tajikistan,1991,61.6795
Tajikistan,1990,61.6358
Tajikistan,1989,61.7356
Tajikistan,1988,61.8388
Tajikistan,1987,61.5824
Tajikistan,1986,61.8304
Tajikistan,1985,60.9727
Tajikistan,1984,60.6904
Tajikistan,1983,60.4597
Tajikistan,1982,60.1614
Tajikistan,1981,58.7584
Tajikistan,1980,58.6321
Tajikistan,1979,58.523
Tajikistan,1978,58.396
Tajikistan,1977,58.2441
Tajikistan,1976,58.0762
Tajikistan,1975,57.8803
Tajikistan,1974,57.6512
Tajikistan,1973,57.4179
Tajikistan,1972,57.1569
Tajikistan,1971,56.884
Tajikistan,1970,56.5886
Tajikistan,1969,56.2621
Tajikistan,1968,55.8901
Tajikistan,1967,55.4968
Tajikistan,1966,55.0786
Tajikistan,1965,54.6547
Tajikistan,1964,54.2244
Tajikistan,1963,53.7915
Tajikistan,1962,53.3743
Tajikistan,1961,52.9445
Tajikistan,1960,52.5349
Tajikistan,1959,52.1696
Tajikistan,1958,51.7906
Tajikistan,1957,51.4404
Tajikistan,1956,51.1166
Tajikistan,1955,50.818
Tajikistan,1954,50.5135
Tajikistan,1953,50.1992
Tajikistan,1952,49.9336
Tajikistan,1951,49.6368
Tajikistan,1950,49.3486
Thailand,2023,76.4115
Thailand,2022,75.2913
Thailand,2021,77.6065
Thailand,2020,77.3314
Thailand,2019,77.1967
Thailand,2018,77.1903
Thailand,2017,76.9888
Thailand,2016,76.7693
Thailand,2015,76.5631
Thailand,2014,76.2792
Thailand,2013,75.9601
Thailand,2012,75.5899
Thailand,2011,75.3015
Thailand,2010,75.0117
Thailand,2009,74.6691
Thailand,2008,74.2205
Thailand,2007,73.7795
Thailand,2006,73.3413
Thailand,2005,72.8938
Thailand,2004,72.1
Thailand,2003,72.1012
Thailand,2002,71.7747
Thailand,2001,71.5198
Thailand,2000,71.2053
Thailand,1999,70.9787
Thailand,1998,70.7029
Thailand,1997,70.3622
Thailand,1996,69.94
Thailand,1995,69.7565
Thailand,1994,69.6609
Thailand,1993,69.5677
Thailand,1992,69.353
Thailand,1991,69.1322
Thailand,1990,68.9244
Thailand,1989,68.5574
Thailand,1988,68.1937
Thailand,1987,67.8333
Thailand,1986,67.3084
Thailand,1985,66.5429
Thailand,1984,65.5497
Thailand,1983,64.4998
Thailand,1982,63.6026
Thailand,1981,62.8557
Thailand,1980,62.186
Thailand,1979,61.696
Thailand,1978,61.2657
Thailand,1977,60.9061
Thailand,1976,60.3715
Thailand,1975,59.7128
Thailand,1974,59.0306
Thailand,1973,58.3234
Thailand,1972,57.7464
Thailand,1971,57.1004
Thailand,1970,56.4699
Thailand,1969,55.7047
Thailand,1968,54.9772
Thailand,1967,54.3155
Thailand,1966,53.7294
Thailand,1965,53.131
Thailand,1964,52.5386
Thailand,1963,51.988
Thailand,1962,51.4443
Thailand,1961,51.065
Thailand,1960,50.6085
Thailand,1959,50.1261
Thailand,1958,49.5483
Thailand,1957,49.1281
Thailand,1956,48.6388
Thailand,1955,48.1338
Thailand,1954,47.6198
Thailand,1953,47.0656
Thailand,1952,46.498
Thailand,1951,45.9204
Thailand,1950,45.1886
Timor-Leste,2023,67.6894
Timor-Leste,2022,67.3684
Timor-Leste,2021,66.1993
Timor-Leste,2020,66.9191
Timor-Leste,2019,66.4964
Timor-Leste,2018,66.2039
Timor-Leste,2017,65.8982
Timor-Leste,2016,65.6099
Timor-Leste,2015,65.3262
Timor-Leste,2014,65.0268
Timor-Leste,2013,64.7189
Timor-Leste,2012,64.3844
Timor-Leste,2011,64.0223
Timor-Leste,2010,63.6599
Timor-Leste,2009,63.2652
Timor-Leste,2008,62.8575
Timor-Leste,2007,62.3957
Timor-Leste,2006,61.8807
Timor-Leste,2005,61.2717
Timor-Leste,2004,60.7428
Timor-Leste,2003,60.1304
Timor-Leste,2002,59.4766
Timor-Leste,2001,58.7722
Timor-Leste,2000,58.0969
Timor-Leste,1999,45.2456
Timor-Leste,1998,48.5826
Timor-Leste,1997,48.9681
Timor-Leste,1996,48.2602
Timor-Leste,1995,47.5429
Timor-Leste,1994,47.8608
Timor-Leste,1993,47.0075
Timor-Leste,1992,46.1901
Timor-Leste,1991,45.0763
Timor-Leste,1990,45.1849
Timor-Leste,1989,44.7954
Timor-Leste,1988,36.0471
Timor-Leste,1987,35.9743
Timor-Leste,1986,34.7636
Timor-Leste,1985,34.3419
Timor-Leste,1984,34.4685
Timor-Leste,1983,32.6944
Timor-Leste,1982,32.2467
Timor-Leste,1981,31.2475
Timor-Leste,1980,30.1957
Timor-Leste,1979,24.1718
Timor-Leste,1978,22.9333
Timor-Leste,1977,24.875
Timor-Leste,1976,25.8634
Timor-Leste,1975,24.3142
Timor-Leste,1974,36.4539
Timor-Leste,1973,38.9664
Timor-Leste,1972,38.443
Timor-Leste,1971,37.9094
Timor-Leste,1970,37.3617
Timor-Leste,1969,36.8024
Timor-Leste,1968,36.2408
Timor-Leste,1967,35.7032
Timor-Leste,1966,35.1737
Timor-Leste,1965,34.6532
Timor-Leste,1964,34.1473
Timor-Leste,1963,33.6654
Timor-Leste,1962,33.221
Timor-Leste,1961,32.8009
Timor-Leste,1960,32.4018
Timor-Leste,1959,32.0212
Timor-Leste,1958,31.6561
Timor-Leste,1957,31.3052
Timor-Leste,1956,30.9827
Timor-Leste,1955,30.6736
Timor-Leste,1954,30.3683
Timor-Leste,1953,30.0653
Timor-Leste,1952,29.7633
Timor-Leste,1951,29.4614
Timor-Leste,1950,29.1614
Togo,2023,62.7387
Togo,2022,62.2898
Togo,2021,61.3285
Togo,2020,61.1225
Togo,2019,61.0554
Togo,2018,60.6006
Togo,2017,60.1351
Togo,2016,59.6686
Togo,2015,59.2201
Togo,2014,58.7663
Togo,2013,58.3447
Togo,2012,57.9396
Togo,2011,57.6118
Togo,2010,57.2266
Togo,2009,56.9267
Togo,2008,56.6511
Togo,2007,56.3821
Togo,2006,56.1416
Togo,2005,55.9159
Togo,2004,55.5941
Togo,2003,55.2994
Togo,2002,55.0319
Togo,2001,54.7456
Togo,2000,54.577
Togo,1999,54.3101
Togo,1998,53.9561
Togo,1997,53.8453
Togo,1996,53.8172
Togo,1995,53.6922
Togo,1994,53.7069
Togo,1993,53.8516
Togo,1992,54.0767
Togo,1991,54.2551
Togo,1990,54.557
Togo,1989,54.7324
Togo,1988,54.901
Togo,1987,54.8205
Togo,1986,54.6137
Togo,1985,54.361
Togo,1984,54.0941
Togo,1983,53.7686
Togo,1982,53.2729
Togo,1981,52.7807
Togo,1980,52.1458
Togo,1979,51.5153
Togo,1978,50.9024
Togo,1977,50.1632
Togo,1976,49.5088
Togo,1975,49.0461
Togo,1974,48.5932
Togo,1973,48.1385
Togo,1972,47.692
Togo,1971,47.2323
Togo,1970,46.7819
Togo,1969,46.3543
Togo,1968,46.0224
Togo,1967,45.6153
Togo,1966,45.2275
Togo,1965,44.9168
Togo,1964,44.6004
Togo,1963,44.274
Togo,1962,44.0012
Togo,1961,43.7455
Togo,1960,43.5357
Togo,1959,43.3231
Togo,1958,43.1293
Togo,1957,42.9427
Togo,1956,42.7622
Togo,1955,42.6614
Togo,1954,42.4893
Togo,1953,42.315
Togo,1952,42.1961
Togo,1951,42.073
Togo,1950,41.926
Tonga,2023,72.8947
Tonga,2022,72.6353
Tonga,2021,72.1296
Tonga,2020,72.3787
Tonga,2019,72.292
Tonga,2018,72.1691
Tonga,2017,72.0657
Tonga,2016,71.9505
Tonga,2015,71.851
Tonga,2014,71.7212
Tonga,2013,71.6499
Tonga,2012,71.5461
Tonga,2011,71.4372
Tonga,2010,71.3185
Tonga,2009,70.9489
Tonga,2008,71.0412
Tonga,2007,70.8868
Tonga,2006,70.7098
Tonga,2005,70.56
Tonga,2004,70.433
Tonga,2003,70.2275
Tonga,2002,70.0301
Tonga,2001,69.7998
Tonga,2000,69.6349
Tonga,1999,69.4315
Tonga,1998,69.2244
Tonga,1997,69.0122
Tonga,1996,68.8031
Tonga,1995,68.592
Tonga,1994,68.3705
Tonga,1993,68.1572
Tonga,1992,67.9269
Tonga,1991,67.7487
Tonga,1990,67.5392
Tonga,1989,67.4451
Tonga,1988,67.3208
Tonga,1987,67.1889
Tonga,1986,67.0577
Tonga,1985,66.9282
Tonga,1984,66.8061
Tonga,1983,66.6518
Tonga,1982,66.3269
Tonga,1981,66.3574
Tonga,1980,66.186
Tonga,1979,66.0391
Tonga,1978,65.8538
Tonga,1977,65.6249
Tonga,1976,65.4184
Tonga,1975,65.1216
Tonga,1974,64.8249
Tonga,1973,64.389
Tonga,1972,64.0606
Tonga,1971,63.6074
Tonga,1970,63.1819
Tonga,1969,62.6963
Tonga,1968,62.1609
Tonga,1967,61.6918
Tonga,1966,61.2099
Tonga,1965,60.7198
Tonga,1964,60.2507
Tonga,1963,59.7702
Tonga,1962,59.2976
Tonga,1961,58.7574
Tonga,1960,58.3149
Tonga,1959,57.7655
Tonga,1958,57.2092
Tonga,1957,56.5055
Tonga,1956,55.6628
Tonga,1955,54.6605
Tonga,1954,53.5616
Tonga,1953,52.4497
Tonga,1952,51.158
Tonga,1951,49.7935
Tonga,1950,48.3759
Trinidad and Tobago,2023,73.4896
Trinidad and Tobago,2022,73.3308
Trinidad and Tobago,2021,71.1114
Trinidad and Tobago,2020,72.645
Trinidad and Tobago,2019,72.8357
Trinidad and Tobago,2018,72.6582
Trinidad and Tobago,2017,72.9844
Trinidad and Tobago,2016,72.9348
Trinidad and Tobago,2015,72.8817
Trinidad and Tobago,2014,72.8984
Trinidad and Tobago,2013,72.7855
Trinidad and Tobago,2012,72.513
Trinidad and Tobago,2011,72.2323
Trinidad and Tobago,2010,71.809
Trinidad and Tobago,2009,71.4042
Trinidad and Tobago,2008,71.1171
Trinidad and Tobago,2007,70.7973
Trinidad and Tobago,2006,70.4367
Trinidad and Tobago,2005,70.1847
Trinidad and Tobago,2004,69.8791
Trinidad and Tobago,2003,69.4536
Trinidad and Tobago,2002,69.2322
Trinidad and Tobago,2001,68.8744
Trinidad and Tobago,2000,68.6288
Trinidad and Tobago,1999,68.5087
Trinidad and Tobago,1998,68.3306
Trinidad and Tobago,1997,68.1434
Trinidad and Tobago,1996,68.0386
Trinidad and Tobago,1995,67.9952
Trinidad and Tobago,1994,67.8368
Trinidad and Tobago,1993,67.8246
Trinidad and Tobago,1992,67.7798
Trinidad and Tobago,1991,67.7817
Trinidad and Tobago,1990,67.5905
Trinidad and Tobago,1989,67.5178
Trinidad and Tobago,1988,67.3786
Trinidad and Tobago,1987,67.1345
Trinidad and Tobago,1986,66.9028
Trinidad and Tobago,1985,66.7475
Trinidad and Tobago,1984,66.5556
Trinidad and Tobago,1983,66.4401
Trinidad and Tobago,1982,66.3825
Trinidad and Tobago,1981,66.4587
Trinidad and Tobago,1980,66.5066
Trinidad and Tobago,1979,66.4224
Trinidad and Tobago,1978,66.1976
Trinidad and Tobago,1977,66.1698
Trinidad and Tobago,1976,66.0321
Trinidad and Tobago,1975,65.6471
Trinidad and Tobago,1974,65.5117
Trinidad and Tobago,1973,65.412
Trinidad and Tobago,1972,65.1835
Trinidad and Tobago,1971,64.9342
Trinidad and Tobago,1970,64.8689
Trinidad and Tobago,1969,64.7534
Trinidad and Tobago,1968,64.6255
Trinidad and Tobago,1967,64.4712
Trinidad and Tobago,1966,64.3156
Trinidad and Tobago,1965,64.1952
Trinidad and Tobago,1964,63.978
Trinidad and Tobago,1963,63.6326
Trinidad and Tobago,1962,63.4294
Trinidad and Tobago,1961,62.9652
Trinidad and Tobago,1960,62.5048
Trinidad and Tobago,1959,61.8923
Trinidad and Tobago,1958,61.4204
Trinidad and Tobago,1957,60.748
Trinidad and Tobago,1956,60.3431
Trinidad and Tobago,1955,59.7174
Trinidad and Tobago,1954,59.0761
Trinidad and Tobago,1953,58.2512
Trinidad and Tobago,1952,57.6841
Trinidad and Tobago,1951,57.3334
Trinidad and Tobago,1950,56.9789
Tunisia,2023,76.5077
Tunisia,2022,76.0505
Tunisia,2021,72.8928
Tunisia,2020,75.0035
Tunisia,2019,75.5992
Tunisia,2018,75.37
Tunisia,2017,75.1768
Tunisia,2016,75.0074
Tunisia,2015,74.8748
Tunisia,2014,74.7838
Tunisia,2013,74.6736
Tunisia,2012,74.5985
Tunisia,2011,74.4714
Tunisia,2010,74.4376
Tunisia,2009,74.3199
Tunisia,2008,74.1923
Tunisia,2007,74.0391
Tunisia,2006,73.8884
Tunisia,2005,73.7117
Tunisia,2004,73.5195
Tunisia,2003,73.3036
Tunisia,2002,73.0695
Tunisia,2001,72.8219
Tunisia,2000,72.6043
Tunisia,1999,72.3435
Tunisia,1998,72.0672
Tunisia,1997,71.6696
Tunisia,1996,71.2472
Tunisia,1995,70.7855
Tunisia,1994,70.3628
Tunisia,1993,69.9921
Tunisia,1992,69.6836
Tunisia,1991,69.3985
Tunisia,1990,69.0919
Tunisia,1989,68.8253
Tunisia,1988,68.4559
Tunisia,1987,68.0106
Tunisia,1986,67.4289
Tunisia,1985,66.8771
Tunisia,1984,66.2936
Tunisia,1983,65.696
Tunisia,1982,65.0102
Tunisia,1981,64.3742
Tunisia,1980,63.6688
Tunisia,1979,62.9291
Tunisia,1978,62.1472
Tunisia,1977,61.2556
Tunisia,1976,60.3134
Tunisia,1975,59.3055
Tunisia,1974,58.2509
Tunisia,1973,57.1153
Tunisia,1972,56.0947
Tunisia,1971,54.9055
Tunisia,1970,53.7917
Tunisia,1969,52.2968
Tunisia,1968,51.3416
Tunisia,1967,50.1573
Tunisia,1966,49.158
Tunisia,1965,48.2041
Tunisia,1964,47.2716
Tunisia,1963,46.412
Tunisia,1962,45.5617
Tunisia,1961,44.2568
Tunisia,1960,44.0491
Tunisia,1959,43.3563
Tunisia,1958,42.7026
Tunisia,1957,42.0766
Tunisia,1956,41.3454
Tunisia,1955,40.7623
Tunisia,1954,40.0017
Tunisia,1953,39.7466
Tunisia,1952,39.3069
Tunisia,1951,38.7171
Tunisia,1950,38.2195
Turkmenistan,2023,70.0727
Turkmenistan,2022,69.9133
Turkmenistan,2021,69.3525
Turkmenistan,2020,68.8457
Turkmenistan,2019,69.4046
Turkmenistan,2018,69.2718
Turkmenistan,2017,69.19
Turkmenistan,2016,69.1421
Turkmenistan,2015,69.0608
Turkmenistan,2014,69.0014
Turkmenistan,2013,68.968
Turkmenistan,2012,68.9607
Turkmenistan,2011,68.8696
Turkmenistan,2010,68.6078
Turkmenistan,2009,68.1552
Turkmenistan,2008,67.5836
Turkmenistan,2007,67.0198
Turkmenistan,2006,66.5744
Turkmenistan,2005,66.2747
Turkmenistan,2004,66.0548
Turkmenistan,2003,65.8538
Turkmenistan,2002,65.5934
Turkmenistan,2001,65.3246
Turkmenistan,2000,64.9315
Turkmenistan,1999,64.4749
Turkmenistan,1998,63.9664
Turkmenistan,1997,63.6674
Turkmenistan,1996,63.5378
Turkmenistan,1995,63.5137
Turkmenistan,1994,63.5148
Turkmenistan,1993,63.5855
Turkmenistan,1992,63.7528
Turkmenistan,1991,63.8424
Turkmenistan,1990,63.8665
Turkmenistan,1989,63.7815
Turkmenistan,1988,63.6987
Turkmenistan,1987,63.5314
Turkmenistan,1986,63.2118
Turkmenistan,1985,62.8027
Turkmenistan,1984,62.3636
Turkmenistan,1983,61.9876
Turkmenistan,1982,61.5772
Turkmenistan,1981,60.9831
Turkmenistan,1980,60.1815
Turkmenistan,1979,59.1199
Turkmenistan,1978,58.2787
Turkmenistan,1977,57.689
Turkmenistan,1976,57.449
Turkmenistan,1975,57.2407
Turkmenistan,1974,57.0403
Turkmenistan,1973,56.8362
Turkmenistan,1972,56.6028
Turkmenistan,1971,56.3493
Turkmenistan,1970,56.0455
Turkmenistan,1969,55.6897
Turkmenistan,1968,55.2738
Turkmenistan,1967,54.8371
Turkmenistan,1966,54.4026
Turkmenistan,1965,53.9855
Turkmenistan,1964,53.5947
Turkmenistan,1963,53.2281
Turkmenistan,1962,52.8678
Turkmenistan,1961,52.5097
Turkmenistan,1960,52.1492
Turkmenistan,1959,51.768
Turkmenistan,1958,51.3802
Turkmenistan,1957,50.97
Turkmenistan,1956,50.5694
Turkmenistan,1955,50.1554
Turkmenistan,1954,49.7609
Turkmenistan,1953,49.3648
Turkmenistan,1952,48.9714
Turkmenistan,1951,48.5581
Turkmenistan,1950,48.097
Tuvalu,2023,67.1049
Tuvalu,2022,66.8516
Tuvalu,2021,65.8236
Tuvalu,2020,66.3567
Tuvalu,2019,66.1085
Tuvalu,2018,65.871
Tuvalu,2017,65.6826
Tuvalu,2016,65.51
Tuvalu,2015,65.3652
Tuvalu,2014,65.2778
Tuvalu,2013,65.1713
Tuvalu,2012,65.0792
Tuvalu,2011,64.9598
Tuvalu,2010,64.834
Tuvalu,2009,64.693
Tuvalu,2008,64.5162
Tuvalu,2007,64.4017
Tuvalu,2006,64.2467
Tuvalu,2005,64.0962
Tuvalu,2004,63.9885
Tuvalu,2003,63.8974
Tuvalu,2002,63.8246
Tuvalu,2001,63.709
Tuvalu,2000,63.5356
Tuvalu,1999,63.3457
Tuvalu,1998,63.1619
Tuvalu,1997,62.9417
Tuvalu,1996,62.7086
Tuvalu,1995,62.5047
Tuvalu,1994,62.317
Tuvalu,1993,62.1097
Tuvalu,1992,60.2896
Tuvalu,1991,61.8086
Tuvalu,1990,61.6431
Tuvalu,1989,61.506
Tuvalu,1988,61.3666
Tuvalu,1987,61.2863
Tuvalu,1986,61.2072
Tuvalu,1985,61.1367
Tuvalu,1984,61.0521
Tuvalu,1983,60.9378
Tuvalu,1982,60.7465
Tuvalu,1981,60.4889
Tuvalu,1980,60.2173
Tuvalu,1979,59.8794
Tuvalu,1978,59.5707
Tuvalu,1977,59.2008
Tuvalu,1976,58.7728
Tuvalu,1975,58.2532
Tuvalu,1974,57.6931
Tuvalu,1973,57.1974
Tuvalu,1972,54.6942
Tuvalu,1971,55.9715
Tuvalu,1970,55.3475
Tuvalu,1969,54.7296
Tuvalu,1968,54.0721
Tuvalu,1967,53.4806
Tuvalu,1966,52.8092
Tuvalu,1965,52.0863
Tuvalu,1964,51.3359
Tuvalu,1963,50.5803
Tuvalu,1962,49.7787
Tuvalu,1961,49.0201
Tuvalu,1960,48.2611
Tuvalu,1959,47.4968
Tuvalu,1958,46.699
Tuvalu,1957,45.8468
Tuvalu,1956,45.0164
Tuvalu,1955,44.1749
Tuvalu,1954,43.3518
Tuvalu,1953,42.4521
Tuvalu,1952,41.6565
Tuvalu,1951,40.8347
Tuvalu,1950,40.0069
Uganda,2023,68.2523
Uganda,2022,67.6747
Uganda,2021,66.4497
Uganda,2020,66.4098
Uganda,2019,66.3537
Uganda,2018,65.7751
Uganda,2017,65.1738
Uganda,2016,64.4944
Uganda,2015,63.8315
Uganda,2014,63.0575
Uganda,2013,62.3531
Uganda,2012,61.5786
Uganda,2011,60.7914
Uganda,2010,59.9593
Uganda,2009,59.1574
Uganda,2008,58.253
Uganda,2007,57.2479
Uganda,2006,56.1184
Uganda,2005,54.9264
Uganda,2004,53.6988
Uganda,2003,52.4136
Uganda,2002,51.4432
Uganda,2001,50.5761
Uganda,2000,49.6397
Uganda,1999,48.9771
Uganda,1998,48.2634
Uganda,1997,48.0259
Uganda,1996,47.759
Uganda,1995,47.7062
Uganda,1994,47.6748
Uganda,1993,47.6808
Uganda,1992,47.6706
Uganda,1991,47.549
Uganda,1990,47.5612
Uganda,1989,47.4882
Uganda,1988,47.476
Uganda,1987,47.3604
Uganda,1986,45.6515
Uganda,1985,45.4963
Uganda,1984,43.7065
Uganda,1983,43.4891
Uganda,1982,43.3086
Uganda,1981,43.4563
Uganda,1980,43.4526
Uganda,1979,45.3846
Uganda,1978,45.5963
Uganda,1977,45.8399
Uganda,1976,46.1695
Uganda,1975,46.5175
Uganda,1974,46.8613
Uganda,1973,46.9915
Uganda,1972,47.1619
Uganda,1971,47.1465
Uganda,1970,49.621
Uganda,1969,49.5048
Uganda,1968,49.285
Uganda,1967,49.0064
Uganda,1966,48.4628
Uganda,1965,48.3027
Uganda,1964,47.8464
Uganda,1963,47.3781
Uganda,1962,46.8207
Uganda,1961,46.2707
Uganda,1960,45.6325
Uganda,1959,44.9531
Uganda,1958,44.311
Uganda,1957,43.6528
Uganda,1956,43.0158
Uganda,1955,42.4188
Uganda,1954,41.8395
Uganda,1953,41.2948
Uganda,1952,40.7535
Uganda,1951,40.2192
Uganda,1950,39.7072
Ukraine,2023,73.4225
Ukraine,2022,72.6582
Ukraine,2021,71.6308
Ukraine,2020,73.2833
Ukraine,2019,73.9199
Ukraine,2018,73.5691
Ukraine,2017,73.9935
Ukraine,2016,73.3894
Ukraine,2015,72.6862
Ukraine,2014,71.8034
Ukraine,2013,71.4744
Ukraine,2012,71.0896
Ukraine,2011,70.7106
Ukraine,2010,70.1883
Ukraine,2009,69.1595
Ukraine,2008,68.2618
Ukraine,2007,67.7147
Ukraine,2006,67.4901
Ukraine,2005,67.5168
Ukraine,2004,67.4724
Ukraine,2003,67.6383
Ukraine,2002,67.6986
Ukraine,2001,67.6754
Ukraine,2000,67.7862
Ukraine,1999,68.0037
Ukraine,1998,67.9929
Ukraine,1997,67.658
Ukraine,1996,67.0972
Ukraine,1995,67.1138
Ukraine,1994,67.5337
Ukraine,1993,68.2873
Ukraine,1992,68.9471
Ukraine,1991,69.6881
Ukraine,1990,70.3538
Ukraine,1989,70.8389
Ukraine,1988,71.0399
Ukraine,1987,71.1792
Ukraine,1986,70.8327
Ukraine,1985,70.4094
Ukraine,1984,69.9915
Ukraine,1983,69.9482
Ukraine,1982,69.9024
Ukraine,1981,69.8163
Ukraine,1980,69.7589
Ukraine,1979,69.775
Ukraine,1978,69.839
Ukraine,1977,70.007
Ukraine,1976,70.1441
Ukraine,1975,70.3612
Ukraine,1974,70.6269
Ukraine,1973,70.8222
Ukraine,1972,70.966
Ukraine,1971,70.8722
Ukraine,1970,70.8438
Ukraine,1969,70.8281
Ukraine,1968,70.9677
Ukraine,1967,71.1145
Ukraine,1966,71.1629
Ukraine,1965,71.1431
Ukraine,1964,70.9716
Ukraine,1963,70.6835
Ukraine,1962,70.4009
Ukraine,1961,70.0438
Ukraine,1960,69.3876
Ukraine,1959,68.6922
Ukraine,1958,67.7269
Ukraine,1957,67.171
Ukraine,1956,66.2595
Ukraine,1955,65.2578
Ukraine,1954,64.1259
Ukraine,1953,63.022
Ukraine,1952,62.0659
Ukraine,1951,61.3636
Ukraine,1950,61.1744
United Arab Emirates,2023,82.9091
United Arab Emirates,2022,80.4868
United Arab Emirates,2021,79.0831
United Arab Emirates,2020,81.9363
United Arab Emirates,2019,82.5961
United Arab Emirates,2018,82.4493
United Arab Emirates,2017,82.3884
United Arab Emirates,2016,82.1946
United Arab Emirates,2015,82.0759
United Arab Emirates,2014,81.9902
United Arab Emirates,2013,81.95
United Arab Emirates,2012,81.9129
United Arab Emirates,2011,81.8984
United Arab Emirates,2010,81.886
United Arab Emirates,2009,81.6794
United Arab Emirates,2008,81.5915
United Arab Emirates,2007,81.4384
United Arab Emirates,2006,81.1553
United Arab Emirates,2005,80.779
United Arab Emirates,2004,80.2724
United Arab Emirates,2003,79.5995
United Arab Emirates,2002,78.7211
United Arab Emirates,2001,77.6207
United Arab Emirates,2000,76.347
United Arab Emirates,1999,74.9818
United Arab Emirates,1998,73.66
United Arab Emirates,1997,72.5589
United Arab Emirates,1996,71.8203
United Arab Emirates,1995,71.3917
United Arab Emirates,1994,71.2037
United Arab Emirates,1993,71.1594
United Arab Emirates,1992,71.1664
United Arab Emirates,1991,71.1441
United Arab Emirates,1990,71.0737
United Arab Emirates,1989,70.9602
United Arab Emirates,1988,70.8081
United Arab Emirates,1987,70.6226
United Arab Emirates,1986,70.4105
United Arab Emirates,1985,70.1226
United Arab Emirates,1984,69.802
United Arab Emirates,1983,69.448
United Arab Emirates,1982,69.0562
United Arab Emirates,1981,68.6218
United Arab Emirates,1980,68.1567
United Arab Emirates,1979,67.6446
United Arab Emirates,1978,67.0832
United Arab Emirates,1977,66.4714
United Arab Emirates,1976,65.8061
United Arab Emirates,1975,65.1054
United Arab Emirates,1974,64.3511
United Arab Emirates,1973,63.5416
United Arab Emirates,1972,62.6751
United Arab Emirates,1971,61.7529
United Arab Emirates,1970,60.7796
United Arab Emirates,1969,59.7636
United Arab Emirates,1968,58.7268
United Arab Emirates,1967,57.648
United Arab Emirates,1966,56.5717
United Arab Emirates,1965,55.5118
United Arab Emirates,1964,54.495
United Arab Emirates,1963,53.5092
United Arab Emirates,1962,52.5459
United Arab Emirates,1961,51.5963
United Arab Emirates,1960,50.6505
United Arab Emirates,1959,49.7012
United Arab Emirates,1958,48.7591
United Arab Emirates,1957,47.8314
United Arab Emirates,1956,46.9249
United Arab Emirates,1955,46.048
United Arab Emirates,1954,45.2094
United Arab Emirates,1953,44.4072
United Arab Emirates,1952,43.6352
United Arab Emirates,1951,42.8857
United Arab Emirates,1950,42.1482
United Kingdom of Great Britain and Northern Ireland,2023,81.3015
United Kingdom of Great Britain and Northern Ireland,2022,81.0744
United Kingdom of Great Britain and Northern Ireland,2021,80.708
United Kingdom of Great Britain and Northern Ireland,2020,80.3854
United Kingdom of Great Britain and Northern Ireland,2019,81.4426
United Kingdom of Great Britain and Northern Ireland,2018,81.1229
United Kingdom of Great Britain and Northern Ireland,2017,81.164
United Kingdom of Great Britain and Northern Ireland,2016,81.0675
United Kingdom of Great Britain and Northern Ireland,2015,80.919
United Kingdom of Great Britain and Northern Ireland,2014,81.1529
United Kingdom of Great Britain and Northern Ireland,2013,80.9232
United Kingdom of Great Britain and Northern Ireland,2012,80.8594
United Kingdom of Great Britain and Northern Ireland,2011,80.7961
United Kingdom of Great Britain and Northern Ireland,2010,80.3908
United Kingdom of Great Britain and Northern Ireland,2009,80.1556
United Kingdom of Great Britain and Northern Ireland,2008,79.6554
United Kingdom of Great Britain and Northern Ireland,2007,79.5337
United Kingdom of Great Britain and Northern Ireland,2006,79.3474
United Kingdom of Great Britain and Northern Ireland,2005,79.1061
United Kingdom of Great Britain and Northern Ireland,2004,78.8998
United Kingdom of Great Britain and Northern Ireland,2003,78.3302
United Kingdom of Great Britain and Northern Ireland,2002,78.237
United Kingdom of Great Britain and Northern Ireland,2001,78.1208
United Kingdom of Great Britain and Northern Ireland,2000,77.8491
United Kingdom of Great Britain and Northern Ireland,1999,77.3728
United Kingdom of Great Britain and Northern Ireland,1998,77.2745
United Kingdom of Great Britain and Northern Ireland,1997,77.1389
United Kingdom of Great Britain and Northern Ireland,1996,76.8719
United Kingdom of Great Britain and Northern Ireland,1995,76.614
United Kingdom of Great Britain and Northern Ireland,1994,76.7198
United Kingdom of Great Britain and Northern Ireland,1993,76.1602
United Kingdom of Great Britain and Northern Ireland,1992,76.3074
United Kingdom of Great Britain and Northern Ireland,1991,75.9108
United Kingdom of Great Britain and Northern Ireland,1990,75.7377
United Kingdom of Great Britain and Northern Ireland,1989,75.3971
United Kingdom of Great Britain and Northern Ireland,1988,75.2593
United Kingdom of Great Britain and Northern Ireland,1987,75.147
United Kingdom of Great Britain and Northern Ireland,1986,74.7948
United Kingdom of Great Britain and Northern Ireland,1985,74.5362
United Kingdom of Great Britain and Northern Ireland,1984,74.6741
United Kingdom of Great Britain and Northern Ireland,1983,74.2927
United Kingdom of Great Britain and Northern Ireland,1982,74.0388
United Kingdom of Great Britain and Northern Ireland,1981,73.9162
United Kingdom of Great Britain and Northern Ireland,1980,73.5906
United Kingdom of Great Britain and Northern Ireland,1979,73.1607
United Kingdom of Great Britain and Northern Ireland,1978,73.0429
United Kingdom of Great Britain and Northern Ireland,1977,73.1111
United Kingdom of Great Britain and Northern Ireland,1976,72.6341
United Kingdom of Great Britain and Northern Ireland,1975,72.65
United Kingdom of Great Britain and Northern Ireland,1974,72.376
United Kingdom of Great Britain and Northern Ireland,1973,72.1846
United Kingdom of Great Britain and Northern Ireland,1972,71.9882
United Kingdom of Great Britain and Northern Ireland,1971,72.234
United Kingdom of Great Britain and Northern Ireland,1970,71.8819
United Kingdom of Great Britain and Northern Ireland,1969,71.6625
United Kingdom of Great Britain and Northern Ireland,1968,71.6842
United Kingdom of Great Britain and Northern Ireland,1967,72.0706
United Kingdom of Great Britain and Northern Ireland,1966,71.4329
United Kingdom of Great Britain and Northern Ireland,1965,71.5157
United Kingdom of Great Britain and Northern Ireland,1964,71.5407
United Kingdom of Great Britain and Northern Ireland,1963,70.7609
United Kingdom of Great Britain and Northern Ireland,1962,70.8576
United Kingdom of Great Britain and Northern Ireland,1961,70.7895
United Kingdom of Great Britain and Northern Ireland,1960,71.0251
United Kingdom of Great Britain and Northern Ireland,1959,70.8276
United Kingdom of Great Britain and Northern Ireland,1958,70.7048
United Kingdom of Great Britain and Northern Ireland,1957,70.5245
United Kingdom of Great Britain and Northern Ireland,1956,70.4055
United Kingdom of Great Britain and Northern Ireland,1955,70.1344
United Kingdom of Great Britain and Northern Ireland,1954,70.1715
United Kingdom of Great Britain and Northern Ireland,1953,69.8047
United Kingdom of Great Britain and Northern Ireland,1952,69.5267
United Kingdom of Great Britain and Northern Ireland,1951,68.2386
United Kingdom of Great Britain and Northern Ireland,1950,68.631
United Republic of Tanzania,2023,66.9953
United Republic of Tanzania,2022,66.8786
United Republic of Tanzania,2021,66.1306
United Republic of Tanzania,2020,66.7712
United Republic of Tanzania,2019,66.0068
United Republic of Tanzania,2018,65.488
United Republic of Tanzania,2017,64.9631
United Republic of Tanzania,2016,64.4037
United Republic of Tanzania,2015,63.9284
United Republic of Tanzania,2014,63.3638
United Republic of Tanzania,2013,62.788
United Republic of Tanzania,2012,62.2862
United Republic of Tanzania,2011,61.6176
United Republic of Tanzania,2010,61.1266
United Republic of Tanzania,2009,60.494
United Republic of Tanzania,2008,59.8961
United Republic of Tanzania,2007,59.2602
United Republic of Tanzania,2006,58.5123
United Republic of Tanzania,2005,57.675
United Republic of Tanzania,2004,56.8355
United Republic of Tanzania,2003,55.9292
United Republic of Tanzania,2002,54.9396
United Republic of Tanzania,2001,54.1243
United Republic of Tanzania,2000,53.2439
United Republic of Tanzania,1999,52.3988
United Republic of Tanzania,1998,51.8074
United Republic of Tanzania,1997,51.2457
United Republic of Tanzania,1996,51.1321
United Republic of Tanzania,1995,51.0048
United Republic of Tanzania,1994,51.0772
United Republic of Tanzania,1993,51.2153
United Republic of Tanzania,1992,51.4317
United Republic of Tanzania,1991,51.8373
United Republic of Tanzania,1990,51.9849
United Republic of Tanzania,1989,52.09
United Republic of Tanzania,1988,52.2245
United Republic of Tanzania,1987,52.1824
United Republic of Tanzania,1986,52.2074
United Republic of Tanzania,1985,52.1843
United Republic of Tanzania,1984,52.1508
United Republic of Tanzania,1983,52.1783
United Republic of Tanzania,1982,51.9901
United Republic of Tanzania,1981,51.7032
United Republic of Tanzania,1980,51.2719
United Republic of Tanzania,1979,50.791
United Republic of Tanzania,1978,50.351
United Republic of Tanzania,1977,49.9687
United Republic of Tanzania,1976,49.4586
United Republic of Tanzania,1975,48.9216
United Republic of Tanzania,1974,48.4219
United Republic of Tanzania,1973,47.9116
United Republic of Tanzania,1972,47.4358
United Republic of Tanzania,1971,46.9725
United Republic of Tanzania,1970,46.4947
United Republic of Tanzania,1969,46.0434
United Republic of Tanzania,1968,45.6263
United Republic of Tanzania,1967,45.1627
United Republic of Tanzania,1966,44.9413
United Republic of Tanzania,1965,44.542
United Republic of Tanzania,1964,44.075
United Republic of Tanzania,1963,43.6157
United Republic of Tanzania,1962,43.2146
United Republic of Tanzania,1961,42.8413
United Republic of Tanzania,1960,42.5959
United Republic of Tanzania,1959,42.4524
United Republic of Tanzania,1958,42.3109
United Republic of Tanzania,1957,42.145
United Republic of Tanzania,1956,41.9902
United Republic of Tanzania,1955,41.8264
United Republic of Tanzania,1954,41.6559
United Republic of Tanzania,1953,41.5076
United Republic of Tanzania,1952,41.3568
United Republic of Tanzania,1951,41.182
United Republic of Tanzania,1950,41.0323
United States of America,2023,79.3043
United States of America,2022,77.9789
United States of America,2021,76.3836
United States of America,2020,77.0115
United States of America,2019,78.916
United States of America,2018,78.7997
United States of America,2017,78.6483
United States of America,2016,78.686
United States of America,2015,78.7219
United States of America,2014,78.8785
United States of America,2013,78.8175
United States of America,2012,78.8169
United States of America,2011,78.7023
United States of America,2010,78.6681
United States of America,2009,78.4758
United States of America,2008,78.1273
United States of America,2007,78.0471
United States of America,2006,77.7976
United States of America,2005,77.5264
United States of America,2004,77.535
United States of America,2003,77.1369
United States of America,2002,76.9883
United States of America,2001,76.9194
United States of America,2000,76.8058
United States of America,1999,76.6691
United States of America,1998,76.6592
United States of America,1997,76.4981
United States of America,1996,76.1749
United States of America,1995,75.8522
United States of America,1994,75.7381
United States of America,1993,75.5677
United States of America,1992,75.779
United States of America,1991,75.5243
United States of America,1990,75.3743
United States of America,1989,75.1091
United States of America,1988,74.8333
United States of America,1987,74.8599
United States of America,1986,74.7284
United States of America,1985,74.65
United States of America,1984,74.6747
United States of America,1983,74.5528
United States of America,1982,74.4635
United States of America,1981,74.1174
United States of America,1980,73.73
United States of America,1979,73.8331
United States of America,1978,73.4091
United States of America,1977,73.2267
United States of America,1976,72.8448
United States of America,1975,72.5434
United States of America,1974,71.9592
United States of America,1973,71.3966
United States of America,1972,71.1779
United States of America,1971,71.0979
United States of America,1970,70.7343
United States of America,1969,70.4763
United States of America,1968,70.2004
United States of America,1967,70.5202
United States of America,1966,70.21
United States of America,1965,70.2495
United States of America,1964,70.1993
United States of America,1963,69.9428
United States of America,1962,70.1162
United States of America,1961,70.2536
United States of America,1960,69.8293
United States of America,1959,69.9044
United States of America,1958,69.6733
United States of America,1957,69.4183
United States of America,1956,69.643
United States of America,1955,69.5573
United States of America,1954,69.4996
United States of America,1953,68.7112
United States of America,1952,68.38
United States of America,1951,68.1743
United States of America,1950,68.0669
Uruguay,2023,78.1385
Uruguay,2022,76.4682
Uruguay,2021,75.4345
Uruguay,2020,78.3811
Uruguay,2019,77.5028
Uruguay,2018,77.5273
Uruguay,2017,77.618
Uruguay,2016,77.3511
Uruguay,2015,77.2847
Uruguay,2014,77.1941
Uruguay,2013,76.9531
Uruguay,2012,76.6914
Uruguay,2011,76.6141
Uruguay,2010,76.6911
Uruguay,2009,76.67
Uruguay,2008,76.2746
Uruguay,2007,76.1502
Uruguay,2006,75.8884
Uruguay,2005,75.8286
Uruguay,2004,75.3194
Uruguay,2003,75.0858
Uruguay,2002,74.9788
Uruguay,2001,74.9865
Uruguay,2000,74.6929
Uruguay,1999,74.2926
Uruguay,1998,74.0293
Uruguay,1997,73.9199
Uruguay,1996,73.8121
Uruguay,1995,73.4927
Uruguay,1994,73.1616
Uruguay,1993,73.1466
Uruguay,1992,73.1853
Uruguay,1991,73.1982
Uruguay,1990,72.9937
Uruguay,1989,72.6281
Uruguay,1988,72.4079
Uruguay,1987,72.1961
Uruguay,1986,72.1868
Uruguay,1985,71.8608
Uruguay,1984,71.708
Uruguay,1983,71.5954
Uruguay,1982,71.5279
Uruguay,1981,70.9519
Uruguay,1980,70.5054
Uruguay,1979,70.2554
Uruguay,1978,70.2646
Uruguay,1977,70.0807
Uruguay,1976,69.8873
Uruguay,1975,69.7054
Uruguay,1974,69.5244
Uruguay,1973,69.3476
Uruguay,1972,69.1694
Uruguay,1971,68.9262
Uruguay,1970,68.7336
Uruguay,1969,68.5813
Uruguay,1968,68.5144
Uruguay,1967,68.4071
Uruguay,1966,68.3017
Uruguay,1965,68.2003
Uruguay,1964,68.1115
Uruguay,1963,68.0226
Uruguay,1962,67.9114
Uruguay,1961,67.8104
Uruguay,1960,67.683
Uruguay,1959,67.5297
Uruguay,1958,67.3287
Uruguay,1957,67.1179
Uruguay,1956,66.9073
Uruguay,1955,66.6906
Uruguay,1954,66.4753
Uruguay,1953,66.2601
Uruguay,1952,66.0557
Uruguay,1951,65.8415
Uruguay,1950,65.5744
Uzbekistan,2023,72.3884
Uzbekistan,2022,72.1465
Uzbekistan,2021,71.6808
Uzbekistan,2020,71.4613
Uzbekistan,2019,72.0934
Uzbekistan,2018,71.9988
Uzbekistan,2017,71.7372
Uzbekistan,2016,71.5798
Uzbekistan,2015,71.3298
Uzbekistan,2014,70.9732
Uzbekistan,2013,70.6925
Uzbekistan,2012,70.4108
Uzbekistan,2011,70.1429
Uzbekistan,2010,69.8364
Uzbekistan,2009,69.517
Uzbekistan,2008,69.0347
Uzbekistan,2007,68.4833
Uzbekistan,2006,67.9053
Uzbekistan,2005,67.481
Uzbekistan,2004,67.2031
Uzbekistan,2003,66.8523
Uzbekistan,2002,66.3763
Uzbekistan,2001,65.8532
Uzbekistan,2000,65.456
Uzbekistan,1999,65.3071
Uzbekistan,1998,65.1686
Uzbekistan,1997,65.0285
Uzbekistan,1996,64.7799
Uzbekistan,1995,64.6696
Uzbekistan,1994,64.6815
Uzbekistan,1993,64.9239
Uzbekistan,1992,65.2362
Uzbekistan,1991,65.5288
Uzbekistan,1990,65.7717
Uzbekistan,1989,65.8435
Uzbekistan,1988,65.7568
Uzbekistan,1987,65.4858
Uzbekistan,1986,65.0271
Uzbekistan,1985,64.5737
Uzbekistan,1984,64.1083
Uzbekistan,1983,63.7502
Uzbekistan,1982,63.4649
Uzbekistan,1981,63.2231
Uzbekistan,1980,62.9813
Uzbekistan,1979,62.707
Uzbekistan,1978,62.44
Uzbekistan,1977,62.1733
Uzbekistan,1976,61.903
Uzbekistan,1975,61.6319
Uzbekistan,1974,61.3549
Uzbekistan,1973,61.0583
Uzbekistan,1972,60.75
Uzbekistan,1971,60.4173
Uzbekistan,1970,60.0723
Uzbekistan,1969,59.7152
Uzbekistan,1968,59.3547
Uzbekistan,1967,58.9932
Uzbekistan,1966,58.6326
Uzbekistan,1965,58.2766
Uzbekistan,1964,57.9221
Uzbekistan,1963,57.5636
Uzbekistan,1962,57.2177
Uzbekistan,1961,56.8737
Uzbekistan,1960,56.5391
Uzbekistan,1959,56.1924
Uzbekistan,1958,55.8511
Uzbekistan,1957,55.5147
Uzbekistan,1956,55.1904
Uzbekistan,1955,54.8728
Uzbekistan,1954,54.5617
Uzbekistan,1953,54.2603
Uzbekistan,1952,53.96
Uzbekistan,1951,53.6568
Uzbekistan,1950,53.3425
Vanuatu,2023,71.4769
Vanuatu,2022,71.3016
Vanuatu,2021,69.9518
Vanuatu,2020,70.3845
Vanuatu,2019,70.7834
Vanuatu,2018,70.6259
Vanuatu,2017,70.4996
Vanuatu,2016,70.3975
Vanuatu,2015,70.1632
Vanuatu,2014,70.0433
Vanuatu,2013,69.9861
Vanuatu,2012,69.8983
Vanuatu,2011,69.7287
Vanuatu,2010,69.5703
Vanuatu,2009,69.422
Vanuatu,2008,69.3017
Vanuatu,2007,69.1439
Vanuatu,2006,69.1264
Vanuatu,2005,69.1656
Vanuatu,2004,68.9847
Vanuatu,2003,68.9331
Vanuatu,2002,68.8358
Vanuatu,2001,68.722
Vanuatu,2000,68.586
Vanuatu,1999,67.9244
Vanuatu,1998,68.3722
Vanuatu,1997,68.3087
Vanuatu,1996,68.1756
Vanuatu,1995,68.1036
Vanuatu,1994,67.9842
Vanuatu,1993,67.7241
Vanuatu,1992,67.4327
Vanuatu,1991,67.114
Vanuatu,1990,66.6837
Vanuatu,1989,66.0234
Vanuatu,1988,65.6987
Vanuatu,1987,64.4392
Vanuatu,1986,64.6178
Vanuatu,1985,63.9273
Vanuatu,1984,63.5185
Vanuatu,1983,63.0755
Vanuatu,1982,62.5403
Vanuatu,1981,61.9496
Vanuatu,1980,61.3222
Vanuatu,1979,60.8931
Vanuatu,1978,59.8813
Vanuatu,1977,59.2467
Vanuatu,1976,58.664
Vanuatu,1975,58.1333
Vanuatu,1974,57.5725
Vanuatu,1973,57.0007
Vanuatu,1972,56.3724
Vanuatu,1971,55.8797
Vanuatu,1970,55.3107
Vanuatu,1969,54.7613
Vanuatu,1968,54.2305
Vanuatu,1967,53.6671
Vanuatu,1966,53.0903
Vanuatu,1965,52.5269
Vanuatu,1964,51.9689
Vanuatu,1963,51.4847
Vanuatu,1962,50.9312
Vanuatu,1961,50.3839
Vanuatu,1960,49.8407
Vanuatu,1959,49.2921
Vanuatu,1958,48.7467
Vanuatu,1957,48.2017
Vanuatu,1956,47.6719
Vanuatu,1955,47.0995
Vanuatu,1954,46.4791
Vanuatu,1953,45.8223
Vanuatu,1952,45.2812
Vanuatu,1951,42.1889
Vanuatu,1950,43.9263
Venezuela,2023,72.5142
Venezuela,2022,72.5656
Venezuela,2021,71.5364
Venezuela,2020,72.3693
Venezuela,2019,72.7664
Venezuela,2018,72.6415
Venezuela,2017,71.9026
Venezuela,2016,72.0019
Venezuela,2015,73.0044
Venezuela,2014,72.8371
Venezuela,2013,73.0765
Venezuela,2012,73.0858
Venezuela,2011,73.0895
Venezuela,2010,73.0922
Venezuela,2009,72.7852
Venezuela,2008,72.5776
Venezuela,2007,73.3478
Venezuela,2006,72.9724
Venezuela,2005,73.0752
Venezuela,2004,72.7523
Venezuela,2003,72.0556
Venezuela,2002,72.8225
Venezuela,2001,71.0189
Venezuela,2000,72.3876
Venezuela,1999,72.0883
Venezuela,1998,72.446
Venezuela,1997,72.5598
Venezuela,1996,71.9196
Venezuela,1995,71.7138
Venezuela,1994,71.2826
Venezuela,1993,71.3849
Venezuela,1992,71.1766
Venezuela,1991,71.1719
Venezuela,1990,70.9641
Venezuela,1989,70.8051
Venezuela,1988,70.7619
Venezuela,1987,70.6727
Venezuela,1986,70.5285
Venezuela,1985,69.9611
Venezuela,1984,69.6721
Venezuela,1983,69.5413
Venezuela,1982,68.9848
Venezuela,1981,68.6967
Venezuela,1980,68.179
Venezuela,1979,68.2261
Venezuela,1978,68.1082
Venezuela,1977,67.7263
Venezuela,1976,67.2664
Venezuela,1975,66.6855
Venezuela,1974,66.2231
Venezuela,1973,65.7395
Venezuela,1972,65.5549
Venezuela,1971,65.1836
Venezuela,1970,64.8162
Venezuela,1969,63.8402
Venezuela,1968,63.9084
Venezuela,1967,63.5502
Venezuela,1966,62.8941
Venezuela,1965,61.9088
Venezuela,1964,61.1677
Venezuela,1963,60.5018
Venezuela,1962,59.6675
Venezuela,1961,59.1149
Venezuela,1960,58.3759
Venezuela,1959,57.6846
Venezuela,1958,56.9438
Venezuela,1957,56.2185
Venezuela,1956,55.5051
Venezuela,1955,54.7782
Venezuela,1954,54.1019
Venezuela,1953,53.3997
Venezuela,1952,52.6918
Venezuela,1951,51.9889
Venezuela,1950,51.1425
Viet Nam,2023,74.5883
Viet Nam,2022,74.5025
Viet Nam,2021,74.1448
Viet Nam,2020,75.3832
Viet Nam,2019,74.2113
Viet Nam,2018,74.1004
Viet Nam,2017,74.0265
Viet Nam,2016,73.9837
Viet Nam,2015,73.9554
Viet Nam,2014,73.8859
Viet Nam,2013,73.8207
Viet Nam,2012,73.7619
Viet Nam,2011,73.7126
Viet Nam,2010,73.6107
Viet Nam,2009,73.5253
Viet Nam,2008,73.455
Viet Nam,2007,73.385
Viet Nam,2006,73.2925
Viet Nam,2005,73.1983
Viet Nam,2004,73.0623
Viet Nam,2003,73.2356
Viet Nam,2002,73.1384
Viet Nam,2001,72.9842
Viet Nam,2000,72.7455
Viet Nam,1999,72.5754
Viet Nam,1998,72.2829
Viet Nam,1997,71.67
Viet Nam,1996,71.2961
Viet Nam,1995,70.8714
Viet Nam,1994,70.3789
Viet Nam,1993,69.9569
Viet Nam,1992,69.6197
Viet Nam,1991,69.3035
Viet Nam,1990,69.0268
Viet Nam,1989,68.8051
Viet Nam,1988,68.5848
Viet Nam,1987,68.005
Viet Nam,1986,67.5502
Viet Nam,1985,67.1916
Viet Nam,1984,66.9291
Viet Nam,1983,66.5447
Viet Nam,1982,66.2118
Viet Nam,1981,65.7794
Viet Nam,1980,65.3381
Viet Nam,1979,64.9864
Viet Nam,1978,64.5289
Viet Nam,1977,64.0697
Viet Nam,1976,63.6692
Viet Nam,1975,61.865
Viet Nam,1974,54.7512
Viet Nam,1973,55.6766
Viet Nam,1972,51.9133
Viet Nam,1971,55.5848
Viet Nam,1970,54.93
Viet Nam,1969,54.7907
Viet Nam,1968,52.6683
Viet Nam,1967,56.7445
Viet Nam,1966,56.9137
Viet Nam,1965,56.9667
Viet Nam,1964,57.4733
Viet Nam,1963,56.8966
Viet Nam,1962,58.2042
Viet Nam,1961,58.4612
Viet Nam,1960,58.0462
Viet Nam,1959,57.3978
Viet Nam,1958,56.7983
Viet Nam,1957,56.1673
Viet Nam,1956,55.5347
Viet Nam,1955,54.8256
Viet Nam,1954,52.0031
Viet Nam,1953,49.9591
Viet Nam,1952,49.3766
Viet Nam,1951,48.6995
Viet Nam,1950,48.0407
Yemen,2023,69.2952
Yemen,2022,67.9517
Yemen,2021,66.0191
Yemen,2020,66.4354
Yemen,2019,66.5673
Yemen,2018,65.9154
Yemen,2017,67.1198
Yemen,2016,67.1054
Yemen,2015,66.7613
Yemen,2014,68.0027
Yemen,2013,67.961
Yemen,2012,67.569
Yemen,2011,67.4124
Yemen,2010,67.223
Yemen,2009,66.9053
Yemen,2008,66.6091
Yemen,2007,66.2304
Yemen,2006,65.7997
Yemen,2005,65.3561
Yemen,2004,64.881
Yemen,2003,64.4075
Yemen,2002,63.8066
Yemen,2001,63.2864
Yemen,2000,62.761
Yemen,1999,62.2754
Yemen,1998,61.7878
Yemen,1997,61.3404
Yemen,1996,60.8838
Yemen,1995,60.5324
Yemen,1994,59.8279
Yemen,1993,59.6551
Yemen,1992,59.2596
Yemen,1991,58.8053
Yemen,1990,58.5282
Yemen,1989,58.025
Yemen,1988,57.4304
Yemen,1987,56.8282
Yemen,1986,54.0021
Yemen,1985,55.4184
Yemen,1984,54.5861
Yemen,1983,53.6185
Yemen,1982,52.3674
Yemen,1981,51.6793
Yemen,1980,50.6081
Yemen,1979,49.5308
Yemen,1978,48.4837
Yemen,1977,47.4417
Yemen,1976,46.4406
Yemen,1975,45.4752
Yemen,1974,44.5409
Yemen,1973,43.6031
Yemen,1972,42.6878
Yemen,1971,41.7571
Yemen,1970,40.5729
Yemen,1969,39.6099
Yemen,1968,37.9896
Yemen,1967,37.079
Yemen,1966,36.264
Yemen,1965,35.5922
Yemen,1964,34.9073
Yemen,1963,33.4309
Yemen,1962,33.6691
Yemen,1961,34.0579
Yemen,1960,33.4615
Yemen,1959,32.8623
Yemen,1958,32.359
Yemen,1957,31.7793
Yemen,1956,31.2965
Yemen,1955,30.8097
Yemen,1954,30.4133
Yemen,1953,30.0261
Yemen,1952,29.6249
Yemen,1951,29.2844
Yemen,1950,28.9343
Zambia,2023,66.3487
Zambia,2022,65.2791
Zambia,2021,62.3631
Zambia,2020,63.3607
Zambia,2019,62.9145
Zambia,2018,62.1381
Zambia,2017,61.5644
Zambia,2016,61.1285
Zambia,2015,60.7284
Zambia,2014,60.1091
Zambia,2013,59.4452
Zambia,2012,58.704
Zambia,2011,57.8431
Zambia,2010,56.896
Zambia,2009,55.8862
Zambia,2008,54.835
Zambia,2007,53.73
Zambia,2006,52.6928
Zambia,2005,51.6147
Zambia,2004,50.5398
Zambia,2003,49.6158
Zambia,2002,48.4614
Zambia,2001,47.4077
Zambia,2000,46.5771
Zambia,1999,45.924
Zambia,1998,45.7095
Zambia,1997,45.7429
Zambia,1996,45.7565
Zambia,1995,46.0509
Zambia,1994,46.3439
Zambia,1993,46.6781
Zambia,1992,46.9679
Zambia,1991,47.4431
Zambia,1990,48.204
Zambia,1989,48.8817
Zambia,1988,49.6737
Zambia,1987,50.4211
Zambia,1986,51.1489
Zambia,1985,52.0014
Zambia,1984,52.8772
Zambia,1983,53.6737
Zambia,1982,54.361
Zambia,1981,54.986
Zambia,1980,55.4961
Zambia,1979,56.0499
Zambia,1978,56.3349
Zambia,1977,56.2814
Zambia,1976,56.1015
Zambia,1975,55.742
Zambia,1974,55.3766
Zambia,1973,54.9125
Zambia,1972,54.375
Zambia,1971,53.8871
Zambia,1970,53.4039
Zambia,1969,53.0441
Zambia,1968,52.7186
Zambia,1967,52.512
Zambia,1966,52.2897
Zambia,1965,52.0793
Zambia,1964,51.1705
Zambia,1963,51.6046
Zambia,1962,51.3307
Zambia,1961,51.0412
Zambia,1960,50.6483
Zambia,1959,50.2917
Zambia,1958,49.8896
Zambia,1957,49.4666
Zambia,1956,49.129
Zambia,1955,48.7556
Zambia,1954,48.3643
Zambia,1953,47.9877
Zambia,1952,47.5749
Zambia,1951,47.1678
Zambia,1950,46.8031
Zimbabwe,2023,62.7748
Zimbabwe,2022,62.3601
Zimbabwe,2021,60.1347
Zimbabwe,2020,61.53
Zimbabwe,2019,61.0603
Zimbabwe,2018,60.9055
Zimbabwe,2017,60.2626
Zimbabwe,2016,59.7601
Zimbabwe,2015,58.9895
Zimbabwe,2014,58.106
Zimbabwe,2013,56.8422
Zimbabwe,2012,55.3855
Zimbabwe,2011,53.9112
Zimbabwe,2010,51.9252
Zimbabwe,2009,49.7496
Zimbabwe,2008,48.4559
Zimbabwe,2007,47.5756
Zimbabwe,2006,47.0559
Zimbabwe,2005,46.5701
Zimbabwe,2004,46.0426
Zimbabwe,2003,45.373
Zimbabwe,2002,45.9381
Zimbabwe,2001,44.5249
Zimbabwe,2000,46.0339
Zimbabwe,1999,46.3786
Zimbabwe,1998,47.5508
Zimbabwe,1997,48.5361
Zimbabwe,1996,48.9815
Zimbabwe,1995,51.1435
Zimbabwe,1994,52.5367
Zimbabwe,1993,53.9764
Zimbabwe,1992,55.6021
Zimbabwe,1991,57.0371
Zimbabwe,1990,58.3191
Zimbabwe,1989,59.4458
Zimbabwe,1988,60.2414
Zimbabwe,1987,60.7239
Zimbabwe,1986,60.9824
Zimbabwe,1985,60.9012
Zimbabwe,1984,60.6223
Zimbabwe,1983,59.9888
Zimbabwe,1982,59.859
Zimbabwe,1981,59.4463
Zimbabwe,1980,59.0621
Zimbabwe,1979,54.9184
Zimbabwe,1978,54.7297
Zimbabwe,1977,56.9962
Zimbabwe,1976,57.6277
Zimbabwe,1975,58.2495
Zimbabwe,1974,58.1937
Zimbabwe,1973,58.0872
Zimbabwe,1972,58.1755
Zimbabwe,1971,57.9959
Zimbabwe,1970,57.7608
Zimbabwe,1969,57.4813
Zimbabwe,1968,57.1449
Zimbabwe,1967,56.7664
Zimbabwe,1966,56.3595
Zimbabwe,1965,55.9054
Zimbabwe,1964,55.4311
Zimbabwe,1963,54.9416
Zimbabwe,1962,54.4535
Zimbabwe,1961,53.9663
Zimbabwe,1960,53.4922
Zimbabwe,1959,53.022
Zimbabwe,1958,52.5823
Zimbabwe,1957,52.1959
Zimbabwe,1956,51.8011
Zimbabwe,1955,51.4106
Zimbabwe,1954,51.024
Zimbabwe,1953,50.6334
Zimbabwe,1952,50.2394
Zimbabwe,1951,49.8355
Zimbabwe,1950,49.4155
