"year","month","state","age","sex","race","educ","hours","hrwage","high_earner","earnwke","unionmme","lfsr94","ftpt94","class94","earnwt","weight"
2023,3,24,37,"Female","1","44",40,34.61525,0,1384.61,"2","1","2","1",23760.4074,6004.0474
2023,7,12,64,"Female","1","44",40,60,1,2400,"2","1","2","3",17595.3418,4224.6767
2023,5,37,26,"Female","1","40",40,22,0,880,"2","1","2","4",19424.3115,4794.8635
2023,1,54,54,"Male","1","40",50,57.6922,1,2884.61,"2","1","2","4",3635.464,899.8839
2023,4,37,38,"Male","1","43",40,39.0375,0,1561.5,"2","1","2","4",18797.4253,4810.1094
2023,3,12,51,"Female","2","45",40,45.15,1,1806,"1","1","2","4",19992.9842,5140.1601
2023,8,11,39,"Male","4","43",40,72.11525,1,2884.61,"2","1","2","1",1232.7818,309.6501
2023,11,13,33,"Female","2","41",40,18.4,0,736,"2","1","2","4",17223.5008,4737.0367
2023,12,12,63,"Male","1","39",40,17,0,680,"2","1","2","4",18645.1221,4690.8774
2023,7,10,37,"Female","1","44",8,100,1,800,"2","1","7","2",3195.9319,767.2348
2023,3,12,43,"Male","1","40",40,15,0,600,"2","1","2","4",16977.5193,4092.8264
2023,2,51,62,"Female","1","39",40,25,0,1000,"2","1","2","4",17783.1623,4783.6256
2023,1,10,36,"Male","2","44",50,27.992,0,1399.6,"2","1","2","4",7145.0974,1646.9692
2023,7,37,27,"Male","2","42",40,19.7,0,788,"2","1","2","4",21284.1179,5492.31
2023,12,10,25,"Male","2","43",40,23,0,920,"2","1","2","4",3493.5282,866.7814
2023,11,11,51,"Female","2","40",40,33.65375,0,1346.15,"2","2","5","3",2153.5308,530.4605
2023,6,51,56,"Female","1","44",40,82.5,1,3300,"2","1","2","1",19934.3744,4984.1357
2023,12,12,50,"Male","2","39",40,19,0,760,"2","1","2","4",19099.1021,4912.1513
2023,10,51,35,"Female","1","41",40,21.65,0,866,"2","1","2","4",17163.0621,4350.5618
2023,12,12,52,"Female","1","40",60,64,1,3840,"2","1","2","4",22682.227,5412.5497
2023,3,12,60,"Female","1","40",40,30,0,1200,"2","1","2","4",16266.0089,4188.4818
2023,7,54,49,"Female","1","40",40,18.8,0,752,"2","1","2","4",3224.0815,842.3749
2023,3,51,59,"Female","1","44",50,57.6922,1,2884.61,"2","1","2","1",18230.9848,4690.5054
2023,3,54,58,"Female","1","36",20,13.5,0,270,"2","2","10","4",3019.1666,753.7474
2023,11,24,51,"Female","1","43",40,46.75,1,1870,"2","1","2","1",27409.1415,7248.9805
2023,6,51,51,"Male","1","43",40,65,1,2600,"2","1","2","1",21456.5571,5443.0195
2023,9,37,46,"Male","1","40",40,22.5,0,900,"2","1","2","4",14062.5984,3521.637
2023,9,13,32,"Female","1","40",40,72.11525,1,2884.61,"2","1","2","4",24561.2426,6184.5767
2023,5,12,56,"Female","2","43",40,48,1,1920,"2","1","2","3",22397.0441,5420.9866
2023,8,10,27,"Male","2","39",40,25,0,1000,"2","1","3","4",6334.5888,1618.1664
2023,10,12,34,"Male","1","39",40,16.5,0,660,"2","1","2","4",19089.2923,4781.5443
2023,6,54,61,"Female","1","39",40,21.4,0,856,"2","1","2","4",3596.4764,896.1454
2023,9,12,27,"Female","1","39",40,16.95,0,678,"2","1","2","4",22728.281,5681.3142
2023,9,51,36,"Male","1","39",40,43.25,1,1730,"2","1","2","4",19451.7492,4801.4526
2023,6,45,41,"Male","1","39",45,33.3333333333333,0,1500,"2","1","2","4",10023.8435,2645.7959
2023,4,51,41,"Female","2","39",35,18.9714285714286,0,664,"2","1","2","4",22261.0547,5713.1793
2023,8,11,26,"Female","4","44",40,17.3075,0,692.3,"2","1","2","4",1380.444,339.772
2023,12,10,41,"Male","1","36",40,20,0,800,"2","2","5","4",4391.4626,1069.108
2023,2,12,27,"Male","1","39",40,27.1,0,1084,"2","1","2","4",20664.4295,5030.5122
2023,9,37,46,"Male","2","39",40,34.25,0,1370,"2","1","2","4",33782.0579,8357.0972
2023,8,13,31,"Male","1","40",60,21.35,0,1281,"2","1","2","3",23321.6314,5889.8479
2023,3,13,56,"Male","2","39",40,20,0,800,"2","1","2","4",21514.392,5682.353
2023,4,12,44,"Male","1","43",40,31.75,0,1270,"2","1","2","4",23567.8705,6057.5234
2023,5,54,35,"Female","2","39",40,25.5625,0,1022.5,"2","1","2","4",3931.1085,887.2511
2023,6,37,44,"Male","1","42",35,22,0,770,"2","1","2","4",17494.8815,4431.8049
2023,6,51,43,"Female","1","40",40,13,0,520,"2","1","2","4",16658.7542,4172.241
2023,9,12,25,"Female","1","40",15,18,0,270,"2","1","7","4",25036.7632,6249.3351
2023,10,45,30,"Male","4","44",40,92.5,1,3700,"2","1","2","4",14216.0714,3509.9093
2023,8,45,61,"Female","1","40",40,16,0,640,"2","1","2","4",10073.552,2396.119
2023,4,13,56,"Male","1","41",45,36.3246666666667,0,1634.61,"2","1","2","4",15397.021,3974.6126
2023,12,24,53,"Female","1","44",40,21.65,0,866,"2","1","2","4",19558.8958,4578.4226
2023,2,12,58,"Male","1","39",40,30,0,1200,"2","1","2","4",18558.1882,4356.019
2023,8,24,54,"Male","1","43",40,37.5,0,1500,"2","1","2","4",15167.8508,3751.5388
2023,7,51,58,"Female","2","43",40,19.25,0,770,"2","1","2","4",18401.2082,4481.3312
2023,6,12,44,"Female","1","40",20,15,0,300,"2","1","7","4",12979.6997,3264.0948
2023,2,13,51,"Female","1","39",40,15.5,0,620,"2","1","2","4",22184.1952,5421.4509
2023,9,13,29,"Male","2","39",40,18,0,720,"2","1","2","4",23460.5997,5655.903
2023,11,54,36,"Female","1","40",20,17.5,0,350,"2","1","7","2",4237.9674,1029.4678
2023,9,13,50,"Female","1","39",40,17.5,0,700,"2","1","2","3",22965.4111,5817.0131
2023,1,13,35,"Male","2","39",40,20,0,800,"2","1","2","4",30827.813,7217.669
2023,7,54,43,"Male","1","39",40,20,0,800,"2","1","2","4",4066.0054,1022.1056
2023,2,54,39,"Female","1","44",40,13.825,0,553,"2","1","2","4",4145.3233,1032.2459
2023,5,12,59,"Male","1","37",25,15.52,0,388,"2","1","7","4",17089.9603,4232.2414
2023,5,45,38,"Male","1","39",40,21.9,0,876,"2","1","2","4",9354.2807,2390.8273
2023,6,24,36,"Male","1","43",40,33.75,0,1350,"2","1","2","4",16193.5089,4122.8742
2023,3,13,35,"Male","2","42",40,25,0,1000,"1","1","2","4",19788.5014,5105.9634
2023,4,13,59,"Female","1","39",40,31.25,0,1250,"2","1","2","2",16034.2988,3961.056
2023,7,45,37,"Male","2","43",40,28.846,0,1153.84,"2","2","5","4",19898.684,4896.8001
2023,6,37,31,"Male","1","43",40,43.75,1,1750,"2","1","2","4",14437.0701,3585.285
2023,6,51,55,"Male","1","43",40,66.325,1,2653,"2","2","5","1",27045.0109,6819.9218
2023,11,51,30,"Female","1","43",40,57.69225,1,2307.69,"2","1","4","4",17940.5465,4498.3441
2023,9,13,50,"Male","1","34",40,29,0,1160,"2","1","2","4",25115.4592,6302.671
2023,10,51,58,"Female","1","44",50,34.0424,0,1702.12,"2","1","2","3",19899.0661,5259.8998
2023,5,12,63,"Male","1","43",45,32,0,1440,"2","1","2","4",17769.7904,4488.5236
2023,3,24,51,"Male","1","45",40,34.85,0,1394,"2","1","2","4",25887.7546,6629.8079
2023,5,54,62,"Male","1","39",50,54.4,1,2720,"1","1","2","4",3095.8057,774.9655
2023,9,11,47,"Male","1","33",40,15,0,600,"1","1","2","4",2122.9133,528.0674
2023,10,54,40,"Female","1","40",40,17.3,0,692,"2","1","2","4",3240.5602,822.6916
2023,5,12,29,"Female","1","39",6,16,0,96,"2","1","7","4",18958.2971,4776.5554
2023,11,13,35,"Male","1","39",50,15.4,0,770,"2","1","2","4",22762.6442,5736.8706
2023,4,45,62,"Male","2","39",40,39.897,0,1595.88,"2","1","2","3",11642.8182,3455.2281
2023,7,54,41,"Female","1","44",40,33.75,0,1350,"2","1","2","4",3873.9824,934.458
2023,3,37,35,"Female","1","43",40,62.5,1,2500,"1","1","2","3",14283.548,3546.1935
2023,2,54,39,"Female","1","40",40,12.36,0,494.4,"2","1","2","4",4145.3233,1032.2459
2023,9,45,37,"Female","1","42",40,48.075,1,1923,"2","1","2","4",11064.6815,2781.7487
2023,10,45,29,"Male","1","43",40,50.5,1,2020,"2","1","2","4",19957.833,5020.8737
2023,12,11,27,"Male","1","43",50,66,1,3300,"2","1","2","1",1759.4743,437.5154
2023,4,51,55,"Male","7","44",40,19,0,760,"2","1","2","4",16913.0719,4360.1267
2023,6,12,51,"Male","1","42",40,57.69225,1,2307.69,"2","1","2","1",19528.8007,5046.3159
2023,8,12,55,"Female","1","42",14,17.8571428571429,0,250,"2","1","6","4",17919.6325,4541.7283
2023,4,13,53,"Male","1","44",40,50.475,1,2019,"2","1","2","2",17429.2905,4337.3686
2023,4,51,26,"Male","1","44",40,43.269,1,1730.76,"2","1","2","4",19582.3772,4919.6477
2023,5,12,63,"Male","1","41",40,39.4,0,1576,"2","1","2","4",15154.3663,3827.8859
2023,10,51,34,"Female","1","43",40,34.75,0,1390,"1","1","2","1",19449.1198,4796.2313
2023,10,12,53,"Female","6","39",10,15,0,150,"2","1","7","4",34416.7844,8203.8614
2023,4,37,58,"Male","2","39",40,16.25,0,650,"2","1","2","4",19079.8459,3455.9078
2023,8,45,40,"Female","1","39",40,33.75,0,1350,"2","1","2","4",10143.0986,2554.7198
2023,8,10,54,"Female","2","43",40,24.05,0,962,"2","1","2","4",3501.4168,956.3556
2023,8,37,64,"Female","1","43",14,11,0,154,"2","1","7","4",14832.9245,3468.3976
2023,6,54,37,"Male","1","41",40,12.5,0,500,"2","1","2","4",2995.619,765.6792
2023,5,45,37,"Female","1","44",40,27.8845,0,1115.38,"2","1","2","2",9764.6742,2516.4301
2023,6,45,62,"Male","1","41",40,30,0,1200,"2","1","2","4",8167.3354,2193.8861
2023,10,12,29,"Female","1","43",40,37.5,0,1500,"2","1","2","4",20576.6279,5039.9986
2023,1,12,53,"Male","4","42",40,68,1,2720,"2","1","2","4",16240.4263,3888.262
2023,6,51,37,"Male","1","44",40,43.25,1,1730,"2","1","2","1",19165.3892,4826.2381
2023,8,12,64,"Male","1","40",40,12.5,0,500,"2","1","2","4",18236.8572,4616.6822
2023,11,12,34,"Male","1","43",50,38.4,0,1920,"2","1","2","4",23042.4318,5590.8233
2023,4,12,56,"Male","1","39",40,14.90375,0,596.15,"2","1","2","4",19058.4606,4919.8722
2023,5,12,32,"Male","1","39",40,16,0,640,"2","1","2","4",17403.068,4373.9587
2023,7,45,49,"Male","1","43",40,81.5,1,3260,"2","1","2","4",10905.4344,2781.9961
2023,7,12,64,"Female","1","44",40,60,1,2400,"2","1","2","3",17595.3418,4224.6767
2023,4,11,32,"Female","4","45",70,41.2087142857143,1,2884.61,"2","1","2","4",1626.4406,412.7543
2023,5,12,49,"Female","2","43",60,25.641,0,1538.46,"2","1","2","2",20558.0652,4981.384
2023,10,24,45,"Female","2","43",40,33.75,0,1350,"2","1","2","4",23380.8449,5694.7597
2023,11,51,41,"Female","4","43",40,60.096,1,2403.84,"2","1","2","4",16570.361,4098.3631
2023,7,13,63,"Female","2","41",25,14,0,350,"2","1","7","4",15739.2079,4336.6661
2023,9,51,45,"Male","4","43",48,35.2083333333333,0,1690,"2","1","2","4",14340.7951,3579.112
2023,1,24,54,"Female","1","39",40,33.65375,0,1346.15,"2","1","2","4",21279.6992,5369.7999
2023,11,13,46,"Female","2","39",40,13,0,520,"2","1","2","2",14752.1994,3687.4185
2023,7,51,48,"Male","1","39",40,38,0,1520,"1","1","2","4",14706.6642,3648.969
2023,10,12,25,"Female","1","40",40,17,0,680,"2","1","2","4",21853.7429,5396.6779
2023,11,10,59,"Female","1","40",40,29.6,0,1184,"2","1","2","4",2869.4677,745.6652
2023,10,12,36,"Female","1","39",40,18.5,0,740,"2","1","2","4",16252.6328,4112.678
2023,3,51,35,"Female","4","44",40,34.6,0,1384,"2","1","2","1",16216.6827,4205.0227
2023,5,51,64,"Male","1","39",42,23.8095238095238,0,1000,"2","1","4","4",19149.9423,4772.6412
2023,3,12,48,"Male","1","33",40,12.5,0,500,"2","1","2","4",19682.7393,4907.0255
2023,6,24,25,"Male","1","39",72,14,0,1008,"2","1","2","4",14862.5051,3805.1905
2023,8,37,52,"Male","1","43",40,48,1,1920,"2","1","2","4",15767.6623,3824.3606
2023,11,37,56,"Female","1","43",60,18,0,1080,"2","1","2","4",16033.6504,4049.2809
2023,12,12,29,"Male","1","43",40,26.923,0,1076.92,"2","1","2","4",23222.5829,5686.1528
2023,7,54,51,"Male","1","44",40,32.75,0,1310,"2","1","2","2",3586.9225,907.6199
2023,9,13,50,"Female","2","39",40,18.5,0,740,"2","1","2","4",21203.0936,5429.3289
2023,12,12,56,"Female","2","40",40,10,0,400,"2","1","2","4",21530.353,5953.2138
2023,3,37,26,"Female","1","43",50,19.2306,0,961.53,"2","1","2","4",17490.1561,4396.2336
2023,4,12,31,"Male","6","43",40,16.85,0,674,"2","1","2","4",26956.5435,6959.6334
2023,8,11,37,"Male","1","39",30,9,0,270,"2","1","6","4",1730.6009,422.587
2023,11,12,40,"Female","1","41",50,17,0,850,"2","1","2","4",16122.7768,3980.1844
2023,5,37,58,"Male","1","39",40,17.3,0,692,"2","1","2","4",14146.5419,3457.1446
2023,4,12,58,"Female","2","38",40,24.03825,0,961.53,"2","1","2","4",16940.7118,4894.1131
2023,9,10,35,"Male","1","39",40,40.3845,1,1615.38,"2","1","2","1",5040.2944,1246.5366
2023,8,54,30,"Female","1","44",40,27.5,0,1100,"1","1","2","3",3671.8915,951.54
2023,9,13,40,"Male","2","41",40,24.025,0,961,"2","1","2","4",35259.645,8953.6351
2023,4,51,30,"Female","1","44",40,22.6,0,904,"2","2","5","2",17204.544,4346.5518
2023,12,12,61,"Male","1","42",40,95,1,3800,"2","1","2","4",18994.7616,4789.7406
2023,3,37,32,"Male","4","43",40,51.44225,1,2057.69,"2","1","2","4",13909.9885,3482.7112
2023,1,12,33,"Female","1","42",40,20.57675,0,823.07,"2","1","4","4",20096.5198,4848.5457
2023,5,10,59,"Male","1","43",40,50,1,2000,"2","1","2","4",2725.8179,684.1857
2023,3,45,43,"Female","1","36",40,14,0,560,"2","1","2","4",12106.6121,3266.1127
2023,2,12,39,"Male","1","44",40,72.11525,1,2884.61,"2","1","2","4",17032.149,4175.1053
2023,5,37,35,"Female","1","43",40,52.875,1,2115,"1","1","2","2",16216.6099,4036.6987
2023,11,12,25,"Female","1","39",40,25,0,1000,"2","1","2","4",21759.9371,5541.6063
2023,1,37,40,"Female","1","41",18,15,0,270,"2","1","7","3",14429.2212,3551.0682
2023,3,13,58,"Male","1","37",40,33.65375,0,1346.15,"2","1","2","4",17041.2981,4064.1013
2023,1,12,35,"Female","1","43",40,43.25,1,1730,"2","1","2","4",21598.4661,5154.938
2023,4,11,30,"Female","1","43",40,43.25,1,1730,"2","1","4","4",1490.0337,378.7442
2023,11,24,31,"Male","1","46",32,75.625,1,2420,"2","1","7","1",15952.7993,3923.9152
2023,10,12,25,"Male","1","44",40,33.75,0,1350,"2","1","2","4",20067.704,5007.3913
2023,1,37,41,"Female","1","40",24,14.89,0,357.36,"2","1","7","4",13723.592,3377.411
2023,5,37,30,"Male","1","43",40,11.55,0,462,"2","1","2","2",16738.5518,4174.9554
2023,10,37,48,"Female","2","39",40,20.625,0,825,"2","1","2","4",16638.6901,4029.509
2023,7,10,48,"Male","1","42",40,35,0,1400,"2","1","2","4",3146.8074,775.9257
2023,2,12,25,"Male","1","40",40,26.44225,0,1057.69,"2","1","2","4",18442.1571,4489.5261
2023,6,37,26,"Female","1","43",40,51.9,1,2076,"1","1","2","4",23340.7425,5617.8638
2023,2,37,31,"Female","1","42",50,17.624,0,881.2,"2","1","2","4",17785.1418,4436.2156
2023,9,12,64,"Female","4","43",40,5.2,0,208,"2","1","2","4",18234.9167,4754.5754
2023,7,12,43,"Female","2","43",60,48.0768333333333,1,2884.61,"2","1","2","4",24575.8892,6576.6804
2023,12,37,32,"Male","1","39",45,23.9111111111111,0,1076,"2","1","2","4",19598.4059,4847.88
2023,2,12,53,"Female","1","39",40,15,0,600,"2","1","2","4",19421.5957,4740.7315
2023,4,11,27,"Female","1","44",35,18.1317142857143,0,634.61,"2","1","2","4",1720.3124,434.5046
2023,12,12,38,"Female","1","46",24,83.3333333333333,1,2000,"2","1","7","2",14302.4409,3490.2792
2023,7,45,41,"Male","1","43",40,72.11525,1,2884.61,"2","1","2","4",13557.2578,3430.4212
2023,8,12,40,"Female","1","43",40,30,0,1200,"2","1","2","4",13241.0718,3405.0436
2023,5,45,60,"Male","1","34",48,22.0416666666667,0,1058,"2","1","2","4",10140.2591,2631.5778
2023,9,24,27,"Male","1","43",40,21.6345,0,865.38,"2","1","2","4",23650.2268,5856.9125
2023,10,10,62,"Female","1","42",40,58.65375,1,2346.15,"2","2","5","4",2692.4144,674.3017
2023,6,13,53,"Male","4","44",40,48.07675,1,1923.07,"2","1","2","4",20461.2142,5200.4329
2023,3,54,51,"Male","1","39",40,21,0,840,"2","1","4","4",3213.022,793.4003
2023,8,51,28,"Female","4","43",50,16,0,800,"1","1","2","1",14567.064,3586.3529
2023,9,12,54,"Male","1","36",40,15.5,0,620,"2","1","4","4",16903.1762,4237.4351
2023,4,12,58,"Female","1","43",60,38.3333333333333,0,2300,"2","1","2","4",18797.9877,4657.7042
2023,10,12,36,"Female","6","40",40,18.75,0,750,"2","1","2","3",25593.665,6431.6316
2023,7,37,43,"Male","1","43",45,59.8288888888889,1,2692.3,"2","1","4","4",15648.1269,3875.291
2023,3,24,28,"Male","1","42",20,15,0,300,"2","1","7","4",23555.003,6004.7495
2023,11,51,31,"Female","1","41",40,24.03825,0,961.53,"2","1","2","4",17316.4235,4341.8539
2023,1,54,46,"Female","1","42",40,15,0,600,"2","1","2","3",3186.4011,807.1017
2023,2,51,62,"Female","1","39",40,29.8075,0,1192.3,"2","1","2","4",15943.5359,4288.7708
2023,7,10,48,"Male","1","39",40,22,0,880,"2","1","2","4",3205.9577,790.5107
2023,6,45,44,"Male","1","41",55,15.0909090909091,0,830,"2","1","2","4",8781.9109,2301.2271
2023,2,37,52,"Male","1","39",40,12.8125,0,512.5,"2","1","2","4",20574.2846,5257.1147
2023,4,37,37,"Male","1","40",40,53.846,1,2153.84,"2","1","2","2",13594.284,3478.6675
2023,7,13,44,"Female","1","40",40,25.95,0,1038,"2","1","2","2",21053.9726,4987.9599
2023,2,51,25,"Female","1","43",40,28.825,0,1153,"2","1","2","4",23235.8419,5832.5188
2023,6,11,34,"Male","1","44",40,62.5,1,2500,"2","1","2","1",1753.4878,432.9724
2023,11,51,29,"Male","2","37",40,14.4,0,576,"2","1","2","4",26029.2489,6740.8487
2023,12,12,35,"Male","1","43",40,25.9615,0,1038.46,"2","1","2","4",19867.5219,4818.3837
2023,2,51,45,"Female","1","39",40,17.5,0,700,"2","1","2","4",17556.364,4314.8339
2023,12,54,56,"Male","1","37",40,37.5,0,1500,"2","1","3","4",3379.392,882.1908
2023,11,24,36,"Female","4","46",40,45.65,1,1826,"2","1","2","4",17209.5007,4311.43
2023,6,11,56,"Female","2","43",40,50,1,2000,"2","1","2","1",2272.6011,522.3182
2023,4,37,35,"Female","1","44",40,19.25,0,770,"2","2","5","2",17535.062,4376.2402
2023,3,10,58,"Male","1","39",40,23,0,920,"2","1","2","4",2928.6553,730.1137
2023,10,24,60,"Female","1","44",50,39.2306,0,1961.53,"2","1","2","3",19173.7609,4828.2308
2023,9,45,34,"Female","1","40",8,15,0,120,"2","1","7","4",11797.7009,2927.8431
2023,3,45,50,"Male","1","34",40,30,0,1200,"2","1","2","4",14100.8368,3675.2851
2023,4,12,39,"Female","4","39",15,19.2306666666667,0,288.46,"2","1","7","4",18639.0153,4780.746
2023,6,54,50,"Male","1","43",50,34.6,0,1730,"2","1","2","4",3458.2558,890.4431
2023,7,51,61,"Male","2","43",40,31.25,0,1250,"2","1","4","3",15166.2379,3828.4776
2023,8,11,43,"Female","1","43",40,72,1,2880,"2","1","4","4",1362.0553,336.5988
2023,8,12,48,"Male","1","42",40,43.269,1,1730.76,"2","1","2","4",19936.514,4900.6008
2023,4,37,54,"Female","1","39",32,25,0,800,"2","1","7","4",16689.6021,4302.1956
2023,6,54,56,"Male","1","39",50,38.4,0,1920,"2","1","2","4",3860.4266,988.0905
2023,2,12,44,"Male","4","44",40,43.269,1,1730.76,"2","1","2","4",16835.2688,4218.6592
2023,12,11,52,"Male","2","45",40,45,1,1800,"1","1","2","4",2312.477,604.0023
2023,8,37,28,"Male","1","43",40,48.55,1,1942,"2","1","2","4",17462.6346,4372.9585
2023,2,45,59,"Female","2","39",40,20,0,800,"2","1","2","4",11961.9483,3202.1287
2023,1,51,33,"Male","1","39",40,18,0,720,"2","1","2","4",21497.807,5329.3802
2023,7,12,41,"Male","2","39",40,21,0,840,"2","1","2","2",24713.5022,6101.4688
2023,2,10,47,"Female","1","44",40,40.3845,1,1615.38,"2","1","2","4",3057.4381,760.076
2023,9,10,39,"Female","2","43",39,42.0512820512821,1,1640,"2","1","2","4",3418.0565,870.1514
2023,9,51,36,"Male","2","43",40,56,1,2240,"2","1","2","4",40767.9474,10767.1684
2023,3,11,42,"Female","1","46",45,49.1451111111111,1,2211.53,"2","1","4","2",1504.7274,387.6265
2023,10,10,35,"Female","2","44",38,30.3684210526316,0,1154,"2","1","2","3",3686.8649,920.0237
2023,8,54,63,"Female","1","40",40,36,0,1440,"1","1","2","1",2805.1686,674.3953
2023,7,13,38,"Male","1","45",40,50,1,2000,"2","1","2","4",18260.6203,4516.4033
2023,1,45,33,"Male","2","39",40,18.75,0,750,"2","1","2","4",14331.1223,3554.8501
2023,2,10,38,"Female","1","39",25,38,0,950,"2","1","7","4",4984.0266,1259.2608
2023,2,11,31,"Female","1","44",40,34.61525,0,1384.61,"2","1","2","4",1526.238,379.7203
2023,10,54,62,"Male","1","39",40,20,0,800,"2","1","2","4",2908.768,733.1239
2023,10,13,35,"Female","2","42",40,20.65,0,826,"2","1","4","2",14525.8183,3645.8218
2023,9,13,40,"Female","1","44",40,42,1,1680,"2","1","2","2",17632.4064,4478.8847
2023,6,37,38,"Male","1","40",40,65.5,1,2620,"2","1","2","4",16162.6159,4088.6648
2023,2,12,44,"Male","4","44",40,72.11525,1,2884.61,"1","1","2","3",16885.9923,4231.3697
2023,6,54,31,"Female","4","44",40,21.15,0,846,"2","1","2","4",2574.5109,626.6978
2023,10,24,47,"Female","1","39",40,19.25,0,770,"2","1","2","4",21987.0714,5374.3049
2023,2,12,60,"Female","1","43",37,18.1910810810811,0,673.07,"2","1","2","4",17940.3549,4768.3996
2023,12,11,31,"Male","4","44",40,7.2,0,288,"1","2","5","1",1373.6343,340.7366
2023,4,10,57,"Male","1","43",38,52.1052631578947,1,1980,"1","1","2","2",3776.1244,1012.821
2023,4,54,61,"Female","1","40",50,57.6922,1,2884.61,"2","1","2","1",3642.1168,864.6176
2023,7,13,52,"Male","1","36",40,38.45,0,1538,"2","1","2","4",19365.7354,4812.8548
2023,11,24,39,"Male","1","39",40,36.0575,0,1442.3,"2","1","2","4",16168.9638,4025.5399
2023,5,51,56,"Male","1","39",40,18.75,0,750,"2","1","2","4",17941.0059,4359.1222
2023,8,45,30,"Female","1","39",40,20,0,800,"2","1","2","4",11904.6866,3052.2869
2023,8,37,61,"Male","2","39",20,9.8,0,196,"2","1","7","1",21205.2042,5509.5186
2023,7,37,46,"Female","4","44",40,48.07675,1,1923.07,"2","1","2","4",14047.8981,3635.0395
2023,1,24,55,"Female","2","45",40,69.23075,1,2769.23,"2","1","2","2",17863.5768,4633.8098
2023,7,12,37,"Female","2","42",40,22.1,0,884,"2","1","2","4",31914.2511,8408.1792
2023,6,51,63,"Male","2","37",35,11.9428571428571,0,418,"2","2","5","4",22895.3273,5532.6437
2023,3,12,63,"Female","1","39",40,30.19,0,1207.6,"2","1","2","4",20426.2009,5259.7273
2023,9,54,57,"Male","1","40",40,16.85,0,674,"2","1","2","4",3451.4964,906.7804
2023,6,51,30,"Male","1","43",40,23.5625,0,942.5,"2","1","2","4",16276.8993,4023.8107
2023,7,12,35,"Female","2","44",40,45.673,1,1826.92,"2","1","2","4",31914.2511,8408.1792
2023,5,51,53,"Male","4","40",37,12.9935135135135,0,480.76,"2","2","5","4",21937.3153,5360.382
2023,7,13,40,"Male","1","42",45,23.0666666666667,0,1038,"2","1","2","3",17925.1681,4425.6576
2023,2,54,27,"Female","1","43",40,26.25,0,1050,"2","1","2","2",4656.9504,1165.356
2023,7,54,45,"Male","1","39",45,20.3333333333333,0,915,"1","1","2","4",3368.619,853.7244
2023,11,10,43,"Female","1","43",35,18.3714285714286,0,643,"1","1","4","2",3446.6259,868.6603
2023,9,12,53,"Female","2","39",40,19.23075,0,769.23,"2","1","4","4",27255.1023,6902.1024
2023,7,51,47,"Male","1","39",40,72.11525,1,2884.61,"2","1","2","4",14947.6764,3708.7682
2023,4,54,34,"Female","1","41",40,20.65,0,826,"2","1","4","4",4213.8021,1052.3795
2023,2,37,63,"Female","1","44",36,80.1280555555556,1,2884.61,"2","1","2","4",14609.0455,3919.8968
2023,6,11,30,"Male","4","44",50,76.8,1,3840,"2","1","2","4",1882.9542,464.4677
2023,8,11,32,"Female","1","44",45,58.2222222222222,1,2620,"2","1","4","4",1564.862,393.6666
2023,8,12,42,"Male","4","39",40,19.75,0,790,"2","1","2","1",14245.6175,3666.6943
2023,11,10,26,"Male","1","39",40,46,1,1840,"1","1","2","4",4417.725,1090.747
2023,3,54,36,"Male","1","40",40,39.4,0,1576,"2","1","2","4",3810.4446,907.9507
2023,11,12,35,"Female","1","39",40,12,0,480,"2","1","2","4",17287.1892,4191.5287
2023,11,51,44,"Female","4","44",40,55.5,1,2220,"2","1","2","4",16303.185,4032.2823
2023,4,12,44,"Male","1","43",40,36,0,1440,"2","1","2","4",23907.5458,6144.8284
2023,7,12,51,"Female","1","39",23,21.7391304347826,0,500,"2","1","7","4",17126.8325,4358.4198
2023,3,54,49,"Male","1","39",45,28.8888888888889,0,1300,"1","1","2","4",3347.9471,818.676
2023,4,10,46,"Male","1","39",40,30,0,1200,"2","1","2","4",3643.9999,942.4977
2023,8,12,36,"Female","1","39",40,10,0,400,"2","1","2","4",16582.5841,4216.8699
2023,9,11,60,"Male","2","39",40,15,0,600,"2","1","2","4",2585.8233,525.5505
2023,5,37,47,"Female","7","39",32,15.02375,0,480.76,"2","1","7","1",25487.9307,6278.4227
2023,12,45,38,"Female","2","39",40,45.65,1,1826,"2","1","2","1",13299.7254,3442.0163
2023,11,45,38,"Female","1","39",40,10,0,400,"2","2","5","4",13042.8068,3183.5146
2023,3,37,25,"Female","1","39",40,27.1875,0,1087.5,"2","1","2","4",15637.6255,3930.5913
2023,8,12,46,"Male","1","43",40,16.35,0,654,"2","1","2","3",20510.181,5066.7153
2023,3,12,57,"Female","1","45",40,72.11525,1,2884.61,"2","1","2","4",19288.5256,4853.1535
2023,9,10,63,"Female","1","43",27,15,0,405,"2","1","7","4",2813.4844,721.0399
2023,6,13,50,"Male","4","34",48,9,0,432,"2","1","2","4",20387.2492,5181.634
2023,10,54,42,"Female","1","44",40,72,1,2880,"2","1","2","4",3219.2075,817.2708
2023,7,10,61,"Male","1","41",40,53,1,2120,"2","1","2","4",2999.6271,762.3178
2023,1,12,34,"Female","1","39",40,18,0,720,"2","1","2","4",22895.6835,5538.3624
2023,6,51,26,"Female","4","43",40,20.175,0,807,"2","1","2","4",16685.0889,4001.4994
2023,2,12,29,"Male","1","39",40,23.9375,0,957.5,"2","1","2","4",19677.5492,4859.5311
2023,9,11,27,"Male","1","45",40,24,0,960,"2","1","2","3",2017.5889,501.5625
2023,7,54,31,"Female","4","46",40,28.75,0,1150,"2","1","2","4",3511.2917,872.9993
2023,6,12,48,"Female","1","39",40,37.975,0,1519,"2","1","2","4",18259.1809,4797.0686
2023,12,24,42,"Female","4","40",12,39.5,0,474,"2","1","7","4",19705.0801,4890.2682
2023,8,54,46,"Female","1","44",40,30,0,1200,"2","1","2","1",3025.0019,745.6757
2023,6,13,55,"Female","2","43",70,13.1428571428571,0,920,"2","1","2","4",19262.746,4373.9948
2023,11,45,58,"Female","2","43",40,16.25,0,650,"2","1","4","4",11830.3,2930.5886
2023,12,11,37,"Female","1","44",40,96,1,3840,"2","1","2","4",1650.4221,407.3502
2023,4,45,27,"Female","1","45",40,30,0,1200,"2","1","2","4",13080.2635,3384.2977
2023,3,45,45,"Male","1","40",40,42.78825,1,1711.53,"2","1","2","2",14692.976,3792.3706
2023,11,54,33,"Male","1","43",40,38.45,0,1538,"1","1","2","3",4630.1788,1125.5177
2023,5,54,26,"Male","1","39",30,16.6666666666667,0,500,"2","1","7","4",4219.5206,1050.0168
2023,3,45,62,"Male","1","39",40,19.225,0,769,"2","1","2","4",13609.4829,3618.7732
2023,2,10,45,"Female","1","44",60,23.0666666666667,0,1384,"2","1","2","4",3033.9649,754.2406
2023,4,12,63,"Male","1","39",40,21.625,0,865,"2","1","2","4",21532.0096,5286.6902
2023,6,24,32,"Female","2","44",40,37.5,0,1500,"2","1","2","1",29213.5086,7372.8923
2023,6,24,48,"Female","2","39",40,23.65,0,946,"2","1","2","4",23900.3516,6166.9006
2023,8,11,37,"Male","1","44",40,72.11525,1,2884.61,"2","1","2","1",1772.6034,432.8434
2023,2,37,43,"Male","1","44",40,30.769,0,1230.76,"2","1","2","4",14474.0523,3595.3197
2023,2,51,29,"Male","2","45",50,34.6152,0,1730.76,"2","1","2","4",57664.099,13607.3394
2023,9,12,26,"Female","1","39",30,16,0,480,"2","1","7","4",22904.5867,5717.1303
2023,10,51,27,"Female","1","43",40,43.269,1,1730.76,"2","1","4","1",20298.5941,4980.4864
2023,1,13,52,"Female","1","40",35,9.28571428571429,0,325,"2","2","5","4",15652.5658,3904.7929
2023,5,12,25,"Male","1","43",40,75,1,3000,"2","1","2","4",23521.5567,5997.7973
2023,3,51,41,"Male","1","39",28,20,0,560,"2","1","2","4",23555.4358,5891.4778
2023,7,10,58,"Male","1","37",40,16,0,640,"2","1","2","4",3079.8669,750.9325
2023,11,12,44,"Female","1","40",40,14,0,560,"2","1","2","4",16557.9271,4103.5252
2023,2,12,38,"Male","1","40",40,22,0,880,"2","1","2","4",18494.7686,4533.6385
2023,4,12,28,"Female","1","39",30,17,0,510,"2","1","9","4",24066.0943,5974.5132
2023,5,13,45,"Male","1","43",40,72.11525,1,2884.61,"1","1","2","4",18362.7526,4547.4068
2023,3,12,59,"Male","1","33",40,15,0,600,"2","1","2","4",21849.6248,5235.9668
2023,4,54,50,"Female","1","43",24,25,0,600,"2","1","7","3",3053.0042,789.0156
2023,9,45,64,"Female","1","39",40,43.25,1,1730,"2","1","2","4",9372.2887,2424.0363
2023,3,45,27,"Male","4","46",20,30,0,600,"2","1","7","2",10759.7143,2822.9811
2023,3,13,38,"Male","1","40",50,57.6922,1,2884.61,"2","1","2","4",16566.2997,4005.1645
2023,8,11,48,"Male","1","44",40,72.11525,1,2884.61,"2","1","2","4",1894.2349,456.6489
2023,6,12,47,"Female","1","44",40,47.75,1,1910,"2","1","2","4",17976.5236,4722.8086
2023,11,54,34,"Female","1","43",40,38,0,1520,"1","1","2","4",4076.8579,1023.2672
2023,8,11,36,"Male","1","44",40,72.11525,1,2884.61,"2","1","2","4",1612.2901,398.9102
2023,4,10,41,"Female","1","44",40,16.25,0,650,"2","1","2","4",3803.3388,996.176
2023,1,51,57,"Female","1","43",40,43.269,1,1730.76,"2","1","2","1",19277.0121,4690.2769
2023,6,12,34,"Female","1","39",40,9,0,360,"2","1","2","4",14666.0789,3638.5823
2023,11,13,27,"Female","1","43",40,32.3075,0,1292.3,"2","1","2","4",24619.7682,6328.9617
2023,9,13,49,"Male","1","45",40,60.075,1,2403,"2","1","2","4",23118.202,5840.5132
2023,11,45,58,"Male","1","43",50,40.38,1,2019,"2","1","2","4",12355.4873,3096.213
2023,4,12,30,"Female","1","43",40,20,0,800,"1","1","2","3",20853.3353,5286.3302
2023,2,54,45,"Male","1","39",40,20.6295,0,825.18,"1","1","2","4",3871.115,980.3859
2023,11,10,51,"Female","2","39",38,16.5526315789474,0,629,"1","1","2","2",3390.3265,848.4406
2023,9,37,32,"Male","2","38",40,8,0,320,"2","1","2","3",26848.9205,6275.8554
2023,8,13,31,"Female","1","43",40,25,0,1000,"2","1","2","4",17244.7865,4390.9424
2023,3,51,33,"Female","1","44",40,53.846,1,2153.84,"2","1","2","4",15838.7661,4078.6028
2023,8,11,25,"Female","1","44",40,22.45,0,898,"2","1","2","4",1561.8314,391.1774
2023,5,11,37,"Female","1","34",37,18,0,666,"2","1","4","4",1799.5844,454.1338
2023,4,37,30,"Male","1","43",40,37.5,0,1500,"2","1","2","4",20181.8251,4963.8757
2023,11,12,54,"Female","1","39",30,23.3333333333333,0,700,"2","1","7","4",15908.1513,4102.4091
2023,8,12,60,"Female","1","39",10,17.88,0,178.8,"2","1","6","4",17770.5867,4249.9235
2023,2,24,53,"Male","6","43",40,72.11525,1,2884.61,"2","1","2","3",22145.9456,5622.0769
2023,2,12,34,"Female","1","43",40,24.025,0,961,"2","1","2","4",14653.0915,3620.5403
2023,10,13,33,"Female","1","44",40,60,1,2400,"2","1","2","4",17468.0269,4365.1316
2023,11,45,33,"Male","2","38",50,30.7692,0,1538.46,"2","1","2","4",16066.7482,4305.5461
2023,12,12,33,"Male","1","41",40,79.5,1,3180,"2","1","2","4",21953.5918,5398.7681
2023,4,13,42,"Female","1","44",40,26.25,0,1050,"2","1","2","3",20824.4519,5249.4805
2023,2,24,37,"Male","1","40",40,43.269,1,1730.76,"2","1","2","4",21071.9344,5289.9891
2023,3,13,31,"Male","1","40",40,20.19225,0,807.69,"2","1","2","4",17694.0756,4414.4844
2023,5,11,34,"Female","1","45",40,64.90375,1,2596.15,"1","1","2","1",1986.8951,498.0325
2023,3,54,30,"Female","1","42",40,33,0,1320,"1","1","2","4",4251.3484,1062.2971
2023,5,54,53,"Female","1","44",40,26.13,0,1045.2,"2","1","2","3",3026.6247,735.605
2023,11,37,58,"Female","1","41",40,31.75,0,1270,"2","1","2","3",18993.1935,4796.7103
2023,2,13,27,"Female","1","42",40,17.3075,0,692.3,"2","1","2","4",23084.6875,5796.9927
2023,7,37,48,"Male","1","38",35,16,0,560,"2","1","4","4",19381.844,4878.2242
2023,2,45,42,"Female","1","39",40,25.95,0,1038,"2","1","2","4",10332.2285,2680.7525
2023,8,10,44,"Male","1","40",40,18.5,0,740,"2","1","2","4",3716.5048,929.8537
2023,11,12,46,"Female","1","43",40,81.5,1,3260,"1","1","2","2",20537.4505,5309.2977
2023,7,45,59,"Male","2","44",40,34.61525,0,1384.61,"2","1","2","4",12712.7346,3645.6929
2023,7,10,64,"Female","1","39",18,12.5555555555556,0,226,"2","1","7","4",2969.7469,706.7292
2023,7,54,34,"Female","1","39",40,18.33,0,733.2,"2","1","2","4",3191.4246,805.0076
2023,4,13,29,"Female","2","43",40,36.05,0,1442,"2","1","2","4",30350.518,7712.486
2023,8,13,34,"Male","6","46",40,36,0,1440,"2","1","2","4",44751.276,11190.9555
2023,2,37,38,"Female","1","39",5,22,0,110,"2","1","7","4",18949.6215,4721.3983
2023,2,37,31,"Female","1","39",25,14,0,350,"2","1","7","4",17785.1418,4436.2156
2023,4,51,48,"Female","1","41",35,28.5714285714286,0,1000,"2","1","2","4",14868.9924,3980.3011
2023,4,51,36,"Male","2","40",40,35.575,0,1423,"2","1","2","4",32667.048,8520.6567
2023,12,13,41,"Female","2","40",40,45.673,1,1826.92,"2","1","2","4",18203.6929,4808.8169
2023,2,45,38,"Female","2","42",40,15,0,600,"1","1","2","2",12344.0828,3221.4346
2023,3,51,61,"Female","1","40",40,56.675,1,2267,"1","1","2","3",16471.0341,4336.916
2023,2,12,39,"Male","1","43",40,72.11525,1,2884.61,"2","1","2","4",18641.9906,4569.7272
2023,11,45,57,"Male","2","39",60,32.05,0,1923,"2","1","2","4",12386.6005,3455.006
2023,9,54,50,"Male","1","41",40,34.6,0,1384,"2","1","2","1",3621.3411,909.2954
2023,7,13,38,"Female","1","43",40,18.3,0,732,"2","1","2","2",17761.2557,4304.3442
2023,5,24,56,"Male","4","46",40,60.075,1,2403,"2","1","2","4",20109.3687,4937.0962
2023,10,11,33,"Male","4","43",42,65.2380952380952,1,2740,"2","1","4","4",1018.2053,255.1352
2023,12,37,62,"Male","1","41",70,12.8571428571429,0,900,"2","1","2","4",13868.1357,3517.5336
2023,9,10,63,"Female","1","43",40,37.5,0,1500,"2","1","2","4",2761.5751,707.7366
2023,6,13,32,"Female","1","44",40,31.25,0,1250,"2","1","2","4",19041.8051,4556.6168
2023,1,13,39,"Female","1","39",40,12,0,480,"2","1","2","4",13301.8414,3276.1818
2023,9,10,61,"Male","1","43",45,54.4444444444444,1,2450,"2","1","2","4",3024.6754,730.6878
2023,3,12,32,"Female","1","39",40,30.275,0,1211,"2","1","2","2",18777.0605,4728.6063
2023,10,11,35,"Male","1","44",48,50.08,1,2403.84,"2","1","2","1",1310.8568,328.8208
2023,1,51,41,"Female","1","44",40,34.375,0,1375,"2","1","2","4",23918.7619,5868.5873
2023,3,45,32,"Male","1","40",40,24.5,0,980,"2","1","2","4",11401.4689,2996.426
2023,8,54,60,"Female","1","39",40,14,0,560,"2","1","2","4",2829.05,680.1366
2023,8,12,30,"Male","1","38",40,20.175,0,807,"2","1","2","4",13893.9703,3539.5015
2023,2,12,31,"Male","1","39",40,32.5,0,1300,"2","1","2","4",15825.2066,3845.4137
2023,10,51,57,"Female","1","46",24,20,0,480,"2","1","7","4",20097.4609,5312.3413
2023,10,12,55,"Male","1","39",40,45,1,1800,"2","1","2","4",20907.1437,5087.054
2023,3,13,31,"Female","2","41",40,32.69225,0,1307.69,"2","1","2","3",28931.4177,7591.8398
2023,3,11,33,"Female","1","44",40,43.269,1,1730.76,"2","1","4","1",1588.6914,400.7236
2023,7,51,44,"Female","1","46",50,55.7692,1,2788.46,"2","1","2","4",20177.701,4765.0126
2023,2,12,43,"Male","2","39",40,16.825,0,673,"1","1","2","4",24446.2188,6080.7144
2023,6,12,49,"Male","4","44",40,43.25,1,1730,"2","1","4","4",15925.6663,4118.4831
2023,10,13,58,"Male","2","43",40,47.5,1,1900,"2","1","2","4",30208.529,7339.7708
2023,8,51,43,"Female","4","39",40,7.5,0,300,"2","1","2","2",20794.9707,5245.7958
2023,3,37,64,"Male","1","39",40,39.75,0,1590,"2","1","2","4",13412.7767,3403.4698
2023,11,12,58,"Male","1","39",36,18.2777777777778,0,658,"2","1","2","4",16161.2205,4023.0682
2023,2,54,30,"Female","1","39",40,17.75,0,710,"2","1","2","4",3812.9562,950.5431
2023,10,51,39,"Male","1","46",40,27.4,0,1096,"2","1","4","1",23069.355,5665.2385
2023,3,12,43,"Female","2","40",40,14.423,0,576.92,"2","1","2","4",16903.4505,4364.1559
2023,1,12,39,"Male","4","42",40,36.05,0,1442,"2","1","2","4",23755.9478,5773.0392
2023,4,54,39,"Male","4","42",6,8.66666666666667,0,52,"2","1","7","4",4296.6078,1116.2776
2023,9,13,53,"Female","1","40",16,12.5,0,200,"2","1","7","4",20136.6869,5101.8895
2023,3,13,54,"Male","2","38",50,57.5,1,2875,"2","1","2","4",22238.1865,5810.5309
2023,3,11,28,"Male","1","43",50,28.423,0,1421.15,"2","1","2","4",2057.1488,519.1928
2023,6,13,47,"Female","1","39",40,24,0,960,"2","1","2","4",17417.5204,4497.2744
2023,5,12,29,"Male","1","43",40,17.3,0,692,"2","1","2","4",21687.6623,5445.7585
2023,5,45,51,"Female","1","41",40,25.98,0,1039.2,"2","1","2","4",9514.8687,2397.438
2023,1,37,34,"Male","4","44",40,50,1,2000,"2","1","2","4",17074.4238,4312.9256
2023,12,45,57,"Male","1","42",40,25,0,1000,"2","1","2","4",12895.6456,3442.3689
2023,7,13,49,"Male","4","39",50,36,0,1800,"2","1","2","4",18432.3523,4648.4481
2023,6,12,34,"Female","1","44",40,72.11525,1,2884.61,"2","1","2","4",16570.6854,4034.6553
2023,7,51,51,"Female","4","43",40,95.5,1,3820,"2","1","2","4",15753.094,4050.7901
2023,7,51,31,"Male","1","44",40,66.5,1,2660,"2","1","2","4",17034.9479,4296.9121
2023,5,10,25,"Female","1","40",36,18,0,648,"2","1","2","4",3419.4739,866.9615
2023,8,37,51,"Male","1","39",45,17,0,765,"2","1","2","4",15592.3922,3763.114
2023,1,51,48,"Female","1","45",60,48.0768333333333,1,2884.61,"2","1","2","4",17920.2977,4506.2318
2023,9,12,30,"Male","1","43",50,20.38,0,1019,"2","1","2","4",23967.3762,6000.8026
2023,10,12,39,"Female","1","43",40,32,0,1280,"2","1","2","4",15990.5798,4046.3663
2023,2,12,25,"Male","2","43",40,53.35,1,2134,"2","1","2","4",43851.1593,10224.5029
2023,4,37,51,"Male","1","39",50,15.3846,0,769.23,"2","1","2","4",13904.0648,3439.4067
2023,11,37,50,"Female","1","40",40,21.65,0,866,"2","1","2","4",16671.4999,4315.3535
2023,3,11,41,"Female","1","44",46,38.4615217391304,0,1769.23,"2","1","2","4",1494.5906,385.0152
2023,2,13,46,"Female","1","39",18,16,0,288,"2","1","7","4",21258.5161,5226.8913
2023,3,45,34,"Male","1","39",40,21.125,0,845,"2","1","2","4",11169.0052,2898.8509
2023,5,51,48,"Female","1","43",40,24.05,0,962,"2","1","2","4",18383.0464,4529.8768
2023,2,12,31,"Female","1","43",40,30,0,1200,"2","1","2","3",15526.7014,3849.5031
2023,10,13,26,"Male","2","39",40,23.65,0,946,"2","1","2","4",21909.4085,5771.8918
2023,4,54,30,"Female","1","43",30,32.0666666666667,0,962,"2","1","7","4",4213.8021,1052.3795
2023,10,12,40,"Female","1","44",38,32.8947368421053,0,1250,"2","1","2","4",19609.1684,4960.2298
2023,5,13,28,"Male","1","42",40,24,0,960,"2","1","2","4",18833.6972,4716.7994
2023,7,45,49,"Female","2","38",20,8,0,160,"2","1","7","4",12009.3974,3208.3494
2023,12,37,51,"Male","1","40",32,15,0,480,"2","1","7","4",12968.139,3330.7543
2023,1,12,46,"Male","1","41",40,28.825,0,1153,"2","1","2","3",25031.8198,6061.8671
2023,8,12,25,"Male","1","32",40,17,0,680,"2","1","2","4",15877.542,4051.6847
2023,4,12,62,"Male","1","43",50,28.8,0,1440,"2","1","2","4",22384.8311,5479.1835
2023,1,13,27,"Male","2","39",40,25,0,1000,"2","1","2","4",18805.0019,4730.7201
2023,5,12,62,"Female","1","44",40,25,0,1000,"2","1","2","4",16582.7798,4272.7035
2023,6,51,34,"Female","1","43",35,25.1428571428571,0,880,"2","1","4","3",21472.8828,5206.97
2023,9,24,32,"Female","2","40",40,36.0575,0,1442.3,"2","1","2","4",32437.1211,7544.4929
2023,9,12,57,"Male","1","41",48,29.2708333333333,0,1405,"2","1","2","4",18263.1173,4790.367
2023,5,10,49,"Female","1","39",40,18.75,0,750,"2","1","2","4",2883.6102,734.058
2023,4,37,44,"Male","1","40",40,25,0,1000,"2","1","2","4",15780.4601,4044.0724
2023,10,37,25,"Male","1","39",26,19.3365384615385,0,502.75,"2","1","6","4",19062.0066,4838.4131
2023,2,12,54,"Female","1","43",60,23.0768333333333,0,1384.61,"2","1","2","4",20521.9674,4953.3982
2023,10,54,37,"Male","1","43",40,27.5,0,1100,"2","1","2","4",3561.4999,887.2849
2023,12,12,41,"Female","1","39",40,50,1,2000,"2","1","2","4",17696.6988,4336.4976
2023,9,11,31,"Male","2","43",40,34,0,1360,"2","1","2","4",5659.4298,1327.2767
2023,10,11,30,"Male","1","39",40,15,0,600,"2","1","4","4",1257.0245,320.6883
2023,7,12,40,"Male","1","39",40,16.9,0,676,"2","1","2","4",16368.2811,4039.0313
2023,2,11,44,"Female","1","42",40,64.9,1,2596,"2","1","4","4",1615.935,409.3802
2023,12,45,57,"Male","1","39",40,22.5,0,900,"2","1","2","4",12895.6456,3442.3689
2023,7,37,28,"Male","1","43",40,57.69225,1,2307.69,"2","1","2","4",15504.6205,3880.7397
2023,8,12,46,"Female","1","43",50,26.92,0,1346,"2","1","2","4",20714.4893,5079.5159
2023,8,51,35,"Female","1","43",40,62.5,1,2500,"2","1","2","4",15222.081,3778.4683
2023,7,13,33,"Female","2","39",35,11.3142857142857,0,396,"2","1","2","4",17207.4538,4198.8642
2023,10,51,28,"Male","4","43",40,40.75,1,1630,"2","1","4","4",20074.0238,4924.3424
2023,12,10,57,"Female","1","39",40,14.423,0,576.92,"2","1","2","4",3182.4867,762.6396
2023,1,24,63,"Male","1","43",40,57.69225,1,2307.69,"2","1","2","4",18679.0502,4698.794
2023,4,12,38,"Male","6","39",40,30,0,1200,"2","1","2","4",27609.1943,7175.6575
2023,6,13,26,"Male","1","40",40,19.25,0,770,"2","1","2","4",20441.0782,5108.1052
2023,9,12,30,"Male","1","42",40,22,0,880,"2","1","2","1",19891.5271,4957.7754
2023,2,51,46,"Female","2","40",40,18,0,720,"1","1","4","4",25377.779,6210.3706
2023,7,12,63,"Male","1","39",52,44.2307692307692,1,2300,"2","1","2","4",15694.9075,4024.294
2023,4,37,35,"Female","1","40",40,18.5,0,740,"2","1","2","4",17535.062,4376.2402
2023,1,54,56,"Male","1","37",40,26.5,0,1060,"2","1","2","3",4047.2787,987.7376
2023,7,37,46,"Male","4","44",40,48.07675,1,1923.07,"2","1","2","4",16697.3471,4223.7877
2023,4,51,60,"Female","1","43",45,30.6666666666667,0,1380,"2","1","2","4",21464.8947,5154.6884
2023,1,24,58,"Male","2","43",40,25,0,1000,"2","1","2","4",14494.3186,4313.7783
2023,1,24,55,"Male","1","44",40,48.07675,1,1923.07,"2","1","2","4",23531.8392,5808.5886
2023,7,37,34,"Female","1","43",36,36.8055555555556,0,1325,"2","1","2","4",11316.2286,2812.1031
2023,11,10,31,"Male","1","43",40,60,1,2400,"2","1","2","4",4202.1202,1040.8986
2023,7,12,39,"Female","1","43",40,67.3,1,2692,"2","1","2","4",16612.837,4023.803
2023,4,51,32,"Male","1","44",40,33.75,0,1350,"2","1","2","4",19185.1542,4785.6754
2023,8,45,50,"Male","1","40",40,25,0,1000,"2","1","2","3",11169.7074,2755.859
2023,1,12,57,"Male","1","43",40,17.3075,0,692.3,"2","1","2","4",20232.9663,4784.5209
2023,5,24,34,"Female","4","46",40,43.25,1,1730,"2","1","2","2",24858.4593,6228.1193
2023,3,10,59,"Female","1","43",40,72.11525,1,2884.61,"2","1","2","4",2977.8711,788.521
2023,10,10,39,"Male","1","43",40,72.11525,1,2884.61,"2","1","2","4",3564.9365,889.2406
2023,9,54,50,"Female","1","42",40,29,0,1160,"2","1","2","4",3775.789,947.373
2023,12,13,59,"Male","1","43",50,46.1492,1,2307.46,"2","1","2","1",21650.8662,5766.7742
2023,7,11,28,"Female","1","43",40,33.65375,0,1346.15,"2","1","4","2",2433.0098,593.8336
2023,5,12,54,"Male","1","45",40,45.65,1,1826,"2","1","2","2",24482.2001,6092.1949
2023,10,51,28,"Male","1","43",40,24.5,0,980,"2","1","2","3",24036.2166,6007.9947
2023,5,37,25,"Male","1","43",40,50,1,2000,"2","2","5","4",18609.2089,4637.2301
2023,5,45,63,"Male","1","43",40,22,0,880,"2","1","2","4",9495.7435,2464.3145
2023,7,37,51,"Male","1","32",40,25,0,1000,"2","1","4","4",17836.3509,4482.176
2023,11,10,44,"Male","1","39",60,40,1,2400,"2","1","2","4",3736.0448,944.1984
2023,8,37,38,"Male","1","39",40,20,0,800,"2","1","2","4",18139.4261,4437.8639
2023,1,13,53,"Male","1","43",40,72.11525,1,2884.61,"2","1","2","4",22144.0414,5480.7458
2023,10,12,42,"Female","1","43",40,21.6345,0,865.38,"2","1","2","2",18751.4185,4684.402
2023,7,12,31,"Male","1","39",35,21,0,735,"2","1","2","4",17987.4144,4487.8041
2023,2,24,34,"Male","1","43",40,62.5,1,2500,"2","1","2","4",19460.586,4842.8607
2023,6,54,30,"Female","1","39",40,25.5,0,1020,"2","1","2","4",3099.4087,762.8563
2023,1,10,64,"Male","1","44",40,57.69,1,2307.6,"2","1","2","4",3868.3728,947.1154
2023,2,13,39,"Male","1","37",50,40.5,1,2025,"2","1","2","4",33872.4736,8406.8346
2023,9,45,40,"Male","2","43",40,26.1,0,1044,"2","1","2","4",16376.1872,4098.5007
2023,7,54,53,"Female","1","44",40,20,0,800,"2","1","2","2",3040.5326,788.2344
2023,5,12,38,"Male","2","43",40,24,0,960,"2","1","2","4",20616.7729,5570.4675
2023,2,13,52,"Male","1","41",60,41.6666666666667,1,2500,"1","1","2","4",23201.1744,5945.7835
2023,2,51,56,"Female","1","43",40,24.03825,0,961.53,"2","1","2","4",19474.1938,4865.9356
2023,3,11,39,"Female","1","46",80,36.057625,0,2884.61,"2","1","2","1",1568.837,392.4816
2023,3,54,48,"Female","1","43",40,25,0,1000,"2","1","2","4",2985.4985,725.2858
2023,5,12,53,"Female","1","40",40,11.05,0,442,"2","1","2","4",16760.6356,4110.4476
2023,6,51,26,"Female","4","43",40,20.175,0,807,"2","1","2","4",16685.0889,4001.4994
2023,1,13,34,"Female","4","43",40,36.525,0,1461,"2","1","2","4",21144.2983,5309.5346
2023,7,11,41,"Female","1","43",40,48.07675,1,1923.07,"2","1","2","4",2198.9673,514.5615
2023,4,12,36,"Female","1","46",40,57.69225,1,2307.69,"2","1","2","4",22188.0383,5553.7747
2023,4,12,53,"Female","2","39",40,15.5,0,620,"2","1","2","4",20496.5314,4968.7109
2023,2,11,31,"Female","1","46",50,36.5384,0,1826.92,"2","1","2","1",1536.5895,382.2957
2023,8,13,34,"Male","2","39",60,28.846,0,1730.76,"1","1","2","4",32482.2782,8208.4866
2023,7,51,42,"Female","1","43",24,110,1,2640,"2","1","7","1",19190.3114,4531.8382
2023,8,10,32,"Male","4","43",40,32,0,1280,"2","1","2","4",4305.8286,1066.5565
2023,10,51,60,"Male","1","39",55,140.321636363636,1,7717.69,"2","1","2","4",19529.108,4851.8048
2023,5,12,31,"Female","1","39",40,13.45,0,538,"2","1","2","4",19173.7192,4875.1808
2023,11,12,55,"Male","1","43",40,35,0,1400,"2","1","2","4",17455.3337,4345.2163
2023,3,45,61,"Male","1","42",40,19,0,760,"2","1","4","4",13509.9054,3592.2954
2023,1,13,43,"Female","1","44",50,50.7692,1,2538.46,"2","1","2","4",18227.2555,4504.3462
2023,4,51,63,"Male","2","39",38,18,0,684,"2","1","2","4",17744.2534,5109.3209
2023,11,51,55,"Male","1","39",40,18.25,0,730,"2","1","2","4",15295.6247,3810.7557
2023,1,13,35,"Female","2","43",40,48.075,1,1923,"2","1","2","4",18424.5999,4754.4259
2023,12,45,29,"Female","2","39",40,8.7,0,348,"2","1","2","4",15323.7305,3672.9466
2023,7,12,33,"Female","1","42",30,16,0,480,"2","2","10","4",19159.0692,4866.2675
2023,7,51,43,"Male","3","39",40,30,0,1200,"2","1","2","4",17960.7721,4419.6148
2023,8,24,32,"Female","1","40",40,15,0,600,"2","1","2","4",18493.4601,4753.3059
2023,6,45,25,"Female","3","39",35,14.2857142857143,0,500,"2","1","2","4",13268.0202,3369.2416
2023,5,12,59,"Male","1","43",45,21.3777777777778,0,962,"2","1","2","3",19565.0932,4845.1954
2023,12,12,33,"Female","1","46",15,20.5,0,307.5,"2","2","10","4",18928.7449,4871.4338
2023,9,51,36,"Male","1","44",40,72.11525,1,2884.61,"2","1","2","4",19770.5237,4880.1386
2023,6,37,54,"Male","4","44",40,72.11525,1,2884.61,"2","1","2","4",18109.287,4685.4201
2023,5,37,43,"Female","1","44",40,52,1,2080,"2","1","2","3",13435.0632,3323.8063
2023,11,24,43,"Female","1","39",18,16.6666666666667,0,300,"2","1","7","3",21036.9193,5264.7862
2023,10,11,29,"Male","2","42",25,18,0,450,"2","1","7","4",3116.2397,820.8085
2023,9,13,44,"Male","4","44",40,60.075,1,2403,"2","1","2","4",18949.3224,4823.6188
2023,10,54,31,"Male","1","39",45,21.1555555555556,0,952,"2","1","2","4",3329.0966,843.5134
2023,8,45,30,"Female","1","43",40,23.1,0,924,"2","1","2","2",11450.2877,2935.7819
2023,12,13,56,"Male","1","44",60,27,0,1620,"2","1","2","4",26140.2031,6962.5227
2023,7,12,34,"Female","1","40",32,24.0384375,0,769.23,"2","1","7","4",18424.9311,4562.1293
2023,1,37,41,"Male","2","40",40,28,0,1120,"2","1","2","4",23341.8906,5475.7548
2023,10,54,35,"Female","1","39",40,27.9,0,1116,"2","1","2","4",3276.9984,842.7023
2023,2,11,54,"Female","4","43",40,55.28825,1,2211.53,"2","1","2","4",2417.793,585.3244
2023,10,45,37,"Female","1","43",40,37.5,0,1500,"2","1","2","4",15838.4559,4040.7864
2023,11,12,32,"Male","1","43",40,31.25,0,1250,"2","1","2","4",21334.0992,5176.3278
2023,9,37,25,"Male","2","42",40,18.25,0,730,"2","1","2","1",17990.1564,4256.1338
2023,6,12,55,"Female","2","42",60,22,0,1320,"2","1","2","4",21950.1778,5071.4212
2023,4,12,34,"Male","1","43",40,19,0,760,"2","1","2","4",26018.9534,6559.0198
2023,11,37,56,"Male","1","44",40,72.11525,1,2884.61,"2","1","2","4",17920.0822,4395.2645
2023,2,51,36,"Male","4","44",40,55.4325,1,2217.3,"2","1","2","4",14572.3661,3695.6518
2023,10,24,45,"Female","1","44",40,71.25,1,2850,"2","1","4","1",27567.3889,6794.5546
2023,7,12,57,"Female","1","43",40,36.0465,0,1441.86,"2","2","5","3",18858.1679,4735.7054
2023,7,37,58,"Female","2","42",40,22.5,0,900,"2","1","2","2",14776.1459,3621.144
2023,3,54,63,"Female","1","39",40,12.5,0,500,"2","1","2","4",2900.2143,741.0022
2023,6,45,50,"Female","1","42",20,17.9485,0,358.97,"2","2","5","3",9404.6442,2475.4159
2023,10,13,52,"Male","4","43",40,53.5,1,2140,"2","1","2","4",11914.0307,3047.8922
2023,8,12,41,"Female","1","44",50,20,0,1000,"2","1","2","4",14843.409,3817.0969
2023,7,12,39,"Female","1","42",40,9.8,0,392,"2","1","2","4",20652.6682,5051.6066
2023,11,12,48,"Female","2","39",40,62.5,1,2500,"2","1","2","4",24430.0569,5988.4155
2023,8,54,32,"Female","1","41",40,20,0,800,"2","1","2","4",3670.8854,951.2793
2023,6,11,44,"Male","2","44",55,31.4683636363636,0,1730.76,"1","1","2","3",5509.8167,1244.9288
2023,3,11,41,"Female","4","45",40,72.11525,1,2884.61,"2","1","2","1",1692.5521,432.2587
2023,7,12,36,"Female","1","42",12,14.5,0,174,"2","1","7","4",15682.0449,3798.3554
2023,11,12,47,"Female","1","42",40,28.846,0,1153.84,"2","1","2","4",15992.6111,4134.3756
2023,8,12,25,"Male","1","40",40,15,0,600,"2","1","2","4",14464.5317,3704.6504
2023,6,24,34,"Male","1","43",40,10,0,400,"2","1","2","1",15183.6074,3794.9744
2023,1,37,50,"Female","2","41",25,16,0,400,"2","2","10","1",15958.9222,4074.6193
2023,4,54,28,"Female","1","42",40,20.65,0,826,"2","1","2","4",4898.0245,1215.5041
2023,4,37,56,"Female","1","43",40,60.075,1,2403,"2","1","2","4",15958.0949,3918.6563
2023,7,11,43,"Male","2","43",38,49.595,1,1884.61,"1","1","2","4",5950.0502,1449.4697
2023,7,12,63,"Female","1","42",40,16.85,0,674,"2","1","2","4",16120.0717,3870.4614
2023,12,37,54,"Male","1","39",40,48,1,1920,"2","1","2","4",13688.6607,3515.814
2023,6,11,42,"Female","1","43",60,114.864833333333,1,6891.89,"2","1","2","4",1580.7897,395.4509
2023,6,13,50,"Male","4","44",40,57.69225,1,2307.69,"2","1","2","4",20461.2142,5200.4329
2023,9,13,32,"Female","1","44",40,62.5,1,2500,"2","1","4","4",24561.2426,6184.5767
2023,12,12,27,"Female","2","39",30,20,0,600,"2","1","6","4",25824.226,5972.2681
2023,3,12,34,"Male","2","40",60,41.6666666666667,1,2500,"2","1","2","4",24348.7557,6338.2271
2023,7,51,31,"Female","4","44",40,72,1,2880,"2","1","2","4",17843.7591,4343.3373
2023,4,51,32,"Male","1","44",40,57.5,1,2300,"2","1","4","4",19185.1542,4785.6754
2023,2,10,43,"Male","1","42",45,16,0,720,"2","1","2","4",5332.7971,1343.2835
2023,8,37,31,"Male","1","33",40,19.23075,0,769.23,"2","1","2","4",15453.9966,3849.2781
2023,7,51,46,"Female","2","43",40,60.075,1,2403,"2","1","2","4",15853.1246,4119.2463
2023,1,12,37,"Female","1","43",40,50,1,2000,"2","1","2","4",19576.9874,4672.4687
2023,8,12,43,"Male","1","44",40,20,0,800,"2","1","2","4",15020.7795,3791.0132
2023,11,12,47,"Male","1","40",40,23,0,920,"2","1","2","4",18757.6048,4622.1456
2023,10,12,40,"Male","1","39",40,22.1,0,884,"2","1","2","4",15365.6883,3793.9624
2023,7,51,33,"Male","6","45",65,44.3786153846154,1,2884.61,"2","1","2","4",19972.6286,4949.7294
2023,9,37,26,"Male","1","39",26,16.2307692307692,0,422,"2","2","10","4",17996.2061,4458.9299
2023,11,10,46,"Male","1","39",51,30.5882352941176,0,1560,"2","1","2","4",3570.1239,904.4315
2023,3,54,44,"Female","1","43",40,25,0,1000,"2","1","2","2",3868.6164,981.85
2023,11,13,30,"Male","1","43",40,17.3,0,692,"2","1","2","2",15385.7378,3806.6592
2023,6,37,43,"Male","1","41",40,62.5,1,2500,"2","1","2","4",14105.5407,3573.2168
2023,9,51,56,"Female","1","40",40,14.4,0,576,"2","1","2","4",16539.216,4115.2516
2023,5,12,59,"Female","2","44",40,48,1,1920,"1","1","2","4",21305.3861,5156.7614
2023,3,13,51,"Male","2","39",40,38,0,1520,"1","1","2","4",15750.8732,4115.4856
2023,1,51,54,"Female","1","46",40,21.25,0,850,"2","1","2","4",18731.9773,4639.5994
2023,12,13,50,"Male","1","39",40,25,0,1000,"2","1","2","4",25311.6252,6683.815
2023,5,45,45,"Female","1","39",40,11.0575,0,442.3,"2","1","2","4",8976.5341,2287.3736
2023,8,54,48,"Female","2","43",50,35.7692,0,1788.46,"2","1","4","4",3180.542,892.5831
2023,10,10,31,"Male","1","39",40,21.25,0,850,"2","1","2","2",3355.4645,851.247
2023,7,54,34,"Male","1","42",50,37,0,1850,"2","1","2","4",3725.9115,947.003
2023,7,10,59,"Male","1","43",45,44.8717777777778,1,2019.23,"2","1","2","4",3137.759,765.0477
2023,4,11,37,"Male","2","43",40,52.8845,1,2115.38,"2","1","2","4",2749.5261,721.5546
2023,7,12,42,"Male","1","39",50,54,1,2700,"2","1","2","4",16368.2811,4039.0313
2023,1,51,53,"Male","2","40",40,24.5,0,980,"2","1","2","4",35223.1151,8222.555
2023,8,45,42,"Male","1","44",40,47.5,1,1900,"2","1","2","4",11573.1688,2943.5694
2023,2,12,29,"Female","2","44",40,26.44225,0,1057.69,"2","1","2","4",28581.0765,6774.1019
2023,6,24,61,"Female","1","43",40,65,1,2600,"2","1","2","4",16599.0269,4119.8627
2023,6,13,36,"Female","2","40",40,16.5,0,660,"1","1","2","1",18418.811,4158.1582
2023,10,10,61,"Male","1","43",40,84,1,3360,"2","1","2","4",3868.9152,976.326
2023,7,12,38,"Female","1","41",40,14.4,0,576,"2","1","2","4",16344.9761,3958.9243
2023,1,51,38,"Male","1","36",32,11,0,352,"2","1","7","4",20082.1197,4927.1105
2023,5,45,54,"Male","1","39",40,36,0,1440,"2","1","2","4",10659.2774,2709.8787
2023,7,51,35,"Female","1","39",45,18,0,810,"2","1","2","4",21161.3642,5162.2723
2023,8,51,37,"Male","1","44",42,61.4285714285714,1,2580,"2","1","2","4",15633.062,3868.9068
2023,12,54,29,"Female","1","39",40,21,0,840,"1","1","2","4",4780.1012,1259.4475
2023,11,51,40,"Male","4","44",40,62.5,1,2500,"2","1","4","4",15303.2713,3782.7641
2023,3,24,42,"Male","1","43",40,72.11525,1,2884.61,"2","1","2","1",19563.4154,4797.582
2023,12,37,60,"Female","1","44",9,10.6666666666667,0,96,"2","1","7","4",11206.7473,2828.2212
2023,9,37,26,"Male","2","43",40,26.45,0,1058,"2","1","2","4",17700.0881,4187.5091
2023,5,24,27,"Male","1","42",40,39.25,0,1570,"2","1","4","4",22502.4454,5642.779
2023,12,45,28,"Female","1","40",40,29.45,0,1178,"2","1","2","4",13100.7215,3529.6248
2023,8,37,42,"Female","4","46",40,51,1,2040,"2","1","4","1",20444.6409,5165.9659
2023,9,51,48,"Female","1","40",40,27.4,0,1096,"2","1","2","4",20753.9032,5131.9205
2023,7,10,59,"Female","1","40",5,17.2,0,86,"2","1","7","4",3099.0172,771.3421
2023,12,54,53,"Female","1","40",40,19.25,0,770,"2","1","2","4",3460.4137,823.6328
2023,2,10,51,"Female","1","45",50,57.6922,1,2884.61,"2","1","2","4",3141.072,776.1373
2023,9,12,61,"Male","1","39",50,32.4,0,1620,"2","1","2","4",16411.6107,4014.9381
2023,11,12,61,"Female","1","44",40,23.8095,0,952.38,"1","1","2","3",16707.6809,4033.5358
2023,3,13,56,"Male","1","46",20,18,0,360,"2","1","2","4",20608.3873,4914.8
2023,1,13,61,"Female","1","43",40,18,0,720,"2","1","2","3",21844.7091,5497.6702
2023,10,12,39,"Male","1","39",40,16.25,0,650,"2","1","2","4",16733.9607,4102.3424
2023,4,13,59,"Female","1","39",40,18.269,0,730.76,"2","1","2","4",15765.8887,3894.7489
2023,1,45,57,"Female","1","42",40,38.4615,0,1538.46,"2","1","2","4",10596.9418,2623.1456
2023,6,12,62,"Male","1","44",40,16.82675,0,673.07,"2","1","2","2",15386.3314,3993.5621
2023,11,24,34,"Female","1","46",20,115,1,2300,"2","1","7","4",17396.5133,4418.286
2023,11,24,25,"Male","4","44",40,37.5,0,1500,"2","1","2","4",16148.0595,3920.718
2023,9,12,61,"Female","1","45",40,28,0,1120,"2","1","2","4",18169.7662,4715.6188
2023,4,12,55,"Male","1","43",40,25,0,1000,"2","1","2","4",19696.4429,5068.9328
2023,11,12,47,"Female","1","43",40,24.05,0,962,"2","1","2","4",15310.9127,3912.5927
2023,11,37,40,"Male","1","37",40,15,0,600,"2","1","2","4",15283.5499,3777.8596
2023,5,12,55,"Female","1","41",33,15.35,0,506.55,"2","1","7","3",16104.0441,3860.7938
2023,6,24,27,"Male","2","39",30,17,0,510,"2","1","7","4",59322.3382,13532.4534
2023,7,10,51,"Male","1","39",40,14.9,0,596,"2","1","2","4",3375.3718,830.9747
2023,7,13,37,"Female","2","43",40,45.75,1,1830,"2","1","2","2",24167.3239,6370.6873
2023,5,45,49,"Female","1","46",50,30.8,0,1540,"2","1","2","3",9042.6975,2304.2331
2023,5,13,30,"Male","2","39",40,37.5,0,1500,"2","1","2","4",21455.6332,5367.6804
2023,12,54,43,"Male","1","39",40,18.269,0,730.76,"2","2","5","3",4963.9944,1217.8219
2023,5,45,41,"Male","1","40",40,57.69225,1,2307.69,"2","1","2","3",8250.1988,2116.3271
2023,1,51,31,"Female","1","40",40,40.3845,1,1615.38,"2","1","2","4",25121.974,6226.1791
2023,10,10,39,"Female","1","43",40,43.25,1,1730,"2","1","2","4",2839.1835,731.0192
2023,6,12,63,"Female","1","39",40,25,0,1000,"2","1","2","4",17164.2748,4230.8614
2023,4,12,46,"Female","2","43",40,16.25,0,650,"2","1","2","4",19719.7335,4780.4017
2023,11,45,57,"Male","1","39",40,31.25,0,1250,"2","1","2","4",12355.4873,3096.213
2023,4,13,51,"Female","2","44",40,16.82675,0,673.07,"2","1","2","3",20241.4589,4921.9198
2023,6,12,31,"Female","2","40",40,32.25,0,1290,"2","1","2","4",29163.4746,7309.6513
2023,7,12,64,"Female","1","43",40,57.675,1,2307,"2","1","2","4",16165.1786,3881.2916
2023,7,10,50,"Female","1","39",35,9.42857142857143,0,330,"2","2","5","4",2953.3415,744.9095
2023,1,12,55,"Female","1","43",40,19.225,0,769,"2","1","2","3",21927.1475,5207.1587
2023,9,37,34,"Female","1","40",40,17.1,0,684,"2","1","2","4",18655.986,4609.9407
2023,6,45,54,"Female","1","39",40,18,0,720,"2","1","4","4",9473.963,2493.6615
2023,4,51,59,"Male","1","43",40,72.11525,1,2884.61,"2","1","2","4",16849.7791,4384.9529
2023,1,45,46,"Female","2","39",39,7.62820512820513,0,297.5,"2","1","2","4",11320.8234,2931.7257
2023,4,24,49,"Male","1","43",40,29.8,0,1192,"2","1","2","4",24408.6382,6029.1799
2023,12,37,44,"Female","1","43",40,23,0,920,"2","1","2","4",16043.0683,3954.3609
2023,5,54,55,"Male","1","39",40,60.096,1,2403.84,"2","1","2","4",3081.5133,752.0274
2023,8,12,43,"Male","1","44",40,19.225,0,769,"2","1","2","3",16913.4616,4325.2188
2023,11,24,34,"Female","2","40",38,28.9473684210526,0,1100,"2","1","2","4",30648.2589,8380.0801
2023,7,37,26,"Male","2","40",40,16.85,0,674,"2","1","2","4",18989.8483,4900.2798
2023,8,54,36,"Male","1","40",40,40.86525,1,1634.61,"2","1","2","4",4113.2679,1048.3436
2023,7,12,41,"Male","1","40",40,16,0,640,"2","1","2","4",18789.5756,4636.5091
2023,2,54,60,"Female","1","39",35,18.5714285714286,0,650,"2","1","2","4",3117.4196,835.9932
2023,9,51,36,"Male","1","43",40,56,1,2240,"2","1","2","1",20501.2773,5060.5172
2023,7,37,48,"Male","1","40",60,20,0,1200,"2","1","2","4",15741.1655,3930.2195
2023,10,24,43,"Male","1","43",40,57.69225,1,2307.69,"1","1","4","1",24217.8662,6117.5786
2023,4,12,50,"Female","1","40",40,23,0,920,"2","1","2","3",18887.3375,4883.0414
2023,7,37,60,"Male","2","40",40,17.5,0,700,"2","1","4","4",15451.8731,3925.1233
2023,1,45,56,"Female","8","40",50,35.96,0,1798,"2","1","2","4",9636.7903,2444.1968
2023,9,10,29,"Male","1","43",40,31.25,0,1250,"2","1","2","4",5052.8823,1245.9008
2023,10,12,26,"Male","1","39",40,15.25,0,610,"2","1","2","4",17798.4009,4461.7431
2023,1,37,43,"Female","1","33",21,25,0,525,"2","1","6","4",17432.6087,4233.3055
2023,1,54,25,"Female","1","41",38,16,0,608,"2","1","2","4",4673.9327,1172.6025
2023,12,37,60,"Female","1","44",40,23.75,0,950,"2","1","2","4",11828.8066,2985.2089
2023,12,54,25,"Male","1","37",40,18,0,720,"2","1","2","4",5591.4521,1387.6514
2023,8,12,25,"Female","1","38",21,10.952380952381,0,230,"2","1","7","4",17744.8778,4554.2943
2023,5,54,50,"Male","1","43",40,25,0,1000,"2","1","2","4",3255.6589,798.3669
2023,4,13,35,"Male","1","39",40,22,0,880,"1","1","2","3",15320.9675,3944.0975
2023,1,54,58,"Male","1","39",60,16.6666666666667,0,1000,"2","1","2","4",4077.496,995.1121
2023,6,12,53,"Male","1","43",40,72.11525,1,2884.61,"2","1","2","4",19035.4624,4848.5796
2023,1,11,42,"Female","2","35",40,16.5,0,660,"2","1","2","4",2448.141,634.0768
2023,3,37,61,"Female","1","44",40,30,0,1200,"2","1","2","1",13143.0643,3382.4938
2023,5,13,45,"Male","1","43",36,19.7647222222222,0,711.53,"2","1","2","4",18362.7526,4547.4068
2023,8,37,34,"Male","1","39",40,24.95,0,998,"2","1","2","4",15204.8206,3787.2134
2023,11,11,26,"Female","1","44",40,31,0,1240,"2","1","2","1",2109.6119,534.4258
2023,10,11,43,"Male","1","43",40,48,1,1920,"2","1","2","4",1239.9502,313.268
2023,10,12,30,"Female","1","43",40,21.6345,0,865.38,"2","1","2","4",19655.2548,4799.3764
2023,10,13,27,"Male","1","43",40,31.25,0,1250,"2","1","2","4",19192.6187,4901.1211
2023,7,54,33,"Male","1","42",48,11.9166666666667,0,572,"2","1","2","4",4086.2955,1052.8227
2023,9,45,50,"Female","1","46",40,31.25,0,1250,"2","1","2","4",12057.6715,3010.0938
2023,12,12,46,"Male","1","44",40,40.86525,1,1634.61,"2","1","2","4",24528.0444,6229.7155
2023,4,54,54,"Female","1","41",40,27.4,0,1096,"2","1","2","4",3053.0042,789.0156
2023,2,12,26,"Female","1","42",20,14.7,0,294,"2","1","7","4",17645.2319,4376.4153
2023,6,24,46,"Male","2","43",40,18.24,0,729.6,"2","1","2","4",21695.7529,5514.7338
2023,6,54,39,"Female","1","39",40,9.23075,0,369.23,"2","1","2","4",2905.301,751.5522
2023,11,13,61,"Male","2","39",60,7,0,420,"2","1","2","4",16608.0499,4146.9222
2023,1,12,32,"Male","1","40",40,10,0,400,"2","1","2","4",19660.3621,4757.0089
2023,9,13,42,"Female","2","39",40,18.5,0,740,"2","1","2","4",17500.4295,4837.3002
2023,11,13,37,"Female","1","39",40,21.65,0,866,"2","1","2","4",21045.8114,5203.4567
2023,4,12,33,"Female","1","46",40,47,1,1880,"2","1","2","3",22220.89,5551.6381
2023,3,37,43,"Male","1","44",40,33.65375,0,1346.15,"2","1","2","3",11678.6137,2813.8771
2023,1,12,44,"Female","2","43",40,45,1,1800,"2","2","5","4",16246.2078,4134.9869
2023,8,12,51,"Female","1","43",28,15,0,420,"2","1","7","4",16731.7416,4173.749
2023,3,12,38,"Male","1","43",50,57.6922,1,2884.61,"2","2","5","4",17904.3147,4299.6248
2023,5,24,38,"Male","2","40",35,19.2285714285714,0,673,"2","1","2","4",30592.4657,8254.7347
2023,8,37,31,"Male","1","43",40,20,0,800,"2","1","2","2",15745.5237,3921.8916
2023,2,13,54,"Female","1","46",40,57.675,1,2307,"2","1","2","2",22358.3259,5464.0056
2023,9,13,57,"Female","1","42",30,21,0,630,"2","1","7","4",16939.5432,4324.2043
2023,5,12,56,"Male","1","39",40,28.825,0,1153,"2","1","2","4",19410.5811,4806.9313
2023,12,24,59,"Male","1","41",40,44.8,1,1792,"2","1","2","4",19973.6805,5128
2023,10,54,32,"Female","1","43",40,67.5,1,2700,"2","1","2","4",3454.1231,857.1186
2023,5,24,35,"Female","1","39",40,18,0,720,"2","1","2","4",18071.0426,4526.7036
2023,3,12,44,"Male","1","40",50,20,0,1000,"2","1","2","4",16781.5092,4045.5736
2023,11,51,55,"Female","1","39",40,11,0,440,"2","1","2","2",18145.4712,4622.5215
2023,4,54,42,"Male","1","39",40,64.5,1,2580,"2","1","2","1",3903.9296,1003.0331
2023,9,11,59,"Male","1","44",40,48,1,1920,"2","1","2","4",1786.2187,461.7825
2023,9,37,30,"Female","1","43",40,87.5,1,3500,"2","1","2","4",20170.6472,4984.2173
2023,2,12,51,"Male","1","40",40,25,0,1000,"2","1","2","4",16918.8422,4282.35
2023,8,12,42,"Male","1","33",40,12,0,480,"2","1","2","4",15454.0789,3900.3713
2023,3,51,29,"Female","1","39",40,14.423,0,576.92,"2","1","2","4",17480.9823,4495.4449
2023,6,37,27,"Male","1","43",40,45.75,1,1830,"2","1","2","4",17333.0709,4298.4919
2023,12,51,59,"Male","1","39",55,34.9636363636364,0,1923,"2","1","2","4",18495.492,4802.1287
2023,1,12,43,"Male","1","45",40,43.25,1,1730,"2","1","2","4",28223.5703,6878.4955
2023,4,12,52,"Male","1","39",50,30,0,1500,"2","1","2","4",20797.7052,5159.7977
2023,10,12,55,"Female","1","38",40,35,0,1400,"2","1","2","4",17446.7441,4565.6135
2023,2,54,26,"Male","1","44",40,23.4,0,936,"2","1","2","4",4185.3652,1027.9879
2023,2,24,62,"Male","2","43",40,72.11525,1,2884.61,"2","1","2","4",16861.68,5136.0122
2023,7,11,33,"Male","1","44",45,55.5555555555556,1,2500,"2","1","2","1",2431.7957,599.6009
2023,4,51,47,"Female","7","39",40,28.85,0,1154,"2","1","2","4",21408.6792,5594.9692
2023,9,45,45,"Male","1","41",40,33.65375,0,1346.15,"2","1","2","4",10312.3033,2593.6297
2023,3,54,26,"Male","7","42",45,23.5111111111111,0,1058,"2","1","2","4",5251.5614,1305.3536
2023,6,51,50,"Male","1","40",40,43.269,1,1730.76,"2","1","2","4",21287.1075,5400.0341
2023,9,13,27,"Male","1","43",40,18.5,0,740,"2","1","2","4",20510.1572,5202.0115
2023,3,37,40,"Male","2","39",40,37,0,1480,"2","1","2","4",24345.428,6313.7813
2023,5,51,49,"Male","4","46",40,53,1,2120,"2","1","2","2",31175.0677,7617.6264
2023,12,11,27,"Female","1","44",40,40,1,1600,"2","1","2","4",1357.8785,360.6454
2023,4,10,33,"Male","1","39",40,17,0,680,"2","1","2","4",3413.9015,877.697
2023,4,10,60,"Female","1","39",32,17,0,544,"2","1","6","4",4831.8618,1195.9247
2023,3,12,55,"Male","1","43",40,72.11525,1,2884.61,"2","1","2","4",18279.9597,4330.2711
2023,8,12,28,"Male","1","40",30,12.8,0,384,"2","1","7","4",14464.5317,3704.6504
2023,3,37,42,"Male","1","43",60,31.0833333333333,0,1865,"2","1","2","4",13831.6092,3332.6257
2023,10,13,27,"Female","1","42",40,14,0,560,"2","1","2","3",16138.2306,4045.3815
2023,1,11,63,"Male","2","46",40,50,1,2000,"2","1","2","3",1855.2934,406.7778
2023,7,13,63,"Female","2","43",24,120.192083333333,1,2884.61,"2","1","7","4",18827.7521,5187.661
2023,1,54,41,"Male","1","39",35,13.5,0,472.5,"2","1","2","4",4729.4257,1170.8375
2023,2,11,61,"Female","1","43",40,72.11525,1,2884.61,"2","1","2","1",1281.6946,343.0233
2023,3,11,35,"Male","4","43",50,57.6922,1,2884.61,"2","1","2","4",2552.7047,628.8074
2023,6,45,28,"Male","6","41",40,19.7,0,788,"2","1","2","4",10800.2696,2771.6499
2023,5,12,30,"Male","2","40",40,15,0,600,"2","1","2","4",24999.7493,6270.6821
2023,5,12,62,"Male","2","44",40,47.5,1,1900,"2","1","2","4",25751.134,6052.9347
2023,7,51,42,"Male","1","44",40,43.25,1,1730,"2","1","2","3",15986.0899,3934.2349
2023,6,24,62,"Male","1","39",40,26.44225,0,1057.69,"2","1","2","4",14828.8279,3931.6669
2023,6,51,29,"Male","1","40",40,32.75,0,1310,"2","1","2","4",19541.9603,4824.2519
2023,7,45,55,"Female","1","43",5,55.2,1,276,"2","1","7","4",12576.7895,3238.5933
2023,5,51,53,"Male","1","46",50,38.4,0,1920,"2","1","2","4",18552.3063,4529.4361
2023,6,51,58,"Female","1","44",40,72.11525,1,2884.61,"2","1","2","4",19776.946,4944.7743
2023,11,12,45,"Female","1","39",40,18,0,720,"2","1","2","4",13274.8512,3392.2919
2023,1,54,44,"Male","1","43",50,57.6922,1,2884.61,"2","1","2","4",4696.8379,1162.7699
2023,7,12,33,"Male","1","39",50,19.22,0,961,"2","1","2","4",18461.3847,4606.0582
2023,11,54,57,"Female","1","42",20,28.846,0,576.92,"2","1","7","4",3216.823,820.3219
2023,12,12,60,"Male","1","43",40,41.346,1,1653.84,"2","1","2","4",21317.02,5363.0931
2023,9,12,28,"Male","1","32",50,12,0,600,"2","1","2","4",20271.0604,5084.7013
2023,5,12,44,"Male","1","40",40,30.28825,0,1211.53,"2","1","2","4",18055.5418,4537.0606
2023,5,51,37,"Female","1","39",45,24.7777777777778,0,1115,"2","1","2","4",14692.6065,3636.2197
2023,3,54,38,"Female","1","39",35,10,0,350,"2","1","4","4",4061.4256,1001.0456
2023,5,37,59,"Female","1","39",15,16.25,0,243.75,"2","1","7","4",16748.0313,3957.0741
2023,9,24,57,"Female","1","39",38,29,0,1102,"1","1","2","4",18467.3669,4623.9243
2023,1,10,40,"Male","1","40",40,36.0575,0,1442.3,"2","1","2","4",4474.9385,1090.5724
2023,4,12,46,"Female","1","44",40,24.05,0,962,"2","1","2","4",18014.0629,4768.7447
2023,6,24,40,"Female","2","44",40,57,1,2280,"2","1","2","1",24186.7659,5734.8526
2023,12,24,47,"Male","1","41",40,52,1,2080,"1","1","2","4",22731.9522,5755.1381
2023,8,12,62,"Female","2","40",40,12.019,0,480.76,"2","1","2","4",18870.8158,4631.0102
2023,4,12,47,"Male","1","40",42,24.7619047619048,0,1040,"2","1","2","4",21257.4588,5259.1838
2023,2,12,35,"Female","1","43",40,72.11525,1,2884.61,"1","1","2","4",17384.6701,4290.6725
2023,1,45,33,"Male","1","44",40,72.11525,1,2884.61,"2","1","2","4",11952.5974,3014.5876
2023,12,11,38,"Female","1","44",45,55.5555555555556,1,2500,"2","1","2","1",1650.4221,407.3502
2023,12,37,62,"Female","1","39",40,12,0,480,"2","1","2","4",11681.2895,2947.9803
2023,7,12,62,"Female","2","41",36,23.11,0,831.96,"2","1","2","4",18355.2971,5054.6851
2023,12,13,49,"Female","1","43",25,10,0,250,"2","1","7","4",17968.1993,4400.5429
2023,3,12,49,"Female","1","43",40,23.75,0,950,"2","1","2","3",18854.5729,4616.3129
2023,4,12,36,"Female","1","43",40,40.85,1,1634,"1","1","2","3",21231.5715,5314.3664
2023,4,45,60,"Male","1","39",50,14,0,700,"2","1","2","4",12034.2224,3069.9776
2023,3,12,45,"Male","1","40",40,24.025,0,961,"2","1","2","4",18168.9228,4477.6373
2023,10,12,55,"Female","1","33",40,23,0,920,"2","1","2","4",20799.7061,5488.4839
2023,7,37,36,"Female","1","35",40,16.15,0,646,"2","1","2","4",14726.8781,3615.1961
2023,5,12,60,"Female","1","43",35,32.9428571428571,0,1153,"2","1","2","3",16582.7798,4272.7035
2023,10,11,45,"Male","1","43",40,20,0,800,"2","1","2","4",1474.734,376.5846
2023,9,10,33,"Female","1","46",40,72,1,2880,"2","1","2","4",4114.045,1011.6745
2023,6,45,48,"Male","1","40",40,28,0,1120,"2","1","2","1",11623.5592,3137.9448
2023,11,12,31,"Female","1","42",40,9.375,0,375,"2","1","2","4",21071.3258,5278.9581
2023,4,54,52,"Female","1","40",40,17,0,680,"2","1","2","4",3031.9676,783.579
2023,11,10,53,"Male","2","40",40,19.35,0,774,"2","1","2","4",5225.1514,1285.1868
2023,11,37,54,"Male","1","37",50,24.2,0,1210,"2","1","2","4",16794.8769,4173.2258
2023,8,10,47,"Female","1","42",60,26.282,0,1576.92,"2","1","2","4",4131.9182,1000.8565
2023,1,54,59,"Female","1","44",40,13.65,0,546,"2","1","2","4",3208.8879,786.4531
2023,8,12,57,"Male","1","42",40,37.5,0,1500,"2","1","2","4",15750.9419,3976.943
2023,4,37,44,"Female","2","43",40,15,0,600,"2","1","2","1",22351.2204,5656.0842
2023,5,13,59,"Female","1","39",40,72.11525,1,2884.61,"2","1","2","4",19514.0397,4633.815
2023,1,54,29,"Male","1","44",40,19.06,0,762.4,"2","1","2","4",5166.8746,1298.2735
2023,9,13,62,"Female","2","39",20,12,0,240,"2","1","9","4",23617.7564,5701.9486
2023,5,13,60,"Male","4","39",40,15,0,600,"2","1","2","4",15457.7504,3908.4287
2023,11,12,26,"Female","2","43",40,32.25,0,1290,"2","1","2","2",24587.4062,6857.07
2023,7,12,61,"Female","1","44",40,57.675,1,2307,"2","1","2","3",20727.0174,4976.5982
2023,8,11,46,"Male","1","43",50,71.2,1,3560,"2","1","2","4",1849.3502,445.8284
2023,5,12,48,"Female","2","43",34,26.0179411764706,0,884.61,"1","1","7","4",22285.4138,5399.9344
2023,9,12,49,"Female","1","43",40,43.25,1,1730,"2","1","2","4",18375.2088,4611.4694
2023,4,13,55,"Female","1","40",40,8.75,0,350,"2","1","2","2",15765.8887,3894.7489
2023,10,10,43,"Male","1","39",40,30,0,1200,"2","1","4","4",4285.1716,1080.2159
2023,5,37,40,"Male","1","31",45,12,0,540,"2","1","2","4",15168.9806,3782.7318
2023,8,13,31,"Male","1","43",50,28.6,0,1430,"2","1","2","4",21343.4833,5370.5649
2023,11,12,42,"Female","2","42",40,62.5,1,2500,"2","1","2","4",24124.677,5497.697
2023,2,51,32,"Male","1","39",40,51.923,1,2076.92,"2","1","2","4",16185.4624,3980.3877
2023,5,24,31,"Male","1","43",40,41,1,1640,"2","1","2","4",19485.5476,4890.7916
2023,8,11,50,"Male","1","39",40,20,0,800,"2","1","2","4",1532.2082,369.0806
2023,3,54,34,"Male","1","39",40,29.58,0,1183.2,"2","1","2","1",4069.8464,1000.7415
2023,3,51,29,"Female","1","43",40,33.65,0,1346,"2","1","2","1",16733.554,4303.2348
2023,4,12,25,"Female","1","41",40,25,0,1000,"2","1","2","4",20344.8392,5124.7211
2023,9,54,48,"Female","1","43",40,27.8845,0,1115.38,"2","1","2","4",3883.2675,975.861
2023,1,37,31,"Male","2","39",35,12.5,0,437.5,"2","1","2","4",23460.9713,5737.5337
2023,2,11,44,"Female","1","44",40,48.07675,1,1923.07,"2","1","2","1",1626.8948,412.1567
2023,1,24,37,"Male","1","46",40,59.125,1,2365,"2","1","2","1",25247.6048,6311.0074
2023,12,24,31,"Female","1","42",40,28.75,0,1150,"1","1","2","2",17924.9023,4598.387
2023,4,24,28,"Female","1","43",40,20.19225,0,807.69,"2","1","2","4",15026.4288,3779.0222
2023,9,10,33,"Male","1","44",45,30,0,1350,"2","1","2","4",4727.9673,1163.64
2023,3,45,40,"Male","1","39",40,28.75,0,1150,"2","1","2","4",12941.8003,3315.3131
2023,4,51,54,"Male","4","44",40,52.3205,1,2092.82,"1","1","4","1",17898.5173,4453.9416
2023,8,11,54,"Female","1","43",60,48.0768333333333,1,2884.61,"2","1","2","4",1429.7371,344.719
2023,8,13,56,"Male","2","39",40,20,0,800,"2","1","2","4",23406.2674,5604.2325
2023,5,10,55,"Female","1","39",40,20,0,800,"2","1","2","4",2697.7977,654.681
2023,8,13,43,"Female","1","39",40,31.25,0,1250,"2","1","2","4",15651.8404,3975.6109
2023,9,13,56,"Female","2","39",40,18,0,720,"2","1","2","1",20383.9391,4937.1848
2023,4,12,27,"Male","1","44",40,38.5,0,1540,"2","1","2","4",26513.1203,6586.9966
2023,1,13,33,"Female","2","44",40,26.525,0,1061,"2","1","2","3",20309.3257,5041.2284
2023,10,11,48,"Female","1","44",40,31.75,0,1270,"2","1","2","1",1558.0607,384.0766
2023,7,45,35,"Male","1","38",40,19.4,0,776,"2","1","2","4",12814.3096,3248.1302
2023,8,54,37,"Female","1","40",40,26.923,0,1076.92,"2","1","2","4",3389.1904,866.3835
2023,11,24,42,"Female","2","44",40,62.5,1,2500,"2","1","4","1",27594.2724,6374.9017
2023,11,12,26,"Male","1","39",40,15,0,600,"2","1","2","4",25911.7278,6232.7345
2023,11,12,52,"Female","1","43",30,13,0,390,"2","1","7","3",15889.5091,4145.3073
2023,9,54,58,"Male","1","43",40,18.5,0,740,"2","1","2","4",3437.2832,903.0463
2023,10,51,57,"Male","1","44",40,23.1,0,924,"2","1","4","2",22899.1516,5581.3675
2023,10,13,26,"Male","1","43",40,31.25,0,1250,"2","1","2","4",19192.6187,4901.1211
2023,9,24,50,"Male","1","43",40,72.11525,1,2884.61,"2","1","4","4",20513.0269,5100.1044
2023,12,51,26,"Female","1","39",40,20,0,800,"2","1","2","1",22374.9749,5863.3992
2023,5,24,30,"Male","1","39",45,16.6666666666667,0,750,"2","1","2","4",21173.2398,5314.3953
2023,9,45,57,"Female","2","42",55,23.6363636363636,0,1300,"2","1","2","3",11203.1021,2674.3629
2023,5,12,38,"Female","1","39",37,16,0,592,"2","1","2","3",13811.3322,3490.429
2023,5,13,58,"Male","1","43",40,38.45,0,1538,"2","1","2","4",18461.5441,4534.3638
2023,10,12,40,"Male","1","43",40,21.25,0,850,"2","1","2","4",16212.9623,4003.1639
2023,4,12,38,"Male","1","39",45,34.188,0,1538.46,"2","1","3","4",20439.2812,5279.2454
2023,7,51,29,"Female","2","43",40,52.5,1,2100,"2","1","2","1",29408.6177,6898.9962
2023,11,13,25,"Male","1","43",60,9.61533333333333,0,576.92,"2","1","2","3",16321.4465,4025.0354
2023,1,13,37,"Male","1","40",56,19.5,0,1092,"2","1","2","3",24906.3597,6154.7245
2023,6,12,50,"Male","2","43",40,31.25,0,1250,"2","1","2","1",28564.7192,7210.7927
2023,9,11,45,"Male","1","45",45,64.1024444444444,1,2884.61,"2","1","2","1",1797.7067,451.6901
2023,3,54,60,"Male","1","42",40,60.075,1,2403,"2","1","2","4",3078.3722,775.4849
2023,4,51,29,"Male","1","43",45,28.2222222222222,0,1270,"2","2","5","4",21377.1427,5370.5436
2023,2,12,36,"Male","6","39",40,21.25,0,850,"2","1","2","4",24132.3908,6124.7821
2023,10,11,35,"Female","1","43",40,43.75,1,1750,"2","1","2","4",1415.6884,371.1608
2023,8,12,54,"Female","1","44",40,19.23075,0,769.23,"2","1","2","4",19009.2136,4696.5795
2023,8,12,57,"Male","1","46",50,57.6922,1,2884.61,"2","1","2","4",17313.9636,4371.5892
2023,11,12,39,"Male","1","44",40,72.11525,1,2884.61,"2","1","2","3",20246.8471,4972.3776
2023,5,13,51,"Male","1","43",40,21.65,0,866,"2","1","2","4",19242.5455,4749.0291
2023,5,13,64,"Female","1","40",37,6.75675675675676,0,250,"2","2","5","3",16924.6077,4349.4087
2023,12,37,28,"Male","2","39",40,26.75,0,1070,"2","1","2","4",33565.167,8321.3785
2023,8,54,55,"Male","1","39",40,29,0,1160,"1","1","2","4",2890.1473,733.5657
2023,2,11,59,"Male","1","40",30,18.5,0,555,"2","1","7","4",2288.6716,540.9226
2023,1,10,60,"Male","1","40",40,72.11525,1,2884.61,"2","1","2","4",4288.6856,1050.0229
2023,12,12,53,"Female","1","42",40,19.97,0,798.8,"2","1","2","4",19990.7917,4770.3055
2023,5,13,58,"Female","4","39",40,15,0,600,"2","1","2","4",19556.3102,4712.111
2023,1,12,40,"Female","1","43",50,57.6922,1,2884.61,"2","1","2","4",19731.5999,4725.1662
2023,1,37,29,"Male","1","43",50,57.6922,1,2884.61,"2","1","2","4",18083.1424,4524.5347
2023,9,11,59,"Female","1","31",24,16.2,0,388.8,"2","1","6","4",1523.3253,382.9786
2023,12,51,25,"Female","1","43",40,25.95,0,1038,"2","1","2","3",21935.6426,5748.2714
2023,2,37,46,"Female","1","44",40,16.825,0,673,"2","1","2","4",19072.7779,4675.7152
2023,2,45,49,"Female","1","44",16,32,0,512,"2","1","7","4",10763.6365,2695.4993
2023,11,10,56,"Female","1","39",45,34.4444444444444,0,1550,"2","1","2","4",2869.4677,745.6652
2023,9,37,53,"Male","1","40",55,29.6363636363636,0,1630,"2","1","2","4",14900.7979,3706.5946
2023,10,12,62,"Female","1","43",55,34.9090909090909,0,1920,"2","1","2","4",16230.4055,3994.9137
2023,1,37,52,"Male","4","44",40,72.11525,1,2884.61,"2","1","2","4",14760.5334,3631.7963
2023,7,45,41,"Female","4","43",40,40.75,1,1630,"2","1","2","4",6922.0422,1710.5032
2023,12,13,56,"Female","1","43",50,46,1,2300,"2","1","2","4",25116.9145,6183.2906
2023,5,37,57,"Female","1","39",40,20,0,800,"2","1","2","4",16854.0272,3982.1179
2023,4,37,48,"Male","2","43",40,17.5,0,700,"1","1","2","4",19279.2862,4523.8158
2023,1,24,32,"Female","1","43",40,67.3075,1,2692.3,"2","1","2","4",20079.4065,5056.8184
2023,7,12,33,"Female","2","40",40,22.5,0,900,"2","1","2","4",27567.4357,6723.1247
2023,1,12,36,"Male","1","44",50,57.6922,1,2884.61,"2","1","2","4",17570.4803,4207.5211
2023,3,12,38,"Female","2","42",40,20,0,800,"2","1","2","4",16356.5661,4308.4915
2023,8,54,56,"Female","1","35",37,15,0,555,"2","1","2","4",2728.5699,695.1897
2023,12,12,34,"Female","1","42",25,14.8,0,370,"2","1","7","4",18151.1075,4671.3039
2023,3,24,62,"Male","2","39",40,59.8,1,2392,"2","1","2","4",48163.5589,11698.0336
2023,7,10,37,"Male","1","43",40,72.11525,1,2884.61,"2","1","2","4",3123.4869,765.2693
2023,9,12,25,"Male","1","39",40,25,0,1000,"2","1","2","4",20915.7445,5222.6652
2023,6,51,39,"Male","1","45",35,27.2,0,952,"1","2","5","3",20739.4187,5222.611
2023,3,12,27,"Female","1","39",40,17,0,680,"2","1","4","4",17579.558,4396.9361
2023,6,54,55,"Female","1","40",37,13,0,481,"2","1","2","4",3951.8086,1002.8878
2023,8,12,25,"Male","1","43",40,30,0,1200,"2","1","2","4",17028.2635,4361.2724
2023,10,51,48,"Male","1","44",40,71.15375,1,2846.15,"2","1","4","1",22435.2924,5608.6629
2023,12,24,39,"Female","2","43",40,28.85,0,1154,"2","1","2","4",21381.8546,5322.2003
2023,6,51,29,"Male","1","43",56,12.5,0,700,"2","1","2","3",20390.981,5033.8465
2023,1,45,56,"Male","1","41",25,46.1536,1,1153.84,"1","1","6","4",12222.5841,3012.7639
2023,10,51,60,"Female","2","40",40,10,0,400,"2","1","2","4",16655.4662,4635.606
2023,3,51,51,"Male","1","43",40,22.11525,0,884.61,"2","1","2","4",19386.6348,4933.4623
2023,4,37,58,"Male","1","39",40,40.85,1,1634,"2","1","2","4",13404.5887,3439.5904
2023,5,24,43,"Male","8","43",40,51.923,1,2076.92,"2","1","2","4",27366.8007,6901.3022
2023,7,51,61,"Female","4","39",30,10.4,0,312,"2","1","7","4",18346.121,4421.1143
2023,12,12,38,"Male","1","40",40,50,1,2000,"2","1","2","4",19547.1834,4740.6934
2023,10,12,38,"Male","1","43",50,40,1,2000,"2","1","2","4",13822.7679,3388.6614
2023,2,37,48,"Male","1","44",12,17,0,204,"2","1","6","4",20252.7043,5132.0317
2023,11,45,32,"Female","1","43",40,94,1,3760,"2","1","2","4",11494.7192,2898.9615
2023,2,51,41,"Female","1","43",40,42,1,1680,"2","1","2","4",22984.4542,5852.5645
2023,3,45,26,"Male","1","43",40,24.025,0,961,"2","1","2","3",12049.9426,3162.637
2023,6,13,38,"Female","2","39",40,57.675,1,2307,"2","1","2","4",27042.93,6105.1053
2023,2,13,52,"Male","4","39",40,22.11525,0,884.61,"2","1","2","4",22421.6993,5627.3807
2023,8,45,54,"Male","2","40",40,23,0,920,"2","1","2","4",13904.2477,3580.9287
2023,12,11,27,"Male","2","43",40,55.5,1,2220,"2","1","2","4",5310.6592,1329.2764
2023,3,13,57,"Female","1","43",40,38.4615,0,1538.46,"2","1","2","4",22399.5413,5673.958
2023,7,13,55,"Male","1","39",40,28.825,0,1153,"1","1","2","1",18002.464,4431.0173
2023,12,13,39,"Male","1","36",30,27,0,810,"2","1","6","4",32272.3354,8087.1663
2023,11,11,33,"Male","2","44",40,28.1,0,1124,"2","1","2","1",3666.3799,980.764
2023,10,11,33,"Female","1","43",40,50.475,1,2019,"2","1","2","4",1579.6531,394.6742
2023,4,12,47,"Male","1","43",40,28.85,0,1154,"2","1","2","4",19822.8224,4919.3731
2023,7,12,36,"Male","1","43",50,36,0,1800,"2","1","2","4",17967.2195,4441.377
2023,11,51,31,"Female","1","41",40,17.3,0,692,"2","1","2","4",17651.2781,4425.8141
2023,10,13,51,"Male","4","44",40,67.5,1,2700,"2","1","2","4",15120.0992,3868.0807
2023,7,51,61,"Male","1","44",40,72.11525,1,2884.61,"2","1","2","4",13773.3836,3522.2119
2023,11,13,44,"Female","1","39",40,33.65,0,1346,"1","1","2","2",20786.9839,5232.7867
2023,6,13,31,"Female","6","45",50,28.846,0,1442.3,"2","1","2","4",23166.968,5482.8089
2023,3,11,26,"Female","1","44",40,22.125,0,885,"1","1","2","3",1705.9918,432.0949
2023,6,37,25,"Female","4","43",40,17,0,680,"2","1","2","2",13101.5995,3156.4384
2023,9,45,31,"Female","1","42",40,20,0,800,"2","1","2","4",12052.1183,2990.982
2023,5,12,29,"Female","2","40",40,16.25,0,650,"2","1","2","4",20293.8478,5283.6492
2023,7,10,52,"Female","1","44",40,25,0,1000,"2","1","2","2",2953.3415,744.9095
2023,4,37,33,"Male","8","39",50,30.8,0,1540,"2","1","2","4",21278.974,5477.6886
2023,7,13,32,"Female","1","46",40,28,0,1120,"2","1","2","4",18511.843,4586.1875
2023,9,45,50,"Male","1","44",55,41.8181818181818,1,2300,"2","1","2","4",10796.0496,2697.1414
2023,5,11,40,"Female","1","46",40,61.0575,1,2442.3,"1","1","2","1",1809.1318,450.3492
2023,1,12,52,"Female","1","44",40,27.4,0,1096,"2","1","2","4",18899.5571,4568.8658
2023,12,12,58,"Female","1","43",40,25,0,1000,"2","1","2","3",19742.4372,4699.7273
2023,5,13,44,"Male","1","39",40,17.5,0,700,"1","1","2","4",16187.3248,4057.003
2023,5,13,57,"Female","2","41",40,48,1,1920,"2","1","2","4",16622.1777,4012.7466
2023,1,10,61,"Female","1","42",30,40,1,1200,"2","1","2","4",3173.5631,777.3318
2023,4,37,31,"Male","2","37",40,15,0,600,"2","1","2","4",31943.1954,8074.5983
2023,2,51,58,"Female","4","39",40,24.03825,0,961.53,"2","1","2","4",22322.3025,5510.4326
2023,12,45,59,"Male","1","41",40,20,0,800,"2","1","2","4",13173.7401,3516.6036
2023,7,51,32,"Male","1","46",40,72,1,2880,"2","1","2","4",16171.0457,4023.8997
2023,1,51,39,"Male","1","43",40,67.3,1,2692,"2","1","2","4",19883.388,4878.3521
2023,7,24,53,"Female","1","44",40,21.6345,0,865.38,"1","1","4","4",20388.9972,5148.3113
2023,7,37,43,"Male","1","46",40,38.5,0,1540,"2","1","2","4",17582.2601,4354.283
2023,4,37,50,"Male","1","39",40,32.5,0,1300,"2","1","2","4",15052.3367,3723.4513
2023,9,13,49,"Female","1","43",45,20.7111111111111,0,932,"1","1","2","3",19394.6184,4920.2187
2023,6,11,45,"Female","1","45",45,23.0222222222222,0,1036,"2","1","4","4",1295.8244,333.5938
2023,7,12,36,"Female","2","39",40,23.075,0,923,"2","1","2","4",31569.4281,8317.3316
2023,11,45,33,"Male","1","42",40,36.0575,0,1442.3,"2","1","2","4",12816.4438,3130.4208
2023,5,12,46,"Female","1","45",40,72,1,2880,"2","1","2","4",19484.5815,4866.1992
2023,9,24,40,"Female","1","43",30,42.857,1,1285.71,"2","1","7","4",13035.8022,3247.86
2023,4,11,57,"Female","2","39",25,17.04,0,426,"2","1","7","4",2491.2457,732.2326
2023,8,12,59,"Male","1","43",40,72.11525,1,2884.61,"2","1","2","4",17313.9636,4371.5892
2023,1,54,43,"Female","1","43",24,17.7083333333333,0,425,"2","1","7","4",4504.6648,1113.3119
2023,8,12,62,"Female","1","42",40,15,0,600,"2","1","4","4",18009.5164,4307.0647
2023,10,54,59,"Male","1","39",40,33.75,0,1350,"2","1","2","4",3378.1213,835.3026
2023,12,11,29,"Male","1","43",40,43.25,1,1730,"2","1","2","4",1802.1774,448.1341
2023,6,37,32,"Female","4","43",40,15,0,600,"2","1","2","4",13534.3563,3260.6982
2023,5,12,38,"Male","2","39",40,25,0,1000,"2","1","2","4",17722.2781,4788.4009
2023,12,37,29,"Female","2","39",40,19.25,0,770,"2","1","2","4",21580.6963,5020.1819
2023,3,11,49,"Female","4","43",30,76.923,1,2307.69,"2","1","7","4",1499.6455,363.4369
2023,5,37,32,"Male","1","33",40,15,0,600,"2","1","2","4",17006.3448,4307.4974
2023,12,37,32,"Female","1","44",40,40.75,1,1630,"2","1","2","4",17354.5063,4492.5123
2023,4,12,55,"Female","1","41",40,17.5,0,700,"2","1","2","4",19212.7747,4760.4788
2023,10,12,57,"Male","2","39",40,38.45,0,1538,"2","1","2","3",25240.0232,6069.8583
2023,12,37,35,"Male","2","44",40,25,0,1000,"2","1","2","4",21560.3629,5560.6256
2023,5,12,31,"Female","2","43",40,26.45,0,1058,"2","1","2","4",22515.6626,5830.6422
2023,5,24,42,"Female","2","39",40,9,0,360,"2","1","2","4",37085.5852,8291.9383
2023,12,37,62,"Female","1","39",40,24.05,0,962,"2","1","2","4",11492.9436,2900.4479
2023,3,13,61,"Male","1","37",40,15,0,600,"2","1","2","4",16742.6516,4279.4179
2023,6,54,52,"Female","1","40",40,14.4,0,576,"1","2","5","3",3607.6352,927.5088
2023,3,11,57,"Female","2","43",40,72.11525,1,2884.61,"2","1","2","4",2462.4746,672.3407
2023,5,13,37,"Male","1","39",40,12.75,0,510,"2","1","2","4",17825.6171,4422.8542
2023,1,54,50,"Female","1","43",38,31.6294736842105,0,1201.92,"2","1","2","2",3174.3952,791.9857
2023,3,24,26,"Male","2","39",40,25,0,1000,"2","1","2","4",24852.2434,6762.904
2023,4,24,36,"Female","1","43",40,72.11525,1,2884.61,"2","1","2","4",15907.3674,3975.3498
2023,2,54,48,"Female","7","44",40,28,0,1120,"2","1","2","3",3700.9087,887.7243
2023,11,12,31,"Male","1","41",40,23,0,920,"2","1","2","3",21683.7215,5261.1572
2023,6,51,41,"Female","1","39",40,19.3,0,772,"2","1","2","3",16235.0122,4066.1134
2023,6,13,40,"Female","1","40",60,16.8333333333333,0,1010,"2","1","2","4",16113.1509,3982.4195
2023,2,12,54,"Female","1","44",50,57.6922,1,2884.61,"2","1","2","4",18812.3899,4540.7566
2023,5,54,52,"Female","1","40",37,13.78,0,509.86,"2","1","3","4",3039.1399,738.6468
2023,10,54,27,"Female","1","39",24,12.8333333333333,0,308,"2","1","7","4",3617.1003,900.3549
2023,4,51,47,"Male","1","40",50,57.6922,1,2884.61,"2","1","2","4",17292.9697,4326.3194
2023,9,51,51,"Male","1","44",50,57.6922,1,2884.61,"2","1","2","4",16816.1057,4154.8034
2023,11,51,60,"Male","1","39",40,40,1,1600,"2","2","5","2",18099.8656,4083.5004
2023,5,45,49,"Female","1","43",40,38.5,0,1540,"2","1","2","2",9042.6975,2304.2331
2023,12,12,49,"Male","3","42",40,28,0,1120,"2","1","2","3",25042.5923,6356.1356
2023,10,37,26,"Male","1","43",45,34.8888888888889,0,1570,"2","1","2","4",20695.069,5252.9251
2023,3,24,32,"Male","4","43",40,42.3075,1,1692.3,"2","1","2","2",19674.275,5013.6422
2023,2,51,39,"Male","4","43",40,43.269,1,1730.76,"2","1","2","3",14457.2832,3666.466
2023,4,24,46,"Male","1","43",40,20.35,0,814,"2","1","2","4",17918.3521,4426.0138
2023,4,24,37,"Female","2","43",40,17.5,0,700,"2","1","2","3",13714.5695,3657.694
2023,8,12,56,"Male","1","39",40,17,0,680,"2","1","2","4",14877.471,3737.7913
2023,9,12,61,"Male","1","39",45,16.2666666666667,0,732,"2","1","2","4",17916.9621,4339.3777
2023,4,12,49,"Female","4","43",40,40,1,1600,"2","1","2","4",20553.5065,5279.8653
2023,4,11,54,"Female","1","44",40,62.5,1,2500,"2","1","2","4",1462.9497,384.8037
2023,5,13,57,"Female","1","40",40,18.5,0,740,"1","1","2","4",17938.5114,4259.6892
2023,7,51,59,"Female","2","42",45,40.4444444444444,1,1820,"2","1","2","4",18844.1989,4589.2148
2023,10,12,33,"Female","2","42",40,20.5,0,820,"2","1","2","4",27067.2001,6585.6757
2023,6,12,44,"Male","1","41",40,50,1,2000,"2","1","2","4",16123.9135,4082.5601
2023,10,13,33,"Male","1","43",40,57.69225,1,2307.69,"2","1","2","4",17660.7501,4506.3521
2023,12,10,51,"Male","1","41",40,33.65375,0,1346.15,"2","1","2","4",3312.6942,851.5009
2023,6,45,38,"Female","1","43",60,12.1666666666667,0,730,"2","1","4","4",11111.065,2942.6193
2023,4,13,37,"Male","1","43",40,28.825,0,1153,"2","1","2","4",14842.293,3820.8717
2023,3,13,37,"Male","1","36",50,15.3846,0,769.23,"2","1","2","4",16698.1707,4037.0464
2023,1,11,46,"Female","1","44",40,72.11525,1,2884.61,"2","1","2","1",1149.0089,286.969
2023,8,54,35,"Male","1","40",40,25.5,0,1020,"2","1","4","4",4009.5159,1021.9005
2023,9,45,45,"Male","1","39",22,21.8181818181818,0,480,"2","1","7","4",11222.2201,2822.4813
2023,8,45,30,"Male","1","43",40,60.075,1,2403,"2","1","2","4",11011.6558,2790.0679
2023,3,24,63,"Female","1","40",50,40.3846,1,2019.23,"2","1","2","4",20006.733,5240.5932
2023,7,51,30,"Male","2","40",40,18,0,720,"2","1","2","4",42358.0282,10484.5875
2023,5,37,41,"Male","2","46",40,72.11525,1,2884.61,"2","1","2","4",12231.6427,3381.6696
2023,10,12,53,"Male","1","39",40,15,0,600,"2","1","2","4",21328.672,5286.3303
2023,8,11,30,"Female","1","45",45,49.1451111111111,1,2211.53,"2","1","2","4",1602.842,403.2211
2023,7,12,56,"Female","1","43",40,48.07675,1,1923.07,"2","1","2","4",18947.2341,4861.1841
2023,6,54,48,"Female","1","42",50,57.6,1,2880,"2","1","2","4",3543.7838,927.0788
2023,3,11,37,"Female","1","46",40,72.11525,1,2884.61,"2","1","2","1",1558.2683,389.8376
2023,2,10,58,"Female","1","39",40,52.8845,1,2115.38,"2","1","4","4",2973.6801,751.5727
2023,8,51,54,"Male","1","46",40,96,1,3840,"1","1","2","1",16655.4076,4032.9963
2023,5,37,59,"Male","1","39",40,17.3,0,692,"2","1","2","4",18559.7844,4535.6567
2023,3,10,47,"Male","1","39",40,26,0,1040,"2","1","3","4",3129.3007,811.6138
2023,7,13,45,"Male","1","39",40,26.425,0,1057,"2","1","2","3",16600.1555,4132.0416
2023,8,10,44,"Female","4","39",40,16.85,0,674,"2","1","2","2",4745.7101,1199.927
2023,11,13,53,"Male","5","43",40,11.55,0,462,"2","1","2","4",14680.7382,3704.4356
2023,4,13,53,"Female","2","39",40,20,0,800,"2","1","2","4",20402.585,4961.0993
2023,8,37,56,"Female","4","43",40,40,1,1600,"2","1","2","4",17561.7742,4332.1517
2023,8,11,25,"Male","1","44",46,43.4782608695652,1,2000,"2","1","2","4",1615.5765,403.7959
2023,4,13,35,"Male","4","43",40,33.325,0,1333,"2","1","2","4",17471.1684,4554.6949
2023,5,54,45,"Male","1","39",40,15.375,0,615,"2","1","2","1",3065.0235,754.1906
2023,5,51,35,"Male","1","44",40,72.11525,1,2884.61,"2","1","2","4",19477.0697,4780.635
2023,9,45,43,"Female","1","43",40,38.45,0,1538,"2","1","2","4",9619.7631,2408.3159
2023,1,11,47,"Female","1","45",40,72.11525,1,2884.61,"2","1","2","1",1162.0601,290.2285
2023,6,12,58,"Male","1","43",40,23,0,920,"2","1","2","3",21928.25,5552.2301
2023,3,13,42,"Male","2","43",40,31,0,1240,"2","1","2","4",35866.5734,9369.5612
2023,2,12,62,"Female","1","40",20,35.55,0,711,"2","1","7","4",19001.8338,5050.532
2023,9,37,55,"Female","1","46",40,61.5,1,2460,"2","1","2","2",14149.5196,3544.5711
2023,4,45,52,"Female","1","44",40,72.11525,1,2884.61,"2","1","2","1",9755.2375,2628.5284
2023,10,13,45,"Male","1","32",40,15,0,600,"2","1","2","4",17229.6312,4344.2832
2023,12,12,40,"Male","1","33",35,16,0,560,"2","1","2","4",20517.2594,4961.9329
2023,5,13,58,"Female","1","43",40,49,1,1960,"2","1","2","4",17328.8258,4143.5919
2023,4,11,38,"Male","1","45",40,32.69225,0,1307.69,"2","1","2","4",1422.5413,373.8189
2023,10,45,56,"Female","2","39",40,19.25,0,770,"2","1","2","4",11629.3588,2802.6656
2023,8,54,45,"Female","1","43",40,30,0,1200,"1","1","2","3",2913.424,718.1712
2023,6,12,40,"Male","1","39",40,37.5,0,1500,"2","1","2","4",16560.3734,4193.0713
2023,1,51,50,"Male","4","44",40,72.11525,1,2884.61,"2","1","2","4",14307.4734,3509.6283
2023,10,11,33,"Male","1","44",40,74.5,1,2980,"2","1","2","4",1227.2389,313.0895
2023,1,12,38,"Female","1","39",40,25.5,0,1020,"2","1","2","4",19238.1352,4591.5943
2023,5,11,45,"Female","2","45",28,44.6428571428571,1,1250,"2","1","7","4",2647.7669,640.6427
2023,8,37,34,"Female","1","40",40,16,0,640,"2","1","2","4",16502.5499,4159.4392
2023,10,12,30,"Male","2","39",40,25,0,1000,"2","1","2","4",24540.4028,6412.2188
2023,5,13,28,"Female","1","43",40,31.73075,0,1269.23,"2","1","2","4",18897.6418,4688.3423
2023,11,51,52,"Female","6","39",40,17,0,680,"2","1","4","3",18251.1107,4721.8808
2023,6,37,35,"Female","1","39",40,21.25,0,850,"2","1","2","4",15336.4952,3926.4828
2023,11,12,30,"Male","1","41",36,16,0,576,"2","1","2","4",20305.627,4926.7879
2023,7,54,62,"Female","1","42",40,21,0,840,"2","1","2","4",2966.064,725.4876
2023,4,45,54,"Female","1","43",40,23.07675,0,923.07,"2","1","2","4",9755.2375,2628.5284
2023,8,54,49,"Male","1","42",40,17.3075,0,692.3,"2","1","2","4",3263.53,810.4399
2023,10,24,34,"Male","1","32",36,15,0,540,"2","1","2","4",19724.7684,5054.6718
2023,5,12,38,"Male","1","42",40,33.65,0,1346,"2","1","2","4",19058.9758,4741.2343
2023,5,10,46,"Female","1","43",40,60.096,1,2403.84,"2","1","2","4",2651.2363,670.2331
2023,11,12,30,"Male","1","39",45,25,0,1125,"2","1","2","4",21457.1926,5206.1941
2023,8,12,62,"Female","1","40",50,22.28,0,1114,"2","1","2","4",18895.255,4562.4672
2023,8,45,32,"Female","2","35",40,24,0,960,"2","1","2","1",17483.2057,4705.7041
2023,2,24,56,"Male","1","46",50,55.5,1,2775,"2","1","2","4",18578.4654,4465.9763
2023,6,37,43,"Female","4","43",40,12,0,480,"2","1","2","3",15813.0075,4050.6776
2023,10,13,34,"Female","2","40",40,26,0,1040,"2","1","2","4",18664.6785,4647.5586
2023,9,24,30,"Male","1","46",42,43.4980952380952,1,1826.92,"2","1","2","4",22129.4488,5470.2087
2023,4,12,33,"Male","5","39",40,21,0,840,"2","1","2","4",32628.305,8243.3456
2023,9,12,50,"Female","1","39",40,24,0,960,"2","1","2","4",16158.2212,4048.7713
2023,6,12,31,"Male","1","44",40,62.5,1,2500,"2","1","2","4",18209.5274,4636.5004
2023,11,12,44,"Male","1","43",55,10.4727272727273,0,576,"2","1","2","4",19662.9277,4867.5101
2023,11,13,53,"Female","1","43",40,25,0,1000,"2","1","2","4",25495.5579,6782.4871
2023,8,11,42,"Female","1","43",50,57.6922,1,2884.61,"2","1","2","4",1395.1131,344.7682
2023,2,12,44,"Female","2","40",40,13.5,0,540,"2","1","2","4",28032.5252,6984.386
2023,8,12,63,"Male","1","43",45,34.2222222222222,0,1540,"2","1","2","4",15700.7034,3954.9608
2023,1,12,34,"Female","1","43",40,14.423,0,576.92,"2","1","2","4",18906.8777,4561.5292
2023,9,51,60,"Male","1","44",40,72.11525,1,2884.61,"2","1","2","4",16594.6398,4001.1587
2023,2,12,55,"Female","1","43",40,31.725,0,1269,"2","1","2","4",19646.3341,4850.4476
2023,2,12,25,"Female","1","39",40,20.25,0,810,"2","1","2","4",17505.8816,4341.8533
2023,1,10,31,"Female","1","39",40,13,0,520,"2","1","2","4",4749.4664,1164.1642
2023,9,45,39,"Male","1","39",40,15,0,600,"2","1","4","4",10043.0997,2500.302
2023,9,10,44,"Male","1","43",40,12,0,480,"1","1","2","4",4248.5289,1052.2374
2023,5,54,58,"Female","1","44",40,20,0,800,"2","1","2","4",2895.1455,683.0983
2023,7,12,55,"Female","1","41",40,14.423,0,576.92,"1","1","2","4",17171.0614,4405.4816
2023,5,12,39,"Male","2","39",25,10,0,250,"2","1","7","4",21417.389,5824.1039
2023,5,12,50,"Male","1","43",40,21.65,0,866,"2","1","2","4",28251.0565,7030.044
2023,11,37,33,"Male","3","39",40,20,0,800,"2","1","2","4",25624.7487,6089.2679
2023,11,12,45,"Female","1","43",40,72.11525,1,2884.61,"2","1","2","4",15561.8273,3976.7121
2023,2,13,30,"Male","2","43",40,15,0,600,"2","1","2","1",32793.1386,7668.342
2023,3,51,54,"Female","2","43",40,21.6345,0,865.38,"2","1","2","4",28922.7053,7603.6558
2023,5,12,50,"Female","1","43",40,57.675,1,2307,"2","1","2","4",16628.2713,4077.986
2023,8,12,29,"Male","1","40",42,25.1830952380952,0,1057.69,"1","1","2","2",14701.5759,3765.362
2023,4,37,35,"Female","2","43",40,48.075,1,1923,"2","1","2","4",17188.5068,4578.046
2023,2,54,30,"Female","1","39",40,17,0,680,"2","1","2","4",3692.8998,920.6138
2023,10,54,45,"Female","1","40",40,15.4,0,616,"2","1","2","2",2813.5584,688.8356
2023,7,12,41,"Female","1","39",40,15,0,600,"2","1","2","4",16293.5614,3896.0539
2023,7,24,38,"Female","1","44",40,18.75,0,750,"1","1","2","2",27732.4246,6664.962
2023,12,12,62,"Male","1","44",40,26.375,0,1055,"2","1","4","4",19306.047,4868.2347
2023,10,12,37,"Male","1","43",40,21.6345,0,865.38,"2","1","2","4",14711.3442,3618.6996
2023,12,11,30,"Female","1","43",40,48,1,1920,"2","1","2","4",1672.6802,437.17
2023,4,12,37,"Female","1","41",40,13.175,0,527,"2","1","2","4",20230.1982,5054.0926
2023,1,10,35,"Male","1","40",40,43.269,1,1730.76,"2","1","2","4",4791.653,1165.7537
2023,12,37,49,"Male","1","39",50,33.4,0,1670,"2","1","2","4",14227.8659,3634.8548
2023,12,37,26,"Male","1","38",40,17.5,0,700,"1","1","2","4",20003.5406,4926.7089
2023,7,51,45,"Female","4","44",32,51.875,1,1660,"2","1","7","4",13420.5771,3451.0008
2023,9,45,28,"Male","1","42",40,10,0,400,"2","1","2","4",11918.4473,2965.8053
2023,1,24,30,"Female","1","39",40,20,0,800,"2","1","2","4",20079.4065,5056.8184
2023,2,24,40,"Male","1","42",40,48.07675,1,1923.07,"2","1","2","4",20546.2681,5177.5169
2023,3,54,50,"Female","1","39",40,15,0,600,"1","1","2","3",3120.5147,747.0613
2023,6,37,57,"Male","2","41",36,18,0,648,"2","1","2","3",16728.7508,4371.1098
2023,4,45,46,"Female","1","39",40,24,0,960,"2","1","2","2",12674.7973,3475.8391
2023,2,12,45,"Female","1","42",40,72.11525,1,2884.61,"2","1","2","4",21960.3106,5393.0891
2023,1,13,54,"Male","1","33",40,19,0,760,"2","1","2","4",23730.648,6000.4806
2023,3,13,44,"Male","1","42",60,32,0,1920,"2","1","2","4",14445.6692,3505.9745
2023,9,51,49,"Female","1","46",40,34.57425,0,1382.97,"2","1","2","4",19691.4424,4869.2006
2023,4,13,64,"Female","2","39",40,20,0,800,"2","1","2","4",15200.3148,3400.1658
2023,9,37,58,"Male","1","43",50,57.6922,1,2884.61,"2","1","2","4",16579.8351,4315.2396
2023,4,45,47,"Female","1","40",25,7.692,0,192.3,"2","1","7","4",10919.2286,2994.4054
2023,4,12,40,"Female","1","41",40,40.75,1,1630,"2","1","2","4",21182.5019,5323.4188
2023,10,45,49,"Female","7","43",48,34.054375,0,1634.61,"2","1","2","4",15148.4545,3640.5619
2023,6,54,34,"Male","1","41",55,16.7830909090909,0,923.07,"2","1","2","3",2711.9543,680.4832
2023,11,11,63,"Male","2","39",40,20,0,800,"2","1","2","4",2355.3561,579.5623
2023,8,12,42,"Female","1","39",40,12.5,0,500,"2","1","2","4",13989.4198,3542.6311
2023,10,37,50,"Female","2","40",40,17.361,0,694.44,"2","1","2","4",23364.6551,5658.3834
2023,2,37,39,"Male","2","39",40,66.346,1,2653.84,"2","1","2","4",24171.41,6008.6224
2023,10,37,25,"Male","1","39",40,23.1,0,924,"2","1","2","4",18754.6561,4760.3999
2023,9,37,43,"Male","2","43",40,16.825,0,673,"2","1","2","4",17802.2528,4436.2285
2023,8,51,52,"Male","1","39",35,25.0285714285714,0,876,"2","1","2","4",16780.9677,4043.2692
2023,1,11,36,"Male","1","44",40,43.269,1,1730.76,"1","1","2","1",1739.0049,423.7666
2023,10,12,39,"Female","1","44",40,19.7,0,788,"2","1","2","1",17615.0805,4513.4456
2023,10,45,46,"Female","1","43",40,49.519,1,1980.76,"2","1","2","4",12815.8235,3112.8719
2023,2,12,41,"Female","1","46",40,28.846,0,1153.84,"2","1","2","4",15535.2064,3937.2922
2023,11,51,45,"Male","1","46",40,58,1,2320,"2","1","2","1",18955.1602,4707.4751
2023,9,37,44,"Female","1","39",40,18,0,720,"2","1","2","4",13652.3827,3403.1747
2023,2,12,25,"Female","2","41",40,22,0,880,"2","1","2","4",26386.758,6254.0188
2023,7,45,47,"Male","1","39",40,26.125,0,1045,"2","1","2","4",11140.6102,2841.9899
2023,11,45,52,"Female","1","44",50,28.0768,0,1403.84,"2","1","2","3",10836.3235,2845.8757
2023,2,51,58,"Female","2","43",40,39.90375,0,1596.15,"2","1","4","1",21317.4992,5600.4434
2023,1,24,57,"Female","1","42",40,20.19225,0,807.69,"2","1","2","4",22037.5384,5462.8289
2023,4,45,49,"Male","1","39",40,72.11525,1,2884.61,"2","1","2","1",11613.2907,2994.4527
2023,12,12,44,"Male","1","43",40,48.07675,1,1923.07,"2","1","2","4",22650.537,5477.8488
2023,12,51,41,"Male","1","43",40,33.75,0,1350,"1","1","2","4",18032.8467,4396.3023
2023,9,54,43,"Female","1","44",40,31.25,0,1250,"2","1","2","4",3570.0257,898.2911
2023,9,54,51,"Female","1","44",40,27.9,0,1116,"2","1","2","4",3680.5496,923.4767
2023,6,12,50,"Female","2","44",40,38.75,0,1550,"2","1","2","4",20791.3137,5408.6759
2023,3,12,39,"Male","1","40",40,55.275,1,2211,"2","1","2","4",18438.9938,4428.0251
2023,12,12,48,"Male","1","43",40,25,0,1000,"2","1","2","4",18269.8782,4629.6871
2023,2,45,51,"Male","1","40",40,31.25,0,1250,"2","1","2","4",11836.5038,3089.5288
2023,6,13,37,"Male","2","42",40,35.5,0,1420,"2","1","2","4",22820.6314,4932.1071
2023,4,51,29,"Female","1","39",40,13.95,0,558,"2","1","2","4",15028.494,3828.0132
2023,12,51,58,"Male","1","44",40,72.11525,1,2884.61,"2","1","2","2",21500.658,5582.3834
2023,4,13,58,"Male","4","39",60,10,0,600,"2","1","2","4",19330.6638,4943.2294
2023,3,11,27,"Male","1","44",40,60.57675,1,2423.07,"2","1","2","4",2057.1488,519.1928
2023,8,12,56,"Female","1","44",40,26.44225,0,1057.69,"2","1","2","3",15887.2048,4026.6098
2023,11,45,53,"Female","2","42",24,17,0,408,"2","1","7","4",9692.937,2391.8313
2023,8,11,35,"Male","1","44",40,88,1,3520,"2","1","2","1",1730.6009,422.587
2023,5,45,57,"Male","1","45",40,48.07675,1,1923.07,"2","1","2","1",9837.768,2488.9988
2023,10,54,59,"Female","1","43",40,30.275,0,1211,"2","1","2","4",2896.611,776.7519
2023,5,12,37,"Female","1","43",40,16.2,0,648,"2","1","2","4",15937.4862,4027.7551
2023,5,37,40,"Female","1","40",50,38.84,0,1942,"2","1","2","4",13328.962,3297.5571
2023,11,54,53,"Female","1","39",60,38.45,0,2307,"2","1","2","4",3340.7498,873.167
2023,4,45,35,"Male","1","42",45,35.5555555555556,0,1600,"2","1","2","4",8686.5737,2323.4629
2023,8,37,38,"Male","1","39",40,50.5,1,2020,"2","1","2","4",14691.9438,3642.0211
2023,9,54,57,"Female","1","43",40,37,0,1480,"2","1","4","4",3179.3597,803.9548
2023,10,54,46,"Female","2","40",40,25,0,1000,"2","1","2","4",4378.1187,1059.2464
2023,3,10,52,"Male","1","44",55,52.4474545454545,1,2884.61,"2","1","2","4",2980.1305,780.5173
2023,5,11,38,"Male","2","40",40,72.11525,1,2884.61,"2","1","2","2",3331.5765,898.8539
2023,7,54,46,"Female","1","44",40,12.5,0,500,"2","1","2","4",3368.1638,880.0201
2023,2,13,60,"Female","1","42",60,16.0255,0,961.53,"2","1","2","4",22031.0314,5928.7623
2023,4,54,45,"Female","1","42",50,29,0,1450,"2","1","2","4",3241.2669,852.544
2023,5,45,26,"Male","1","39",40,15,0,600,"2","1","2","4",10099.0931,2605.3973
2023,1,54,40,"Female","1","39",40,24.025,0,961,"2","1","4","4",4440.4729,1097.4471
2023,9,10,61,"Male","1","42",40,18.75,0,750,"2","1","2","2",3024.6754,730.6878
2023,8,45,25,"Female","2","43",24,18,0,432,"2","1","7","4",19013.4598,5041.7295
2023,3,24,32,"Male","2","44",40,15.3845,0,615.38,"2","1","2","4",20983.6672,5556.4967
2023,2,45,46,"Female","1","43",40,21.6345,0,865.38,"2","1","2","1",10763.6365,2695.4993
2023,10,12,28,"Female","1","43",40,40,1,1600,"2","1","2","4",25851.6705,6332.0572
2023,6,12,38,"Female","2","39",50,9.6,0,480,"2","1","2","4",28221.7982,6482.6963
2023,1,45,30,"Female","1","39",32,20.1875,0,646,"2","1","7","1",15853.9425,3987.0446
2023,9,10,44,"Female","1","44",48,45.8333333333333,1,2200,"2","1","2","4",3283.7495,814.5925
2023,6,37,33,"Male","2","41",40,17.5,0,700,"2","1","2","4",24233.0257,5161.5081
2023,11,37,47,"Male","1","43",40,26.45,0,1058,"2","1","2","4",17695.739,4356.7644
2023,2,54,47,"Female","1","39",40,22.11525,0,884.61,"2","1","2","3",3483.0654,853.3956
2023,10,45,56,"Female","2","39",40,11.25,0,450,"2","1","2","2",10100.0253,2434.0975
2023,5,51,38,"Female","1","44",40,62.5,1,2500,"2","1","2","4",14536.3978,3597.5602
2023,10,37,28,"Male","1","39",42,16.0714285714286,0,675,"2","1","2","4",19503.5783,4950.495
2023,1,11,25,"Female","4","43",40,36.53825,0,1461.53,"2","1","2","4",1804.3952,446.8096
2023,1,13,53,"Male","1","43",40,57.69225,1,2307.69,"2","1","2","4",21969.1625,5437.4625
2023,4,12,37,"Male","3","34",40,62,1,2480,"2","1","2","4",35644.4958,9323.4059
2023,6,51,52,"Female","1","43",40,50,1,2000,"2","1","2","4",18939.5313,4797.2844
2023,6,12,60,"Female","1","40",40,17,0,680,"2","1","2","4",16936.0943,4174.6167
2023,11,51,42,"Female","1","44",21,85.2380952380952,1,1790,"2","1","7","3",18367.9903,4538.221
2023,8,10,25,"Male","1","40",50,20.42,0,1021,"2","1","2","4",3701.2126,927.4515
2023,1,11,52,"Female","2","43",40,20.475,0,819,"2","1","2","3",1687.4919,426.6258
2023,3,37,28,"Female","1","43",40,24.05,0,962,"2","1","2","4",15762.1041,3961.8796
2023,1,54,31,"Female","1","44",40,42,1,1680,"2","1","2","4",4724.704,1176.4266
2023,2,13,32,"Male","2","39",30,32.9333333333333,0,988,"2","1","7","4",33054.1785,7729.3835
2023,6,12,53,"Female","1","43",40,24.025,0,961,"2","1","2","4",18929.9667,4814.4572
2023,4,12,49,"Male","1","39",40,19,0,760,"1","1","2","4",19822.8224,4919.3731
2023,7,37,28,"Female","1","46",80,18.75,0,1500,"2","1","2","4",16296.0636,4039.2558
2023,7,37,35,"Male","1","43",40,91.5,1,3660,"2","1","2","4",14238.8016,3532.4662
2023,5,51,60,"Female","4","44",40,23.55,0,942,"2","1","2","4",17401.0241,4399.799
2023,9,24,34,"Female","1","39",6,60.3333333333333,1,362,"2","1","7","4",12799.7562,3161.2772
2023,1,45,35,"Female","1","39",40,12,0,480,"2","2","5","4",13756.4902,3377.0109
2023,8,12,55,"Female","2","39",40,12,0,480,"1","1","2","1",20020.1725,5868.6732
2023,6,12,43,"Female","1","45",40,57.6865,1,2307.46,"2","1","2","4",13192.3363,3371.3254
2023,12,10,41,"Male","1","39",50,32,0,1600,"1","1","2","1",3968.4174,966.9475
2023,6,54,55,"Female","1","41",6,12.5,0,75,"2","1","7","4",3951.8086,1002.8878
2023,8,51,25,"Male","1","40",40,12.75,0,510,"2","1","2","4",17689.593,4422.4655
2023,5,12,52,"Male","1","40",40,72.11525,1,2884.61,"2","1","2","4",19475.2376,4819.0218
2023,9,51,25,"Male","1","40",35,20,0,700,"2","1","2","4",21281.9468,5237.4576
2023,8,54,44,"Female","1","39",40,25.95,0,1038,"2","1","2","4",3195.1373,813.3771
2023,10,11,46,"Female","2","39",40,18.8,0,752,"2","1","2","4",1910.6941,465.4516
2023,1,12,26,"Male","1","39",40,10,0,400,"2","1","2","4",20881.0152,5083.8215
2023,5,37,52,"Female","1","39",24,14,0,336,"2","1","7","4",17720.9681,4312.9177
2023,3,37,42,"Female","2","40",40,12.1,0,484,"2","1","2","4",17930.0977,4626.7101
2023,5,51,43,"Female","1","44",15,99,1,1485,"2","1","7","4",13325.4009,3277.6403
2023,3,54,34,"Female","1","44",20,36.538,0,730.76,"2","1","7","4",4216.1562,1053.5036
2023,11,24,25,"Male","1","39",40,20,0,800,"2","1","2","4",17650.0301,4303.9078
2023,12,12,47,"Female","1","44",40,17,0,680,"2","1","2","4",17520.8846,4083.3619
2023,11,37,59,"Male","4","32",40,22,0,880,"2","1","2","4",15658.8082,3856.383
2023,12,54,47,"Female","1","46",40,96,1,3840,"2","1","2","4",3487.9983,837.229
2023,6,45,63,"Male","2","37",40,10,0,400,"2","1","2","4",16069.2441,4035.1611
2023,12,24,50,"Male","1","44",40,101,1,4040,"2","1","2","4",21543.0325,5483.3186
2023,3,51,50,"Male","1","39",40,32,0,1280,"2","2","5","4",20561.9706,5232.5589
2023,2,24,49,"Male","2","44",40,67.3075,1,2692.3,"2","1","2","4",21110.3573,5365.5058
2023,6,13,63,"Female","1","43",48,19.25,0,924,"1","2","5","3",15817.569,3831.8765
2023,7,13,47,"Female","1","46",40,45,1,1800,"2","1","2","4",17384.0101,4461.0399
2023,1,12,53,"Male","1","41",40,50,1,2000,"1","1","2","4",27090.3207,6637.964
2023,11,12,29,"Female","1","42",45,55.5555555555556,1,2500,"2","1","2","4",21102.5764,5319.9283
2023,9,24,26,"Male","2","44",40,37.5,0,1500,"2","1","2","4",30998.6984,7330.0601
2023,5,12,43,"Male","2","43",40,22.45,0,898,"2","1","2","4",14190.6329,3953.3299
2023,4,45,30,"Female","2","40",40,17.65,0,706,"2","1","2","1",16806.4026,4521.1282
2023,5,12,59,"Male","1","39",40,13,0,520,"2","1","2","4",18447.2722,4542.7026
2023,9,54,62,"Female","1","40",40,18.55,0,742,"2","1","2","4",3528.0436,917.1156
2023,4,37,31,"Female","1","40",37,18.9189189189189,0,700,"2","1","4","4",17810.7063,4436.7539
2023,7,12,32,"Male","1","40",40,19.25,0,770,"2","1","2","4",17370.1798,4393.1506
2023,9,51,61,"Male","4","43",44,62.9318181818182,1,2769,"1","1","2","1",18090.3396,4403.8296
2023,9,51,44,"Male","4","44",40,77,1,3080,"2","1","4","1",17502.4122,4342.6434
2023,11,12,47,"Male","1","43",60,9.6,0,576,"2","1","2","4",19483.5471,4834.6823
2023,7,45,47,"Female","1","42",40,21,0,840,"2","1","2","4",12797.4448,3365.6614
2023,8,13,48,"Female","1","43",25,22.1536,0,553.84,"2","1","7","4",17201.0884,4166.2273
2023,10,13,29,"Male","2","39",55,16.3636363636364,0,900,"2","1","2","4",24721.0068,6512.5891
2023,9,13,33,"Female","2","40",40,28.5,0,1140,"2","2","5","4",26090.0682,6186.7381
2023,5,12,53,"Female","1","44",40,72.11525,1,2884.61,"2","1","2","2",16595.1479,4098.2278
2023,1,51,30,"Male","1","40",40,72.11525,1,2884.61,"2","1","2","4",19237.5877,4769.064
2023,5,54,59,"Female","1","40",40,16.85,0,674,"2","1","4","4",2915.2327,687.8378
2023,3,11,42,"Male","1","44",45,64.1024444444444,1,2884.61,"2","1","2","4",1710.6327,415.3228
2023,10,12,37,"Female","4","44",40,39.9,0,1596,"2","1","2","4",22159.46,5568.6235
2023,9,11,43,"Female","2","44",50,57.6922,1,2884.61,"2","1","2","2",3163.4102,860.9343
2023,11,12,55,"Female","1","44",40,72.11525,1,2884.61,"2","1","2","3",17643.8274,4490.9978
2023,7,45,49,"Male","1","43",24,63,1,1512,"2","1","4","4",11140.6102,2841.9899
2023,9,12,43,"Female","1","39",40,19,0,760,"2","1","2","4",16844.5396,4300.6039
2023,10,12,52,"Female","1","39",40,14.4,0,576,"2","1","2","4",25213.8086,5995.0665
2023,2,10,37,"Male","6","39",40,13,0,520,"2","1","2","4",8115.1233,2108.4429
2023,8,37,45,"Male","1","38",40,25,0,1000,"2","1","2","4",18638.4662,4479.5359
2023,9,12,41,"Male","1","43",40,21.6345,0,865.38,"1","1","2","4",17487.0849,4374.8588
2023,7,37,52,"Male","1","44",40,91.5,1,3660,"2","1","2","2",16981.7203,4233.2882
2023,12,54,43,"Male","1","40",40,15.85,0,634,"2","1","2","4",4818.858,1182.2154
2023,10,45,60,"Male","1","39",40,26,0,1040,"2","1","2","4",14355.5131,3589.5675
2023,12,12,61,"Female","4","43",40,72.11525,1,2884.61,"2","1","2","4",14231.6613,3507.0674
2023,12,12,50,"Female","1","39",40,50,1,2000,"2","1","2","4",18108.0147,4321.0276
2023,11,45,32,"Male","1","43",40,62.5,1,2500,"2","1","2","4",12545.8918,3064.3383
2023,4,13,43,"Male","1","43",45,76.8888888888889,1,3460,"2","1","2","4",16869.7375,4349.2308
2023,2,11,64,"Male","1","32",40,13.4615,0,538.46,"2","1","2","4",2022.1666,514.8559
2023,3,12,47,"Male","1","40",55,29.7201818181818,0,1634.61,"2","1","2","3",19362.9358,4771.8956
2023,12,24,32,"Male","2","44",40,25.785,0,1031.4,"2","1","2","2",25438.7148,6260.2486
2023,1,13,35,"Male","1","39",40,22,0,880,"2","1","2","4",20152.7696,5059.7138
2023,4,12,53,"Male","1","44",40,72.11525,1,2884.61,"1","1","2","3",20361.4685,5051.5697
2023,6,24,46,"Female","1","43",40,15.65,0,626,"1","1","4","3",17245.813,4493.9883
2023,2,12,50,"Female","4","44",40,23.07675,0,923.07,"2","1","2","4",18499.6134,4398.1143
2023,11,54,38,"Male","1","40",40,16.25,0,650,"2","1","2","4",5426.6108,1343.7235
2023,12,11,42,"Male","1","46",40,55.28825,1,2211.53,"2","1","2","1",1559.5855,383.3684
2023,11,12,57,"Male","1","40",40,30.72,0,1228.8,"2","1","2","4",15098.1949,3758.4456
2023,4,13,25,"Female","2","44",40,27.40375,0,1096.15,"1","1","2","1",30350.518,7712.486
2023,12,37,51,"Male","1","39",40,36,0,1440,"2","1","2","4",10457.3845,2679.7774
2023,7,12,34,"Female","2","43",40,38.075,0,1523,"2","2","5","3",26765.284,6527.4966
2023,11,12,38,"Male","1","43",60,48.0768333333333,1,2884.61,"2","1","2","4",19873.1257,4880.5962
2023,12,45,26,"Male","2","40",37,26.2702702702703,0,972,"2","1","2","4",17601.8835,4496.3667
2023,8,13,49,"Male","2","46",40,57.5,1,2300,"2","1","2","2",23721.2051,6067.0484
2023,11,24,25,"Female","1","43",40,24.05,0,962,"2","1","2","4",24511.5249,6264.3481
2023,7,45,32,"Male","2","40",40,34,0,1360,"2","1","2","4",22682.8398,5772.5884
2023,10,11,45,"Male","2","39",40,50,1,2000,"1","1","2","4",1355.0987,381.6542
2023,11,12,43,"Female","1","39",40,16.25,0,650,"2","1","2","3",14492.8985,3591.7524
2023,7,54,44,"Male","1","39",40,36,0,1440,"2","2","5","4",3892.0711,978.3823
2023,7,12,46,"Female","1","43",45,20,0,900,"1","1","2","4",19008.0455,4980.7443
2023,1,13,51,"Female","2","39",27,15.5555555555556,0,420,"2","1","7","4",17803.2115,4564.3211
2023,3,24,60,"Female","2","43",40,31.25,0,1250,"2","1","2","2",23854.3272,5723.231
2023,5,13,39,"Female","1","39",40,17.5,0,700,"2","1","2","4",14460.7981,3645.0349
2023,2,37,43,"Female","1","44",40,20.19225,0,807.69,"2","1","2","2",17680.7192,4490.7258
2023,12,51,29,"Female","1","44",19,66.8015789473684,1,1269.23,"2","1","7","3",22374.9749,5863.3992
2023,4,45,39,"Female","1","40",40,29.8,0,1192,"2","1","2","4",11312.121,2950.9955
2023,3,12,29,"Female","1","40",40,26,0,1040,"2","1","2","4",18564.9493,4668.9165
2023,11,11,43,"Male","2","46",65,44.3786153846154,1,2884.61,"1","1","4","3",3011.6654,781.4749
2023,11,12,60,"Male","1","43",60,12.1666666666667,0,730,"2","1","2","4",23393.3636,5236.6747
2023,11,13,44,"Male","1","44",40,96,1,3840,"2","1","2","4",17148.574,4328.7739
2023,10,37,29,"Female","2","40",40,19,0,760,"2","1","2","4",21203.9355,5396.0241
2023,2,24,59,"Female","1","44",35,52,1,1820,"2","1","2","4",21269.651,5377.9039
2023,11,11,33,"Male","2","44",40,62.5,1,2500,"2","1","4","4",3666.3799,980.764
2023,4,51,34,"Female","1","43",40,22.575,0,903,"2","1","2","4",17114.0929,4323.7002
2023,9,51,60,"Male","1","35",40,11.25,0,450,"2","1","3","4",17134.0545,4089.9079
2023,6,24,39,"Male","1","32",60,20,0,1200,"2","1","2","4",18611.5475,4773.0196
2023,1,12,46,"Female","1","38",40,16,0,640,"2","1","2","4",20864.2117,5179.9598
2023,4,12,62,"Female","1","40",40,17,0,680,"2","1","2","4",21624.5036,5135.4417
2023,1,12,35,"Female","1","40",40,21.75,0,870,"2","1","2","3",19952.509,4762.095
2023,12,51,43,"Male","1","36",40,20,0,800,"2","1","2","4",16951.0443,4136.1177
2023,10,37,33,"Male","1","39",40,20,0,800,"2","1","2","4",17662.161,4479.5351
2023,6,24,39,"Female","1","44",40,57.5,1,2300,"2","1","2","1",14104.199,3634.2539
2023,5,54,63,"Male","2","43",40,38.75,0,1550,"2","1","2","4",2666.872,621.2398
2023,10,37,33,"Male","2","43",40,20.175,0,807,"1","1","2","1",23049.8007,6126.5264
2023,4,45,59,"Female","1","42",40,24.05,0,962,"2","1","2","4",9676.2678,2483.6744
2023,4,24,30,"Male","1","43",40,48,1,1920,"2","1","2","4",21751.5237,5357.1442
2023,3,24,53,"Female","1","39",35,9.89,0,346.15,"2","2","5","3",20677.8785,5075.1734
2023,8,13,55,"Female","2","39",40,15,0,600,"2","1","2","4",18027.9066,5219.8299
2023,8,11,32,"Female","1","46",45,40.5777777777778,1,1826,"2","1","2","1",1602.842,403.2211
2023,12,10,41,"Male","1","38",40,16.25,0,650,"2","1","2","4",4310.4394,1049.3828
2023,10,12,53,"Female","1","39",40,9.6,0,384,"2","1","2","4",20397.8106,4849.9707
2023,2,12,45,"Male","1","44",40,72.11525,1,2884.61,"2","1","2","4",21676.3968,5441.0437
2023,5,24,58,"Female","1","43",40,28.85,0,1154,"2","1","2","4",23886.4263,5679.2918
2023,12,24,29,"Male","1","40",40,28.75,0,1150,"1","1","2","2",17408.7974,4249.0369
2023,5,37,25,"Female","1","42",40,18.06,0,722.4,"2","1","2","1",19114.9114,4718.4885
2023,12,12,36,"Female","1","43",36,23.5041666666667,0,846.15,"2","1","2","4",16391.9233,3983.8267
2023,11,37,49,"Male","1","44",40,55.75,1,2230,"2","1","2","4",20609.1414,5074.0562
2023,9,11,31,"Female","1","43",40,72.11525,1,2884.61,"2","1","4","4",1874.4079,464.712
2023,7,13,44,"Male","2","40",55,29.6363636363636,0,1630,"2","1","2","4",29149.1425,7200.5605
2023,11,12,47,"Male","3","35",40,40,1,1600,"2","1","2","3",15608.7893,3862.4704
2023,3,13,57,"Male","2","39",40,59.8,1,2392,"2","1","2","4",21514.392,5682.353
2023,3,12,38,"Male","2","39",60,21,0,1260,"2","1","2","4",26753.4996,6856.8303
2023,5,13,49,"Female","2","43",40,30,0,1200,"2","1","2","4",18334.1736,4430.9343
2023,5,12,55,"Male","1","39",40,25,0,1000,"2","1","2","4",20415.9743,5027.5021
2023,2,54,63,"Female","1","39",35,22.8571428571429,0,800,"2","1","2","3",2734.8949,733.4121
2023,7,51,39,"Male","1","43",40,81.5,1,3260,"2","1","2","4",16268.4384,4010.7586
2023,10,37,27,"Male","2","39",24,13,0,312,"2","1","7","4",23347.37,6113.6226
2023,2,51,29,"Female","4","43",40,40.86525,1,1634.61,"2","1","2","4",17677.2357,4505.9771
2023,5,12,40,"Female","1","43",30,13.3333333333333,0,400,"2","1","7","3",13995.1302,3488.8945
2023,9,51,42,"Male","4","45",40,89,1,3560,"2","1","2","4",17502.4122,4342.6434
2023,8,12,45,"Female","1","43",45,47.1111111111111,1,2120,"2","1","2","4",18155.3586,4451.9771
2023,12,12,57,"Female","1","43",37,31.8378378378378,0,1178,"2","1","2","3",19385.2958,4614.709
2023,1,12,41,"Female","1","45",36,43.5,1,1566,"2","1","2","4",19996.7964,4788.6733
2023,1,13,35,"Female","1","43",40,31.25,0,1250,"2","1","2","4",13407.7267,3302.2609
2023,9,12,58,"Female","1","40",50,50,1,2500,"2","1","2","4",15918.6687,4018.8141
2023,1,45,60,"Female","1","43",37,17,0,629,"2","1","2","4",9389.9091,2359.7451
2023,10,13,48,"Female","4","43",40,32,0,1280,"2","1","2","4",17501.7279,4269.493
2023,8,13,53,"Female","1","39",40,26,0,1040,"2","1","2","4",14825.881,3618.0701
2023,11,12,59,"Female","1","43",40,14.4,0,576,"2","1","2","4",17276.4618,4346.882
2023,12,12,26,"Female","1","39",40,18,0,720,"2","1","2","4",19582.6834,5090.5814
2023,6,13,33,"Male","2","39",40,35,0,1400,"2","1","2","4",26296.0144,5501.9901
2023,10,51,56,"Female","1","43",40,37.5,0,1500,"2","1","2","4",20353.0765,5379.9079
2023,5,51,55,"Male","1","44",40,72.11525,1,2884.61,"2","1","2","1",18053.248,4411.1805
2023,4,37,27,"Female","1","43",36,38.0555555555556,0,1370,"2","1","2","4",20425.3294,5055.807
2023,5,37,31,"Male","1","43",60,26.6666666666667,0,1600,"2","1","2","4",22619.5669,5641.8072
2023,1,13,31,"Female","1","44",40,22.5,0,900,"2","1","2","4",19108.2293,4757.3684
2023,2,54,27,"Male","1","40",40,12,0,480,"2","1","2","4",4071.2431,999.9578
2023,1,45,44,"Male","2","43",42,35.7142857142857,0,1500,"2","1","2","4",15785.3235,3755.9801
2023,3,37,29,"Female","1","40",40,20,0,800,"2","1","2","4",15739.5356,3956.2069
2023,9,54,44,"Male","1","39",40,19.23075,0,769.23,"2","1","2","4",4062.2107,1017.9111
2023,6,13,35,"Female","5","40",40,15,0,600,"2","1","2","4",22997.9288,5787.1247
2023,9,45,56,"Female","1","44",40,33.65,0,1346,"2","1","2","2",10542.0529,2652.2867
2023,8,11,34,"Male","1","42",40,34.75,0,1390,"2","1","2","4",1526.8276,379.5747
2023,3,12,51,"Male","1","39",50,12,0,600,"2","1","2","4",18949.2891,4715.8263
2023,11,37,26,"Female","8","43",40,25,0,1000,"2","1","2","4",15148.3235,3794.3033
2023,1,10,33,"Female","1","41",40,17.5,0,700,"2","1","2","4",4749.4664,1164.1642
2023,2,11,28,"Male","1","43",50,32.6922,0,1634.61,"2","1","2","4",2106.356,516.3189
2023,6,13,42,"Female","1","39",32,13.5,0,432,"2","1","7","4",16872.9155,4237.7713
2023,1,54,52,"Male","1","40",40,22.5,0,900,"2","1","2","4",3633.5593,899.4125
2023,3,37,41,"Female","1","41",40,24.61,0,984.4,"2","1","2","1",14549.2596,3719.4726
2023,4,12,55,"Male","1","43",40,33.75,0,1350,"2","1","2","4",20210.1952,5201.1484
2023,1,45,62,"Female","2","36",40,13,0,520,"2","1","2","4",9353.3199,2833.6594
2023,12,12,35,"Female","1","39",40,19,0,760,"2","1","4","3",16253.8909,3950.2799
2023,10,13,49,"Male","1","39",40,30.769,0,1230.76,"2","1","2","4",17229.6312,4344.2832
2023,12,12,31,"Female","1","43",40,30,0,1200,"2","1","2","4",18623.543,4792.8882
2023,6,45,58,"Female","1","44",60,24.6666666666667,0,1480,"2","1","2","4",10449.7958,2715.03
2023,5,51,52,"Female","1","43",55,18.8727272727273,0,1038,"2","1","2","4",17773.7922,4300.796
2023,8,45,32,"Male","1","42",40,38.4615,0,1538.46,"2","1","4","4",11838.2292,3010.5051
2023,12,37,36,"Female","1","40",40,25.475,0,1019,"2","1","2","4",15608.9359,3815.8021
2023,9,54,43,"Male","1","37",35,18,0,630,"2","1","2","4",3961.4665,995.1911
2023,8,51,48,"Male","4","44",40,40.75,1,1630,"2","1","2","4",25210.3101,6140.711
2023,6,12,32,"Male","1","39",30,18,0,540,"2","1","7","4",16949.5999,4207.233
2023,6,12,37,"Female","1","39",40,20,0,800,"2","1","2","4",16857.2614,4383.6708
2023,6,37,34,"Female","1","39",40,33,0,1320,"2","1","2","4",16667.5638,4060.1829
2023,6,12,36,"Male","4","43",40,15.4,0,616,"2","1","2","4",17881.4723,4561.0724
2023,5,12,35,"Female","1","44",40,26.44225,0,1057.69,"2","1","2","4",15615.0854,3916.7471
2023,2,51,49,"Male","2","44",40,51.6345,1,2065.38,"2","1","2","3",25261.9716,6345.0716
2023,10,37,48,"Male","1","34",40,18.75,0,750,"2","1","2","4",14786.7404,3705.8491
2023,9,37,59,"Male","1","39",40,51,1,2040,"2","1","2","4",15214.8533,3959.9753
2023,8,12,29,"Male","1","40",30,15,0,450,"2","1","7","4",14464.5317,3704.6504
2023,3,13,56,"Male","1","44",50,57.6922,1,2884.61,"2","1","2","4",20608.3873,4914.8
2023,9,10,31,"Male","1","39",40,31.25,0,1250,"2","1","2","4",4816.8388,1185.5129
2023,5,11,43,"Female","1","43",40,75,1,3000,"2","1","2","1",1821.4019,453.4037
2023,6,13,38,"Male","1","42",40,15,0,600,"2","1","2","2",20035.491,4978.8697
2023,10,51,53,"Female","1","43",40,38.5,0,1540,"2","1","2","4",19514.9493,4686.8711
2023,4,10,48,"Male","1","46",50,36.6,0,1830,"1","1","2","3",4193.2039,1081.2115
2023,9,54,53,"Male","1","39",40,35.5,0,1420,"2","1","2","4",3515.461,882.7096
2023,9,13,49,"Female","1","34",40,20,0,800,"2","1","2","4",22619.148,5739.7983
2023,2,54,60,"Female","1","40",40,16.3,0,652,"2","1","2","4",3019.9296,809.8494
2023,2,12,40,"Female","1","43",40,72,1,2880,"2","1","2","1",17065.3371,4293.5873
2023,1,10,41,"Female","2","46",40,28.846,0,1153.84,"2","1","2","2",5663.485,1464.4841
2023,2,24,53,"Male","1","43",40,65.86525,1,2634.61,"2","1","2","1",16828.4818,4362.2328
2023,3,51,55,"Female","2","42",40,12.019,0,480.76,"2","1","2","4",24592.4365,6817.4789
2023,4,13,44,"Female","1","43",24,14.5833333333333,0,350,"2","2","10","3",20173.8316,5085.4705
2023,3,12,39,"Male","1","39",40,28.04,0,1121.6,"2","1","2","4",17537.9986,4211.6559
2023,3,12,53,"Female","2","39",40,14.423,0,576.92,"2","1","2","4",22140.8656,5692.3766
2023,2,11,25,"Male","1","43",45,49.1451111111111,1,2211.53,"2","1","2","4",2092.1662,512.8406
2023,12,12,26,"Male","2","40",40,20,0,800,"2","1","2","3",31710.3643,7815.6603
2023,5,54,45,"Female","1","44",40,31.25,0,1250,"1","1","4","3",2887.0839,709.6257
2023,4,12,48,"Female","1","43",40,30,0,1200,"2","1","2","4",21952.8216,5776.3545
2023,6,37,42,"Male","4","43",40,27.5,0,1100,"2","1","2","4",15141.1122,3863.9276
2023,12,51,38,"Female","1","43",40,30,0,1200,"2","1","2","2",21263.8356,5209.5936
2023,2,54,42,"Female","1","39",40,15.5,0,620,"2","1","2","4",3899.0467,989.7596
2023,4,51,30,"Male","1","37",40,22.05,0,882,"2","1","2","4",19376.4876,4939.3087
2023,8,12,62,"Female","1","40",40,34.4875,0,1379.5,"2","1","2","4",18895.255,4562.4672
2023,4,24,42,"Female","2","46",40,33.65,0,1346,"1","1","2","4",13588.8593,3443.3472
2023,5,11,59,"Male","2","40",40,40,1,1600,"2","1","2","4",3233.9188,775.7258
2023,10,13,39,"Female","2","42",40,66,1,2640,"2","1","2","4",22424.5821,5628.3253
2023,6,13,60,"Male","1","42",40,46.25,1,1850,"2","1","2","3",19755.8299,5039.5187
2023,2,12,55,"Female","1","39",55,18.1818181818182,0,1000,"2","1","2","4",17592.0037,4343.2577
2023,11,12,56,"Male","1","40",40,28,0,1120,"2","1","2","4",15134.1049,3767.3848
2023,7,37,49,"Female","1","34",40,16.15,0,646,"2","1","2","4",17869.855,4599.7534
2023,7,24,35,"Female","2","43",40,48.07675,1,1923.07,"2","1","2","4",23467.1316,6134.7129
2023,3,11,29,"Female","1","45",40,32.69225,0,1307.69,"2","1","2","3",1705.9918,432.0949
2023,5,12,46,"Female","2","43",30,27,0,810,"2","1","7","4",22496.168,5488.9929
2023,3,54,58,"Male","1","39",40,36.87,0,1474.8,"2","1","2","4",3227.1252,758.5242
2023,9,37,35,"Female","1","40",20,15,0,300,"2","1","7","4",16733.371,4188.7952
2023,2,11,46,"Female","2","43",24,52.0833333333333,1,1250,"2","1","7","1",3000.3215,730.504
2023,5,12,55,"Female","1","44",40,49,1,1960,"1","1","2","3",16096.3379,3832.2374
2023,12,13,34,"Male","1","42",40,17,0,680,"2","1","4","4",28918.0976,7401.0533
2023,7,12,38,"Male","1","42",40,34,0,1360,"1","1","2","3",23888.3748,5895.7863
2023,12,12,31,"Female","1","44",40,36.05,0,1442,"2","1","2","4",15429.5524,3994.9391
2023,5,24,28,"Male","1","40",45,21.5,0,967.5,"2","1","2","4",22323.618,5597.9357
2023,3,51,26,"Female","1","43",42,36.63,0,1538.46,"2","1","2","4",16733.554,4303.2348
2023,1,37,59,"Female","1","39",48,35.3133333333333,0,1695.04,"2","1","2","4",17228.9879,4204.7461
2023,10,37,51,"Female","1","43",40,39,0,1560,"2","1","2","3",14628.6646,3567.7234
2023,2,12,28,"Male","1","39",40,26.44225,0,1057.69,"2","1","2","4",20501.2356,4990.7845
2023,1,37,40,"Male","1","43",50,23.0768,0,1153.84,"2","1","2","4",18327.443,4518.0586
2023,3,12,63,"Male","2","35",70,11.4285714285714,0,800,"2","1","2","4",23870.4493,5633.9528
2023,12,13,62,"Male","1","43",40,57.5,1,2300,"2","1","2","4",25875.6514,6747.6246
2023,8,12,48,"Male","1","44",40,77,1,3080,"2","1","2","4",19151.0892,4730.9732
2023,7,37,31,"Female","2","43",40,31.9,0,1276,"2","1","2","4",14350.4432,3512.432
2023,12,51,42,"Female","1","39",40,15,0,600,"2","1","2","4",20265.5761,5006.077
2023,2,12,41,"Male","1","39",50,21.1538,0,1057.69,"2","1","2","1",15653.4835,3851.6533
2023,10,51,64,"Female","1","39",40,20,0,800,"2","1","2","4",17537.4307,4288.2799
2023,9,12,32,"Female","1","42",40,24.35,0,974,"2","1","2","4",21278.7061,5298.9708
2023,7,13,35,"Female","1","43",40,72.11525,1,2884.61,"2","1","2","4",18719.5662,4536.5856
2023,12,51,29,"Female","2","44",40,31.25,0,1250,"2","1","2","3",25722.815,5996.8363
2023,9,54,26,"Female","1","40",20,18.8,0,376,"2","1","6","4",5275.6196,1318.9548
2023,7,54,52,"Female","1","39",40,16,0,640,"2","1","2","4",2959.7582,767.2942
2023,7,10,62,"Male","1","39",40,33.75,0,1350,"2","1","2","4",2999.6271,762.3178
2023,3,51,54,"Female","1","44",40,34.61525,0,1384.61,"2","1","2","2",18783.0772,4634.1226
2023,8,37,26,"Female","1","44",40,28.36525,0,1134.61,"2","1","2","4",16740.5087,4200.8722
2023,6,51,35,"Male","1","39",35,24.2857142857143,0,850,"2","1","2","4",20739.4187,5222.611
2023,10,37,48,"Male","2","43",30,23.0766666666667,0,692.3,"2","1","6","4",14705.8776,4117.558
2023,4,24,26,"Male","1","43",45,66.6666666666667,1,3000,"2","1","2","4",23064.7583,5721.1482
2023,10,37,44,"Male","1","39",40,25,0,1000,"2","1","2","4",18651.7163,4684.6838
2023,11,24,50,"Male","1","40",30,19,0,570,"2","1","6","2",26501.88,6728.3959
2023,12,13,39,"Female","1","45",40,60,1,2400,"2","1","2","2",29318.0967,7368.6474
2023,4,13,51,"Male","1","39",40,24,0,960,"2","1","2","4",17568.0312,4371.895
2023,5,37,47,"Male","1","33",40,18.75,0,750,"2","1","2","4",15624.4649,3849.9057
2023,1,37,51,"Female","1","42",40,34.61525,0,1384.61,"2","1","2","4",17081.6583,4243.7338
2023,6,12,36,"Male","1","39",40,37.5,0,1500,"2","1","2","4",20563.3158,5199.4271
2023,7,11,44,"Male","4","45",60,56,1,3360,"2","1","2","1",2205.7054,537.8152
2023,5,37,42,"Male","1","39",40,20,0,800,"2","1","2","4",15049.2329,3728.824
2023,10,37,46,"Female","1","35",12,35.3333333333333,0,424,"2","1","7","4",14928.9343,3658.575
2023,9,45,40,"Female","1","40",40,25.06,0,1002.4,"2","1","2","3",9619.7631,2408.3159
2023,6,37,61,"Male","1","36",45,23.5111111111111,0,1058,"2","1","2","4",20594.0074,5347.7825
2023,5,10,49,"Female","2","40",40,33.173,0,1326.92,"2","1","2","4",3269.885,807.5981
2023,9,12,38,"Female","1","43",20,14,0,280,"2","1","7","3",18995.7109,4792.1502
2023,12,24,51,"Female","4","46",40,86.5,1,3460,"2","1","2","4",19981.0645,4668.7512
2023,3,51,60,"Male","1","36",40,16,0,640,"2","1","3","4",18641.4844,4839.5331
2023,10,12,55,"Male","1","43",40,41.25,1,1650,"2","1","2","4",21249.7691,5170.4204
2023,2,12,63,"Male","1","43",40,12,0,480,"2","1","2","3",14630.1158,3641.9246
2023,2,45,38,"Female","1","42",48,60.0960416666667,1,2884.61,"2","1","2","4",9208.8026,2360.9922
2023,3,10,35,"Male","1","39",40,33.65375,0,1346.15,"2","1","2","4",3115.7646,787.4444
2023,9,24,49,"Male","2","46",45,70.6666666666667,1,3180,"2","1","2","4",44067.479,10896.1056
2023,7,13,60,"Female","2","40",24,10,0,240,"2","1","7","4",16717.8703,4606.3196
2023,3,51,45,"Male","1","44",40,48.07675,1,1923.07,"2","1","2","4",19627.4486,4946.1592
2023,2,54,31,"Female","1","40",40,12.1,0,484,"2","1","2","4",3785.8477,943.7851
2023,7,12,54,"Female","1","40",16,15.97,0,255.52,"2","1","7","4",18290.9827,4654.6716
2023,10,54,60,"Female","1","40",40,19.225,0,769,"2","1","2","4",2342.1629,585.8576
2023,9,37,34,"Male","1","33",35,11.4285714285714,0,400,"2","1","2","4",17586.2589,4369.1115
2023,8,45,44,"Female","1","39",40,22,0,880,"2","1","2","4",10143.0986,2554.7198
2023,6,37,63,"Female","2","40",40,20.3985,0,815.94,"2","1","2","2",10631.2083,3219.6001
2023,2,37,43,"Male","2","40",40,35,0,1400,"2","1","2","4",20179.4671,5067.1503
2023,12,37,32,"Female","1","43",40,16.5,0,660,"2","1","2","4",15919.4021,4121.0109
2023,10,12,39,"Female","1","43",45,60,1,2700,"2","1","2","4",17125.9719,4388.1231
2023,5,45,27,"Male","2","43",40,21.5,0,860,"2","1","2","4",21688.8691,5770.0281
2023,10,54,60,"Female","1","40",43,25.5767441860465,0,1099.8,"2","1","2","4",2430.0963,607.8529
2023,9,11,44,"Male","1","44",40,31.25,0,1250,"2","1","4","4",1665.1157,415.7839
2023,10,45,53,"Male","1","42",40,63.5,1,2540,"2","1","2","1",12113.088,3066.06
2023,5,37,55,"Female","1","41",40,38.5,0,1540,"2","1","2","4",16881.349,3988.5732
2023,7,10,36,"Female","3","43",40,24.03825,0,961.53,"2","1","2","4",5852.6886,1397.9173
2023,10,13,44,"Female","1","37",40,22.5,0,900,"2","1","2","4",13398.209,3468.4602
2023,5,54,47,"Female","1","43",25,30,0,750,"2","1","7","4",2875.1949,706.7035
2023,4,12,38,"Female","1","39",40,40.5,1,1620,"2","1","2","4",20230.1982,5054.0926
2023,11,37,58,"Female","1","40",32,9.4375,0,302,"2","1","7","4",15775.1283,3983.9914
2023,9,37,55,"Female","1","39",40,67.3,1,2692,"2","1","2","4",13891.1876,3479.8568
2023,1,51,27,"Male","4","43",40,30,0,1200,"2","2","5","4",21093.9285,5312.0497
2023,3,12,47,"Male","1","39",40,72.11525,1,2884.61,"2","1","2","4",19479.8314,4800.7039
2023,2,54,37,"Female","1","43",40,14.423,0,576.92,"2","1","2","3",4115.8518,1024.9071
2023,5,51,32,"Female","2","40",40,27.14,0,1085.6,"1","2","5","1",21594.2423,5517.4669
2023,12,51,30,"Female","2","45",30,15.93,0,477.9,"2","1","7","3",28885.439,6495.3153
2023,11,51,26,"Female","1","39",40,19,0,760,"2","1","2","4",21265.0066,5365.3304
2023,11,13,41,"Male","2","43",40,20,0,800,"2","1","2","4",26762.522,7046.9152
2023,4,12,63,"Female","1","39",40,26.45,0,1058,"2","1","2","4",16281.3745,3866.5419
2023,1,12,43,"Male","1","43",40,60.096,1,2403.84,"2","1","2","4",16412.7593,3937.0438
2023,8,54,52,"Female","1","40",40,28,0,1120,"2","1","2","4",2850.6132,707.998
2023,10,11,29,"Male","1","43",40,45.673,1,1826.92,"2","1","2","4",1388.4439,354.4974
2023,11,54,29,"Male","1","39",40,42.75,1,1710,"2","1","2","4",4834.1552,1171.2795
2023,4,12,44,"Male","1","39",40,38.5,0,1540,"2","1","2","4",29655.0384,7670.919
2023,9,11,35,"Male","1","45",40,50,1,2000,"2","1","2","4",1741.3874,433.1013
2023,9,54,50,"Male","1","39",40,18.25,0,730,"2","1","2","4",3496.7331,878.0071
2023,12,24,33,"Female","2","43",40,52.8845,1,2115.38,"2","1","2","4",26675.3123,5931.3396
2023,10,12,53,"Female","1","40",40,17,0,680,"2","1","2","4",20628.8379,4945.848
2023,9,12,29,"Male","1","43",40,25,0,1000,"2","1","2","4",20659.6432,5158.7166
2023,3,12,33,"Female","1","43",40,35.075,0,1403,"1","1","2","3",18018.9923,4512.9022
2023,12,12,29,"Male","2","42",40,14.4,0,576,"2","1","4","4",31710.3643,7815.6603
2023,11,37,37,"Female","1","41",40,28,0,1120,"2","1","2","3",14417.0862,3468.3348
2023,12,51,54,"Female","1","46",40,43.25,1,1730,"2","1","2","4",18734.5688,4506.6271
2023,5,45,28,"Male","1","40",40,21.5,0,860,"2","1","2","4",10099.0931,2605.3973
2023,5,37,44,"Male","2","36",40,31.25,0,1250,"2","1","2","4",13315.6983,3681.3774
2023,2,24,34,"Female","1","43",50,57.6922,1,2884.61,"2","1","2","4",21316.227,5393.9491
2023,12,13,38,"Female","2","42",40,16.35,0,654,"2","1","2","3",18414.2089,4755.1766
2023,6,24,48,"Female","1","40",40,20.85,0,834,"2","1","2","4",17245.813,4493.9883
2023,3,12,56,"Male","2","39",55,18.1818181818182,0,1000,"2","1","2","4",20307.5234,5327.6306
2023,1,37,62,"Male","2","41",37,14.75,0,545.75,"2","1","2","4",14997.9386,3320.8887
2023,7,12,51,"Female","1","43",40,84,1,3360,"2","1","2","4",15524.8571,3950.7506
2023,5,12,58,"Male","1","39",40,23.075,0,923,"2","1","2","4",17406.668,4286.4503
2023,9,24,51,"Male","1","43",40,34.61525,0,1384.61,"2","1","2","4",21144.4668,5257.0978
2023,10,51,61,"Female","1","40",40,23,0,920,"2","1","2","4",15780.3803,3890.8552
2023,12,37,56,"Female","1","40",40,21.625,0,865,"2","1","2","4",14276.8134,3418.5757
2023,9,45,35,"Male","1","39",40,41,1,1640,"2","1","2","4",11669.4062,2912.5712
2023,9,51,46,"Male","1","40",40,27,0,1080,"2","1","2","1",14015.6361,3486.192
2023,1,13,59,"Female","1","40",40,15,0,600,"2","1","2","4",17324.1231,4245.4686
2023,3,37,34,"Female","2","43",40,43.25,1,1730,"2","1","2","4",25436.7515,6626.4621
2023,9,54,50,"Female","1","44",40,27.875,0,1115,"2","1","2","1",3775.789,947.373
2023,8,12,25,"Female","1","39",30,12,0,360,"2","1","6","4",16943.5307,4348.6254
2023,12,37,39,"Female","1","40",35,20.8571428571429,0,730,"2","1","2","4",16077.5138,3930.3519
2023,1,37,36,"Female","1","40",32,12.1875,0,390,"2","1","7","4",12932.8032,3172.156
2023,12,12,64,"Female","1","43",40,33.65375,0,1346.15,"2","1","2","4",14513.2065,3641.289
2023,10,37,59,"Female","1","40",32,30,0,960,"2","1","7","4",14439.8151,3875.9424
2023,9,54,48,"Male","1","45",45,41.5811111111111,1,1871.15,"2","1","2","2",3417.6335,863.9219
2023,1,54,41,"Female","1","42",40,15,0,600,"2","1","2","4",4504.6648,1113.3119
2023,12,51,54,"Male","1","45",40,72.11525,1,2884.61,"2","1","2","1",18461.4067,4752.0327
2023,8,54,33,"Female","1","44",40,48,1,1920,"2","1","4","4",3670.8854,951.2793
2023,10,12,61,"Female","1","43",40,48.075,1,1923,"2","1","2","4",20846.1912,5131.0322
2023,8,37,49,"Male","1","44",40,27.69225,0,1107.69,"2","1","2","4",20044.3699,4841.4133
2023,6,54,60,"Female","1","45",40,17.3,0,692,"2","1","2","4",3506.0338,873.6096
2023,8,12,52,"Male","1","40",40,25,0,1000,"2","1","2","4",14799.9211,3671.3703
2023,10,54,36,"Male","1","39",45,28.4444444444444,0,1280,"2","1","2","4",3346.043,833.6076
2023,11,54,41,"Female","1","39",40,43.269,1,1730.76,"2","1","4","4",4242.3946,1049.2561
2023,7,12,29,"Male","1","43",40,74.5,1,2980,"2","1","2","4",18530.5424,4621.4015
2023,10,54,51,"Male","1","39",40,30,0,1200,"2","1","2","4",2899.1751,739.6821
2023,4,13,46,"Male","1","40",40,24,0,960,"2","1","2","4",17233.7496,4276.7725
2023,7,37,25,"Male","1","39",40,25,0,1000,"2","1","2","4",15254.6282,3818.1677
2023,2,13,28,"Female","2","40",40,21,0,840,"2","1","2","4",40658.2575,9756.8473
2023,6,45,35,"Female","1","41",40,8.75,0,350,"2","1","2","4",10907.2342,2888.6374
2023,9,12,58,"Male","1","41",40,30,0,1200,"2","1","2","4",17582.7928,4565.803
2023,11,12,36,"Female","1","39",40,16,0,640,"2","1","2","4",16591.0376,4022.7367
2023,5,24,64,"Female","1","45",40,24.025,0,961,"2","1","2","4",23084.0894,5939.8552
2023,9,45,32,"Male","1","43",40,23.07675,0,923.07,"2","1","2","4",11256.0552,2795.819
2023,12,12,42,"Male","1","39",40,30,0,1200,"2","1","2","4",18496.0144,4476.9564
2023,9,12,39,"Male","1","43",48,29.7916666666667,0,1430,"2","1","2","4",19041.7209,4769.028
2023,9,12,51,"Female","1","44",40,33.75,0,1350,"2","1","2","2",16741.222,4193.7219
2023,11,11,38,"Male","2","39",40,48.5,1,1940,"2","1","2","4",3526.465,933.2691
2023,12,12,59,"Male","4","40",40,38.4615,0,1538.46,"2","1","2","4",14426.8307,3737.4513
2023,9,12,42,"Female","1","42",50,24.2,0,1210,"2","1","2","4",16686.6386,4191.9281
2023,7,13,53,"Female","4","42",30,11.6666666666667,0,350,"2","1","7","4",17599.5712,4540.174
2023,4,11,28,"Male","1","43",40,33.4615,0,1338.46,"2","1","2","1",1754.9634,443.5931
2023,5,13,28,"Female","1","43",40,16.82675,0,673.07,"2","1","2","3",20557.4098,5100.1164
2023,6,12,34,"Female","1","43",40,42.70825,1,1708.33,"2","1","2","4",16570.6854,4034.6553
2023,2,12,43,"Male","1","39",40,16,0,640,"2","1","2","4",15736.6815,3872.1248
2023,2,51,64,"Male","1","43",40,72.11525,1,2884.61,"2","1","2","4",16507.098,4158.7279
2023,8,12,44,"Female","1","39",40,53,1,2120,"2","1","2","4",15179.7373,3903.5863
2023,3,11,29,"Female","1","45",40,63.4615,1,2538.46,"2","1","2","1",1717.5625,435.0256
2023,2,45,34,"Female","1","41",16,55.25,1,884,"2","1","7","4",9758.7092,2486.5305
2023,5,11,28,"Male","1","43",40,65,1,2600,"2","1","2","3",1951.634,489.3419
2023,8,37,44,"Male","2","35",40,28.825,0,1153,"2","1","2","4",15249.1102,3666.538
2023,9,13,53,"Female","2","39",40,22.596,0,903.84,"2","1","2","3",20772.0606,5318.9573
2023,6,37,26,"Male","1","43",40,45.75,1,1830,"2","1","4","4",18252.449,4526.4919
2023,9,54,52,"Male","1","37",40,50,1,2000,"2","1","2","4",3529.9975,886.3596
2023,8,13,53,"Male","1","39",30,22.6,0,678,"2","1","7","4",14735.9484,3610.6535
2023,7,54,40,"Female","1","43",55,17.3425454545455,0,953.84,"1","2","5","2",3718.4692,896.9461
2023,8,12,58,"Female","1","44",40,9.6,0,384,"1","2","5","4",18590.3971,4757.1667
2023,2,12,46,"Male","1","36",40,21.15375,0,846.15,"2","1","2","4",18195.7939,4567.3693
2023,11,10,59,"Male","1","43",37,57.1724324324324,1,2115.38,"2","1","2","2",3066.4549,779.3137
2023,2,45,30,"Male","1","44",40,20.19225,0,807.69,"2","1","2","3",13338.0578,3342.2856
2023,7,10,37,"Male","1","33",40,15,0,600,"2","1","2","4",4148.9565,1014.9201
2023,5,12,51,"Male","1","43",40,28.4,0,1136,"2","1","2","3",18822.1069,4657.4088
2023,5,10,46,"Male","1","39",40,38.45,0,1538,"2","1","2","4",2711.2315,686.1538
2023,12,10,58,"Female","2","44",40,33.75,0,1350,"2","1","2","4",3301.9654,919.0808
2023,7,24,27,"Male","2","39",40,21.75,0,870,"2","1","2","4",30868.0228,7875.1225
2023,7,12,41,"Male","1","43",40,60.075,1,2403,"2","1","2","4",15917.2284,3927.7297
2023,7,54,48,"Male","1","46",40,79.5,1,3180,"2","1","2","2",3359.3724,851.381
2023,9,54,40,"Female","1","42",40,17.5,0,700,"2","1","2","4",3479.9764,875.6329
2023,12,12,61,"Male","1","42",40,48.075,1,1923,"2","1","2","4",19306.047,4868.2347
2023,8,54,52,"Female","1","42",40,31.25,0,1250,"2","1","2","4",2924.3769,726.3185
2023,12,12,38,"Female","1","44",40,18.75,0,750,"2","1","2","4",18518.9382,4500.7678
2023,12,54,36,"Female","1","43",40,36,0,1440,"2","1","2","4",4462.3734,1099.219
2023,11,13,51,"Male","1","39",40,20,0,800,"2","1","2","4",17726.8566,4526.99
2023,2,45,58,"Female","1","43",40,62.5,1,2500,"2","1","2","4",10392.1711,2645.8417
2023,4,12,32,"Male","1","39",40,37.5,0,1500,"2","1","2","4",24950.4534,6289.6657
2023,1,51,63,"Male","1","40",40,34.6,0,1384,"2","1","2","4",16707.2118,4125.1509
2023,2,13,41,"Male","2","43",40,12.5,0,500,"2","1","2","1",17895.1544,4506.7759
2023,6,11,40,"Male","1","44",40,77,1,3080,"2","1","2","1",1699.6913,428.1072
2023,3,12,49,"Male","1","39",8,15,0,120,"2","1","7","4",19924.7217,4910.3448
2023,7,37,25,"Male","1","43",40,31.25,0,1250,"2","1","2","4",15584.5135,3900.7366
2023,5,54,60,"Female","1","39",18,15.3333333333333,0,276,"1","1","7","3",2814.3382,718.6364
2023,1,51,40,"Female","1","41",40,31.25,0,1250,"2","1","2","4",22435.4285,5504.6441
2023,8,12,36,"Male","1","39",40,19.75,0,790,"2","1","2","4",17031.9253,4261.7841
2023,6,54,59,"Male","1","39",40,72.11525,1,2884.61,"2","1","2","4",3833.8266,981.2821
2023,6,12,47,"Male","2","39",40,49,1,1960,"2","1","2","4",26633.5712,6723.2995
2023,12,45,52,"Male","4","43",40,15,0,600,"2","1","2","4",10572.6663,2781.2276
2023,4,54,53,"Male","1","39",40,32,0,1280,"2","1","2","2",3909.3159,969.5195
2023,5,37,52,"Male","1","39",40,26.7,0,1068,"2","1","2","4",14715.7958,3613.6408
2023,5,51,30,"Male","1","39",40,35.5,0,1420,"1","1","2","4",20710.3993,5135.7921
2023,9,51,41,"Female","1","43",40,27.40375,0,1096.15,"2","1","2","3",12462.9039,3085.7058
2023,8,37,38,"Male","1","39",75,18.5,0,1387.5,"2","1","2","4",17139.6543,4193.2668
2023,11,11,26,"Female","2","40",40,20.65,0,826,"2","1","2","4",3381.4557,947.6415
2023,8,51,53,"Male","1","43",50,43.846,1,2192.3,"2","1","2","4",18039.2428,4368.0828
2023,6,37,47,"Female","4","45",50,19.22,0,961,"2","1","2","4",14791.716,3875.2446
2023,4,45,44,"Female","4","39",40,20.19225,0,807.69,"2","1","2","4",12105.4817,3236.0106
2023,1,54,61,"Female","1","40",58,22.4137931034483,0,1300,"1","1","2","4",2895.1114,720.353
2023,11,13,63,"Male","4","43",30,19,0,570,"2","1","6","4",21579.5426,4917.5648
2023,3,12,50,"Male","1","43",50,28.846,0,1442.3,"2","1","2","4",18745.1698,4665.028
2023,6,54,26,"Female","1","41",40,22,0,880,"2","2","5","4",3322.3211,807.9576
2023,7,24,47,"Female","4","41",8,72.115,1,576.92,"2","1","7","4",16332.0008,4178.1719
2023,11,13,50,"Male","1","43",40,62.5,1,2500,"2","1","2","2",21686.785,5538.2554
2023,2,12,50,"Male","1","39",40,18.75,0,750,"2","1","2","4",19018.4889,4889.6256
2023,8,12,55,"Female","1","43",40,30,0,1200,"2","1","2","2",17006.4081,4310.2717
2023,2,51,37,"Male","2","39",45,25.6408888888889,0,1153.84,"2","1","2","4",42917.3878,10695.5126
2023,5,12,41,"Female","1","39",35,21.4285714285714,0,750,"2","1","2","4",16022.0399,3994.1899
2023,1,37,43,"Male","1","39",40,32.5,0,1300,"2","1","2","4",17420.8773,4294.5731
2023,8,12,54,"Female","1","39",40,37.75,0,1510,"2","1","2","4",16683.7673,4122.0347
2023,8,45,42,"Male","1","45",60,48.0768333333333,1,2884.61,"2","1","2","4",11371.4732,2892.2692
2023,11,37,28,"Female","1","40",60,11.6666666666667,0,700,"2","1","2","4",19562.9454,4893.2793
2023,7,37,42,"Male","1","40",40,96,1,3840,"2","1","2","4",13775.0678,3411.424
2023,1,45,30,"Female","2","40",40,22,0,880,"2","2","5","4",13973.329,3503.5492
2023,7,54,59,"Female","1","39",30,17,0,510,"2","2","10","4",3250.4808,831.5464
2023,4,51,52,"Female","1","42",40,20,0,800,"2","1","4","4",17592.4727,4599.2662
2023,8,12,55,"Female","1","42",40,26.39,0,1055.6,"2","1","2","4",15724.6917,3985.4209
2023,8,12,36,"Male","1","39",40,14.25,0,570,"2","1","2","4",15681.4595,3975.8221
2023,7,10,55,"Female","1","41",40,21.4,0,856,"2","1","2","4",3099.0172,771.3421
2023,9,45,45,"Male","1","42",40,15,0,600,"2","1","2","4",11222.2201,2822.4813
2023,3,13,26,"Female","1","43",50,20,0,1000,"2","1","2","4",18269.3241,4600.3055
2023,4,12,59,"Male","1","39",60,38.3333333333333,0,2300,"2","1","2","4",18900.6772,4864.1404
2023,8,37,51,"Male","1","41",40,25,0,1000,"1","1","2","4",15340.9847,3702.4386
2023,12,54,42,"Male","1","44",40,42,1,1680,"2","1","2","2",4714.1168,1156.5192
2023,9,12,51,"Male","2","40",40,21.6345,0,865.38,"2","1","2","4",21749.6846,5422.3992
2023,9,12,53,"Female","2","40",36,15.5,0,558,"2","1","2","4",24346.4578,6165.5151
2023,11,12,59,"Male","1","43",40,50.555,1,2022.2,"1","1","2","4",15098.1949,3758.4456
2023,5,37,28,"Female","1","43",40,49.5,1,1980,"2","2","5","4",17907.2038,4420.3676
2023,10,37,60,"Female","1","43",40,62.5,1,2500,"2","1","2","4",14105.4907,3502.4848
2023,12,13,49,"Female","1","40",30,6.66666666666667,0,200,"2","1","7","4",21693.9301,5313.0016
2023,11,45,29,"Female","2","42",40,24,0,960,"2","1","2","4",10211.458,2866.826
2023,6,37,34,"Female","1","41",40,18.56,0,742.4,"2","1","2","4",20170.2923,4913.4401
2023,8,12,58,"Female","1","42",40,16,0,640,"2","1","2","4",18895.0558,4835.127
2023,12,12,54,"Female","1","43",40,48,1,1920,"2","1","2","4",19668.4656,4693.3904
2023,2,12,41,"Female","2","43",40,17,0,680,"2","1","2","3",18568.6038,4592.7211
2023,8,13,45,"Female","2","41",40,18.5,0,740,"2","1","2","4",24692.9703,6809.0034
2023,7,51,36,"Female","1","40",40,21.65,0,866,"2","1","2","4",16167.3133,3905.4821
2023,4,45,52,"Male","1","40",40,21.625,0,865,"2","1","2","4",11636.1437,3017.9967
2023,10,12,29,"Male","1","39",40,16.5,0,660,"2","1","2","4",14880.8459,3713.1412
2023,2,24,40,"Male","1","39",40,47,1,1880,"1","1","2","4",20710.8577,5218.9923
2023,5,37,47,"Male","1","40",55,25.0909090909091,0,1380,"2","1","2","4",14182.8475,3494.6877
2023,5,10,53,"Female","2","34",40,10.5,0,420,"2","1","2","2",3787.1998,935.3648
2023,8,37,29,"Male","2","39",40,19.23075,0,769.23,"1","1","2","3",18504.511,4723.901
2023,8,45,33,"Male","1","43",60,56.3333333333333,1,3380,"2","1","2","4",11588.3267,2946.954
2023,7,12,25,"Male","1","39",40,19,0,760,"2","1","2","4",16793.4317,4188.1769
2023,5,10,53,"Male","3","39",40,17.5,0,700,"2","1","2","4",4059.8888,1024.8287
2023,7,37,53,"Male","2","39",40,24.025,0,961,"2","1","2","4",19129.1929,4663.7966
2023,11,51,34,"Male","1","39",40,14.9,0,596,"2","1","2","4",21192.3023,5146.1951
2023,5,12,57,"Female","1","43",50,23.08,0,1154,"2","1","2","4",15966.5171,3801.3295
2023,1,12,40,"Female","2","42",40,22,0,880,"2","1","2","4",18862.3467,4800.8469
2023,6,12,31,"Female","1","39",40,35,0,1400,"2","1","2","4",14036.3932,3482.3604
2023,3,13,36,"Female","2","41",40,33.45,0,1338,"2","1","2","3",15470.1889,4102.5201
2023,7,11,29,"Female","1","43",45,31.5555555555556,0,1420,"2","1","2","4",2375.3586,579.7624
2023,6,12,36,"Female","1","44",40,23.1,0,924,"2","1","2","4",16596.3062,4315.8103
2023,6,12,40,"Female","1","39",36,24.7222222222222,0,890,"2","1","2","4",12644.0099,3179.6765
2023,2,12,49,"Female","1","43",50,57.6922,1,2884.61,"2","1","2","4",19979.979,4851.9682
2023,3,10,34,"Male","1","43",40,52.875,1,2115,"2","2","5","4",3353.6222,874.6346
2023,9,12,29,"Female","1","43",40,43,1,1720,"2","1","2","4",22449.9862,5611.7498
2023,5,11,40,"Male","1","45",45,64.1024444444444,1,2884.61,"2","1","2","1",1595.2698,397.7177
2023,10,24,43,"Male","1","40",40,9.225,0,369,"2","1","2","4",24217.8662,6117.5786
2023,8,12,50,"Male","1","39",40,34.625,0,1385,"2","1","2","4",16126.9261,3980.737
2023,1,13,48,"Male","1","45",40,43.75,1,1750,"2","1","2","3",23579.7213,5767.8595
2023,1,54,38,"Female","1","40",40,15.85,0,634,"2","1","2","2",4227.6131,1041.3467
2023,7,10,53,"Male","1","43",40,25,0,1000,"2","1","2","4",3375.3718,830.9747
2023,2,12,26,"Female","2","39",40,19,0,760,"2","1","2","4",26803.5286,6374.505
2023,8,12,60,"Male","1","39",45,31.1964444444444,0,1403.84,"2","1","2","4",16863.5219,4269.0207
2023,11,45,46,"Male","1","39",40,18.7,0,748,"2","1","2","4",14345.9144,3583.5698
2023,3,10,61,"Female","2","43",40,39.9,0,1596,"2","1","2","4",3654.1074,907.0039
2023,8,37,63,"Female","1","41",30,32.0666666666667,0,962,"2","1","7","4",14593.7625,3412.4741
2023,11,24,56,"Female","1","39",36,19.2222222222222,0,692,"2","1","2","3",26328.0931,6793.6738
2023,2,12,54,"Female","1","43",40,16,0,640,"1","1","2","3",21975.2282,5304.1726
2023,3,54,43,"Male","1","44",40,22,0,880,"2","1","2","2",3622.3502,866.4695
2023,11,51,54,"Female","1","40",40,19.7,0,788,"2","1","4","4",17923.7267,4679.8853
2023,8,12,41,"Female","1","40",40,25.05,0,1002,"2","1","2","4",13989.4198,3542.6311
2023,3,13,53,"Male","2","40",40,60.075,1,2403,"2","1","2","3",20028.5722,5233.1892
2023,3,13,54,"Female","1","39",40,15.5,0,620,"2","1","2","4",18466.495,4485.6226
2023,3,54,44,"Male","1","39",49,33.359387755102,0,1634.61,"2","1","2","4",3622.3502,866.4695
2023,8,12,31,"Male","1","40",45,38.4444444444444,0,1730,"2","1","2","4",15277.9867,3892.081
2023,3,12,30,"Male","2","39",40,18,0,720,"2","1","2","4",23402.956,6092.0259
2023,12,10,41,"Female","1","39",30,25,0,750,"2","1","7","2",3802.146,937.8999
2023,10,11,41,"Male","1","44",35,57.1428571428571,1,2000,"2","1","2","4",1239.9502,313.268
2023,9,37,34,"Male","1","43",45,25.6408888888889,0,1153.84,"2","1","2","3",16670.3745,4122.8251
2023,3,54,47,"Male","1","43",50,57.6922,1,2884.61,"2","1","2","1",3324.8783,813.035
2023,12,37,38,"Male","1","44",40,39.5,0,1580,"2","1","2","2",17353.8594,4233.463
2023,2,13,32,"Female","1","44",40,40.85,1,1634,"2","1","2","3",21688.0478,5425.6552
2023,10,54,61,"Male","1","40",35,28.5714285714286,0,1000,"2","1","2","2",3005.5459,757.5157
2023,5,37,31,"Female","1","39",32,8,0,256,"2","1","6","4",14633.3405,3645.3813
2023,3,10,57,"Female","1","44",37,36.3824324324324,0,1346.15,"2","1","2","2",2977.8711,788.521
2023,9,12,55,"Male","1","43",40,38.5,0,1540,"2","1","2","4",15984.3315,4192.6476
2023,11,37,55,"Male","1","39",40,22,0,880,"2","1","4","4",15801.691,3902.8536
2023,12,45,51,"Male","1","42",20,15,0,300,"2","1","7","4",14054.2512,3719.3647
2023,7,37,52,"Female","2","44",40,36.25,0,1450,"2","1","2","2",15101.9167,3948.7431
2023,3,10,50,"Male","2","43",38,27.8339473684211,0,1057.69,"1","1","2","2",3806.2065,1039.607
2023,7,37,33,"Male","1","39",40,25,0,1000,"2","1","2","4",14333.5758,3589.1161
2023,11,45,25,"Male","2","43",40,30,0,1200,"2","1","2","4",12280.5542,3198.8802
2023,6,24,35,"Male","1","43",40,53,1,2120,"2","1","2","1",16864.1389,4293.6169
2023,3,54,61,"Female","1","39",40,16,0,640,"2","1","2","4",2768.9947,707.4757
2023,6,54,56,"Male","1","43",50,27.68,0,1384,"2","1","2","4",3818.0389,977.2412
2023,3,12,30,"Male","1","39",40,20.175,0,807,"2","1","2","4",19694.2563,4880.5605
2023,10,13,28,"Female","1","41",35,17,0,595,"2","1","2","4",14106.5647,3536.1024
2023,9,54,52,"Female","1","43",50,36.1,0,1805,"1","1","2","3",3740.2084,938.4455
2023,8,12,27,"Female","1","43",40,20,0,800,"2","1","2","4",15782.6375,4050.6775
2023,7,45,34,"Male","1","44",40,42.3075,1,1692.3,"2","1","2","4",12965.3074,3317.0301
2023,3,12,35,"Female","2","39",10,23,0,230,"2","1","7","4",17583.9814,4631.8056
2023,11,54,62,"Male","1","35",40,40.5,1,1620,"2","1","2","4",3675.1585,830.0032
2023,10,12,32,"Female","2","43",40,51,1,2040,"2","1","2","2",28774.3431,7001.0378
2023,7,13,48,"Male","2","40",40,26.25,0,1050,"2","1","2","4",19288.114,4688.1914
2023,9,24,49,"Female","7","40",45,59.8288888888889,1,2692.3,"2","1","2","4",26536.5164,6656.7201
2023,7,11,29,"Male","1","44",40,46.25,1,1850,"2","1","2","4",2571.3768,633.7549
2023,3,12,64,"Female","1","45",40,72.11525,1,2884.61,"2","1","2","4",19258.9182,4984.1579
2023,11,12,43,"Male","2","39",40,39,0,1560,"2","1","2","4",25753.2365,6650.0608
2023,11,37,35,"Male","1","39",40,67.3,1,2692,"2","1","2","4",17917.6296,4365.9897
2023,5,12,29,"Male","1","39",20,15.25,0,305,"1","1","6","4",25562.3475,6518.1816
2023,2,45,34,"Female","2","42",40,22,0,880,"2","2","5","4",18798.7251,4724.0867
2023,3,12,41,"Male","1","40",60,48.0768333333333,1,2884.61,"2","1","2","3",15434.8644,3720.9335
2023,12,51,58,"Male","2","42",40,40.86525,1,1634.61,"2","2","5","4",20276.6439,4988.4004
2023,11,37,42,"Female","1","33",40,13.5,0,540,"2","1","2","4",11519.2044,2832.4945
2023,5,11,41,"Male","2","40",40,45,1,1800,"2","1","2","3",2685.7625,747.1318
2023,5,13,44,"Female","1","43",40,28.85,0,1154,"2","1","2","4",14537.5175,3614.659
2023,12,37,31,"Male","1","43",45,32.9057777777778,0,1480.76,"2","1","2","4",19422.5663,4804.3841
2023,3,54,31,"Male","2","43",20,14,0,280,"2","1","7","4",5069.6935,1309.4427
2023,12,10,30,"Male","2","42",40,56,1,2240,"1","1","2","4",3203.8911,796.235
2023,10,10,38,"Male","1","43",38,31.6294736842105,0,1201.92,"2","1","4","2",3564.9365,889.2406
2023,7,12,45,"Male","1","43",40,35,0,1400,"2","1","2","4",19420.4663,4831.3863
2023,8,37,29,"Female","1","39",40,28.4,0,1136,"2","1","2","4",16470.5893,4133.1385
2023,3,37,29,"Female","2","40",40,7.2,0,288,"2","1","2","4",22729.4244,5898.4138
2023,8,37,58,"Male","1","39",40,19.23075,0,769.23,"2","1","2","4",15397.6828,3782.3703
2023,4,24,59,"Male","2","43",60,32.05,0,1923,"1","1","2","3",28837.8234,5230.3766
2023,12,10,63,"Female","1","39",40,15,0,600,"2","1","2","4",2344.2181,592.0667
2023,1,12,30,"Male","2","39",40,23,0,920,"2","1","2","4",29268.6993,6965.0036
2023,1,12,41,"Female","1","43",40,48.07675,1,1923.07,"1","1","2","3",26668.5043,6301.654
2023,4,11,35,"Female","1","44",50,57.6922,1,2884.61,"2","1","4","1",1476.8812,376.1015
2023,3,13,55,"Male","2","40",50,40.3846,1,2019.23,"2","1","2","4",21514.392,5682.353
2023,3,12,36,"Female","1","40",40,21.625,0,865,"2","1","2","4",14247.9632,3564.2315
2023,1,12,50,"Male","6","42",60,25,0,1500,"2","1","2","4",29323.6282,7172.482
2023,10,45,39,"Female","7","39",36,17.94,0,645.84,"2","1","2","4",21172.2059,5364.2234
2023,11,12,54,"Male","1","39",40,15,0,600,"2","1","2","4",15574.4944,3873.2888
2023,12,37,40,"Male","10","43",40,36,0,1440,"1","1","2","1",28181.2715,6808.7791
2023,12,37,52,"Female","1","44",40,37.5,0,1500,"2","1","2","4",13370.943,3209.3735
2023,6,54,51,"Female","1","36",70,19.1785714285714,0,1342.5,"2","1","2","2",3524.0319,906.0147
2023,4,12,32,"Male","1","40",40,24.03825,0,961.53,"2","1","2","4",26197.5775,6462.4484
2023,6,10,48,"Male","4","44",40,60,1,2400,"2","1","2","4",2449.7394,629.1375
2023,12,12,30,"Female","1","39",40,26.5,0,1060,"2","1","2","4",13555.2146,3509.6453
2023,4,51,33,"Male","3","39",40,18,0,720,"1","1","2","4",19909.8861,5197.9599
2023,9,12,33,"Male","1","41",40,16,0,640,"2","1","2","4",17856.1637,4450.4803
2023,6,51,27,"Female","2","39",40,20,0,800,"2","1","2","4",34481.0415,8155.4794
2023,3,12,57,"Male","1","44",30,20,0,600,"2","2","10","4",18279.9597,4330.2711
2023,7,13,57,"Female","1","43",40,21,0,840,"2","1","2","3",15988.2557,4017.2299
2023,7,37,31,"Female","1","43",40,50.5,1,2020,"1","1","2","2",12180.3474,3026.8382
2023,2,37,63,"Female","1","40",55,20.9789090909091,0,1153.84,"2","1","2","3",14620.8132,3923.0543
2023,12,13,37,"Female","1","45",40,24.05,0,962,"2","1","2","4",29318.0967,7368.6474
2023,4,10,44,"Female","1","43",40,47.575,1,1903,"2","1","2","1",3774.1389,988.5279
2023,2,12,35,"Female","1","43",40,21.6345,0,865.38,"2","1","2","3",13682.1929,3401.6515
2023,5,37,59,"Male","1","43",20,10,0,200,"2","1","4","4",18707.524,4571.7614
2023,3,12,49,"Female","1","42",20,19,0,380,"2","1","7","4",19004.659,4653.0597
2023,1,54,42,"Female","1","43",56,20.5357142857143,0,1150,"2","1","2","3",4428.2825,1094.4343
2023,11,24,28,"Female","1","43",36,29.1666666666667,0,1050,"2","1","2","4",21440.76,5479.5606
2023,4,24,25,"Male","1","43",45,66.6666666666667,1,3000,"2","1","2","4",23064.7583,5721.1482
2023,10,13,39,"Female","1","43",45,20.5126666666667,0,923.07,"2","1","2","2",14150.0286,3664.4235
2023,1,51,62,"Female","4","36",40,9.23075,0,369.23,"2","1","2","4",19120.9401,4853.6441
2023,5,12,27,"Male","2","39",40,16.85,0,674,"2","1","2","4",30574.2448,7916.8206
2023,8,45,35,"Female","1","43",25,22.48,0,562,"2","1","7","4",10487.743,2652.5674
2023,6,54,28,"Female","1","40",40,20,0,800,"2","1","2","4",3422.1168,832.227
2023,8,12,57,"Male","1","43",50,57.6922,1,2884.61,"2","1","2","4",18131.8414,4578.0945
2023,1,13,45,"Female","1","43",40,13.70175,0,548.07,"2","1","2","2",15776.7337,3995.7748
2023,9,37,29,"Female","1","44",40,62.5,1,2500,"2","1","2","4",23646.0715,5856.5985
2023,11,12,64,"Female","1","43",40,25,0,1000,"2","1","2","4",18802.741,4539.3212
2023,1,24,35,"Male","1","39",40,16.5,0,660,"2","1","2","4",24448.4314,6111.2424
2023,11,12,59,"Male","1","46",40,19.225,0,769,"2","1","2","4",17843.1354,4410.8342
2023,8,51,58,"Female","1","39",40,26.923,0,1076.92,"2","2","5","4",16841.2961,4206.6752
2023,1,12,59,"Female","2","43",40,26.425,0,1057,"2","1","2","4",20087.7763,4991.8992
2023,12,54,55,"Male","1","39",50,42.3,1,2115,"2","1","2","4",3479.143,908.2308
2023,1,12,62,"Male","1","45",40,72.11525,1,2884.61,"2","1","2","4",17573.2666,4234.9498
2023,4,12,52,"Female","1","44",40,24.03825,0,961.53,"2","1","2","4",16152.3106,4201.2956
2023,4,12,57,"Female","1","42",40,20,0,800,"2","1","2","4",17906.389,4410.0107
2023,4,11,26,"Male","2","39",35,17.1428571428571,0,600,"2","1","2","4",2767.3006,722.1022
2023,5,37,41,"Male","1","35",40,10,0,400,"2","1","2","4",15049.1861,3752.8583
2023,12,45,59,"Female","1","39",40,19,0,760,"2","1","2","4",13514.1205,3334.2473
2023,8,12,54,"Female","1","44",50,52,1,2600,"2","1","2","4",17514.7997,4327.3568
2023,10,51,42,"Female","1","40",48,22.0416666666667,0,1058,"2","1","2","4",16368.2845,4096.121
2023,6,24,45,"Male","1","44",40,72,1,2880,"2","1","4","1",16342.4209,4231.1969
2023,6,54,52,"Female","1","43",40,34.6,0,1384,"2","1","3","4",3568.0232,917.3247
2023,4,12,60,"Female","4","43",40,33.75,0,1350,"2","1","2","4",27714.2409,6671.2382
2023,3,13,25,"Female","1","43",20,15,0,300,"2","1","6","4",20806.9589,5268.087
2023,1,12,47,"Female","1","41",40,12.5,0,500,"2","1","2","4",24329.0814,6040.1834
2023,6,12,63,"Female","1","39",40,21.6345,0,865.38,"2","1","2","4",18453.6884,4548.6919
2023,3,11,35,"Female","2","45",50,57.6922,1,2884.61,"2","2","5","4",2336.2463,619.7715
2023,6,13,53,"Female","1","44",50,34.6152,0,1730.76,"2","1","2","4",17914.781,4477.9311
2023,11,12,46,"Male","1","42",40,26.923,0,1076.92,"2","1","2","2",18245.2833,4527.4173
2023,5,13,49,"Female","1","39",20,12,0,240,"2","1","7","4",17091.3372,4227.8999
2023,7,13,38,"Female","4","43",40,92.5,1,3700,"2","1","2","4",20558.1102,4956.9189
2023,8,10,36,"Male","1","43",40,48,1,1920,"2","1","2","4",3645.638,904.3121
2023,3,45,56,"Female","2","43",40,25.875,0,1035,"1","1","2","4",11185.4917,3175.9532
2023,4,13,32,"Female","1","44",55,22.3774545454545,0,1230.76,"1","1","2","3",20555.2556,5151.242
2023,7,13,46,"Female","1","43",40,12,0,480,"2","1","2","4",17735.8928,4551.3391
2023,7,11,56,"Female","2","38",40,14.4,0,576,"2","1","2","1",2355.1343,568.3326
2023,7,12,59,"Female","1","43",40,7.2,0,288,"2","1","2","4",21878.3941,5613.2151
2023,7,13,28,"Female","1","44",40,25,0,1000,"2","1","4","4",24155.8169,5969.1568
2023,12,54,55,"Male","1","40",45,55.5555555555556,1,2500,"2","1","2","4",3645.9897,949.6206
2023,10,51,25,"Male","1","39",40,20,0,800,"2","1","2","4",24835.2224,6207.7109
2023,7,51,56,"Female","2","39",40,12,0,480,"2","1","4","4",19849.5228,4834.0459
2023,11,11,31,"Female","2","43",40,33.65375,0,1346.15,"2","1","2","4",4012.2984,1087.4639
2023,10,24,64,"Male","1","39",40,55,1,2200,"2","1","2","4",22625.0458,5740.682
2023,11,24,42,"Male","1","41",40,53,1,2120,"1","1","4","4",14450.0101,3626.2863
2023,11,51,41,"Male","4","43",40,72,1,2880,"2","1","2","4",15303.2713,3782.7641
2023,6,54,45,"Male","1","43",40,31,0,1240,"2","1","2","4",3048.2009,792.3036
2023,5,45,29,"Female","1","41",37,17.98,0,665.26,"2","1","2","3",11603.7921,2965.4554
2023,9,13,57,"Male","1","41",40,24.025,0,961,"2","1","2","4",19876.6131,5271.6868
2023,12,45,60,"Male","1","43",40,30,0,1200,"2","1","2","4",14602.879,3816.4077
2023,10,24,50,"Female","1","42",40,72.11525,1,2884.61,"2","1","4","1",22192.1935,5443.3834
2023,9,24,41,"Female","1","46",40,73.5,1,2940,"2","1","2","4",13219.0566,3293.5176
2023,4,37,37,"Male","4","36",40,17.5,0,700,"2","1","2","4",18398.5808,4767.7864
2023,12,12,48,"Female","2","43",30,16.5,0,495,"2","1","7","4",20849.8709,4680.719
2023,11,54,32,"Male","1","39",40,20,0,800,"2","1","4","4",4513.3886,1097.128
2023,4,12,32,"Female","1","43",45,51.282,1,2307.69,"2","1","2","4",19690.9541,4919.5622
2023,5,51,32,"Female","1","44",40,25.9615,0,1038.46,"2","1","2","2",17092.1521,4233.3214
2023,10,24,44,"Female","1","44",40,31.25,0,1250,"2","1","2","4",29103.1505,7438.1122
2023,6,24,51,"Male","1","44",40,72.11525,1,2884.61,"2","1","2","4",16703.0367,4283.9393
2023,3,54,28,"Male","1","46",20,17.875,0,357.5,"2","1","7","4",3771.7235,949.6598
2023,12,11,40,"Male","1","44",40,78.5,1,3140,"2","1","2","4",1522.6306,374.2844
2023,12,13,55,"Female","2","40",40,28.825,0,1153,"2","1","2","4",18968.8022,5424.0254
2023,8,12,56,"Male","1","39",60,57.6666666666667,1,3460,"2","1","2","4",15913.7263,4018.0443
2023,1,10,62,"Male","1","39",40,20,0,800,"2","1","2","4",4255.7596,1041.9614
2023,1,12,29,"Male","1","39",4,20,0,80,"2","1","7","4",25605.5946,6350.5112
2023,1,51,48,"Female","1","40",40,18.5,0,740,"2","1","2","3",19069.2822,4795.155
2023,5,10,57,"Female","1","41",40,14.423,0,576.92,"2","1","2","4",2677.0856,649.6547
2023,9,45,44,"Female","1","39",45,25.6408888888889,0,1153.84,"2","1","2","4",9619.7631,2408.3159
2023,11,54,44,"Male","1","43",40,23.5575,0,942.3,"2","1","2","4",4115.9062,1020.7779
2023,1,13,46,"Female","1","43",40,27.5,0,1100,"2","1","2","4",15379.8866,3895.2653
2023,4,45,33,"Female","1","43",12,22,0,264,"2","1","7","4",11335.978,2951.7111
2023,11,37,32,"Female","4","44",40,19.225,0,769,"2","1","2","4",14348.2099,3593.8934
2023,11,54,51,"Female","1","39",40,16.5,0,660,"2","1","2","4",3340.7498,873.167
2023,1,51,47,"Female","1","44",40,72.11525,1,2884.61,"2","1","2","1",19221.0775,4833.3254
2023,1,12,39,"Female","1","43",40,15.4,0,616,"2","1","2","4",20120.8708,4738.5822
2023,8,51,41,"Female","1","44",40,25.95,0,1038,"2","1","2","3",14721.8584,3639.0886
2023,9,12,58,"Female","2","44",40,12.975,0,519,"2","1","2","4",19129.2557,4582.2207
2023,11,37,49,"Female","1","40",50,17,0,850,"2","1","2","4",17118.1774,4390.7987
2023,1,10,45,"Female","1","44",40,25,0,1000,"2","1","2","2",3481.3204,868.0625
2023,8,11,55,"Male","1","40",40,32.5,0,1300,"2","1","4","4",1644.9878,405.3191
2023,5,13,39,"Female","1","40",40,17.8,0,712,"2","1","2","4",15299.206,3827.5092
2023,2,24,47,"Male","2","43",40,57.69225,1,2307.69,"2","1","2","1",20942.5928,5322.8661
2023,9,54,29,"Male","1","39",48,29.1666666666667,0,1400,"2","1","2","4",4800.0331,1200.5048
2023,3,12,46,"Female","1","43",40,34.6,0,1384,"1","1","2","4",29568.8968,7276.0879
2023,9,13,54,"Female","2","44",40,65,1,2600,"2","1","2","2",20129.7995,5154.4979
2023,11,24,57,"Male","1","43",50,44.4,1,2220,"2","1","2","4",23190.4115,5852.3049
2023,8,45,36,"Male","1","42",60,48.0768333333333,1,2884.61,"2","1","2","4",11352.4903,2862.7143
2023,2,24,50,"Male","2","39",40,70,1,2800,"2","1","2","1",28939.3966,7355.3706
2023,8,13,58,"Male","2","43",30,104,1,3120,"2","1","7","4",23028.8711,5513.8714
2023,6,11,61,"Male","4","44",48,32.0833333333333,0,1540,"2","1","4","1",1572.1425,408.6011
2023,10,13,43,"Female","1","39",30,25.6333333333333,0,769,"2","1","6","4",13398.209,3468.4602
2023,1,45,62,"Male","2","37",40,18,0,720,"2","1","2","4",12058.3886,2708.1571
2023,10,12,46,"Female","1","39",40,15,0,600,"2","1","2","4",20884.1592,4989.6401
2023,4,37,43,"Male","1","39",23,20,0,460,"2","1","9","4",15889.2711,4071.9575
2023,1,45,28,"Female","1","44",40,20.91325,0,836.53,"2","1","2","4",15326.4419,3883.5893
2023,10,11,61,"Male","2","43",40,39.423,0,1576.92,"2","1","2","3",1753.7779,486.4105
2023,2,12,38,"Female","1","40",40,30,0,1200,"2","1","2","4",15089.7014,3751.5847
2023,1,12,57,"Male","1","39",40,38.35,0,1534,"2","1","2","4",20672.9857,4994.3132
2023,5,45,37,"Female","1","40",40,22.35,0,894,"2","1","2","4",11040.5956,2845.2447
2023,6,37,35,"Male","1","40",40,40.75,1,1630,"2","1","2","4",16162.6159,4088.6648
2023,6,12,37,"Male","1","43",40,22,0,880,"2","1","2","4",22875.816,5826.2693
2023,2,13,35,"Male","2","43",40,17.5,0,700,"2","1","2","4",34148.8938,8513.8497
2023,1,51,30,"Female","1","40",40,72.11525,1,2884.61,"2","1","2","2",26438.979,6535.4487
2023,1,51,62,"Male","1","39",40,28.846,0,1153.84,"2","1","2","4",16612.2463,4101.7031
2023,12,12,43,"Male","2","43",40,24,0,960,"2","1","2","4",20783.3623,5239.0899
2023,3,12,61,"Female","1","40",40,21.5,0,860,"2","1","2","4",18571.482,4806.2512
2023,11,12,39,"Female","1","41",40,12.5875,0,503.5,"2","1","2","4",21549.7816,5245.4014
2023,2,37,55,"Female","1","44",45,59.8288888888889,1,2692.3,"2","1","2","4",18550.2828,4623.4057
2023,11,10,56,"Female","2","43",40,50,1,2000,"2","1","2","4",4137.9181,1039.5509
2023,9,24,32,"Female","1","46",45,33.7606666666667,0,1519.23,"2","1","2","1",16834.6372,4157.81
2023,12,12,63,"Male","1","39",63,19.047619047619,0,1200,"2","1","2","4",20569.9949,5175.1511
2023,4,13,26,"Male","2","34",40,10,0,400,"2","1","2","4",18506.6314,4865.4394
2023,9,13,54,"Female","1","43",24,8.0125,0,192.3,"2","1","7","1",22965.4111,5817.0131
2023,3,12,26,"Male","1","39",40,48.075,1,1923,"2","1","2","4",17493.9035,4439.1639
2023,5,12,60,"Female","1","43",45,14.9777777777778,0,674,"2","1","2","4",15663.8452,4064.0603
2023,3,11,45,"Female","1","44",40,42.3075,1,1692.3,"1","1","2","2",1824.2066,452.0815
2023,6,51,42,"Male","1","43",40,51,1,2040,"2","1","2","4",16726.1401,4217.806
2023,2,12,62,"Female","1","43",40,72.11525,1,2884.61,"2","1","2","4",16439.5693,4369.503
2023,8,51,40,"Female","2","39",40,34.5,0,1380,"2","1","2","4",24035.2927,5671.8913
2023,1,13,56,"Male","1","40",70,35.1528571428571,0,2460.7,"2","1","2","4",19573.873,4776.5174
2023,6,13,40,"Female","2","39",40,28.825,0,1153,"2","1","2","4",16536.7968,3827.0796
2023,7,13,49,"Male","4","44",40,57.5,1,2300,"2","1","4","4",16634.998,4195.1739
2023,4,12,36,"Female","4","43",36,39.5,0,1422,"2","1","2","4",19038.349,4883.1717
2023,5,12,25,"Female","2","43",20,15,0,300,"2","1","7","4",19254.0987,5012.9431
2023,5,12,32,"Female","1","39",40,26,0,1040,"2","1","2","4",19483.2458,4953.8822
2023,5,12,44,"Female","2","39",40,13,0,520,"2","1","2","4",23518.1568,5265.4625
2023,5,54,43,"Female","1","40",40,15,0,600,"1","1","2","4",3549.9325,877.0381
2023,1,12,63,"Female","1","44",40,24.03825,0,961.53,"2","1","2","3",15933.0403,3841.3085
2023,5,12,58,"Female","1","43",40,25,0,1000,"2","2","5","4",15966.5171,3801.3295
2023,9,12,43,"Male","1","32",40,35,0,1400,"2","1","2","4",21076.9498,5272.9589
2023,7,12,31,"Female","1","40",40,18,0,720,"2","1","2","4",19986.1642,5076.3437
2023,11,37,56,"Male","1","41",40,35,0,1400,"2","1","4","4",15163.3045,3745.1788
2023,4,12,47,"Female","1","43",40,41,1,1640,"2","1","2","4",17617.8797,4663.8657
2023,11,11,55,"Male","1","33",40,19.5,0,780,"2","1","2","4",2231.6537,554.3587
2023,11,13,29,"Female","1","43",40,42.3075,1,1692.3,"2","1","2","4",24619.7682,6328.9617
2023,12,45,46,"Male","1","39",40,26.3,0,1052,"2","1","2","4",12763.7416,3352.217
2023,2,24,56,"Female","1","43",40,41.34,1,1653.6,"2","1","2","4",20520.3417,5188.4455
2023,1,37,57,"Female","1","39",40,17,0,680,"2","1","2","4",17092.9248,4171.5398
2023,2,37,37,"Female","4","45",40,16.825,0,673,"2","1","2","4",15947.8393,4086.4976
2023,9,12,33,"Female","2","42",40,14.90375,0,596.15,"2","1","2","2",37926.1013,8894.292
2023,4,13,42,"Female","1","40",40,13.75,0,550,"2","1","2","4",18634.6612,4697.4725
2023,9,54,50,"Female","1","39",40,18.75,0,750,"2","2","5","4",3680.5496,923.4767
2023,6,13,63,"Male","1","40",40,31.725,0,1269,"2","1","2","4",22434.7677,5722.8895
2023,8,54,63,"Female","1","44",40,12.5,0,500,"1","2","5","3",2865.9058,688.9972
2023,6,12,31,"Male","1","39",40,17.2,0,688,"2","1","2","4",18209.5274,4636.5004
2023,10,12,34,"Female","1","44",50,18,0,900,"2","1","2","3",20404.6674,4982.3664
2023,7,13,28,"Male","1","39",55,18.1818181818182,0,1000,"2","1","2","4",18815.5208,4695.0717
2023,7,11,29,"Female","1","44",40,36.53825,0,1461.53,"2","1","2","4",2433.0098,593.8336
2023,9,13,58,"Male","2","39",27,23.1111111111111,0,624,"2","1","7","4",22751.2392,5845.8309
2023,2,13,57,"Male","1","43",40,34.6,0,1384,"2","1","2","4",23457.4236,5574.7077
2023,10,10,26,"Female","1","43",40,20,0,800,"2","1","2","4",3521.9463,877.7549
2023,12,24,36,"Male","1","43",40,33.65375,0,1346.15,"2","1","2","4",16482.3475,3984.6527
2023,1,37,60,"Male","1","39",40,28.825,0,1153,"1","1","2","4",15216.3308,3768.4872
2023,4,12,51,"Female","1","44",40,37.75,0,1510,"2","1","2","2",19445.5595,5027.3615
2023,2,11,35,"Female","10","40",40,18,0,720,"2","1","4","4",1996.3748,510.2438
2023,12,51,32,"Male","1","40",40,20,0,800,"2","1","2","4",20989.2181,5203.2784
2023,7,54,57,"Female","1","39",40,12.5,0,500,"2","1","2","3",3084.3177,789.0381
2023,2,51,38,"Male","1","45",40,41.5865,1,1663.46,"2","1","4","2",16986.364,4214.1016
2023,4,51,44,"Female","1","44",75,25.1281333333333,0,1884.61,"2","2","5","3",17242.2758,4381.7738
2023,6,51,55,"Male","1","44",40,57.69225,1,2307.69,"2","1","2","4",23762.6487,5992.2108
2023,6,12,47,"Male","1","45",50,57.6922,1,2884.61,"2","1","2","4",15185.2594,3904.5617
2023,3,54,36,"Male","2","43",40,18.75,0,750,"1","1","2","1",4310.8057,1096.2636
2023,4,12,62,"Male","1","39",25,26.9228,0,673.07,"2","1","7","4",20723.0181,5088.0609
2023,8,24,41,"Male","1","39",40,60.075,1,2403,"2","1","2","4",15228.0889,3831.9941
2023,12,11,33,"Female","1","46",40,72,1,2880,"2","1","2","4",1672.6802,437.17
2023,12,10,51,"Male","4","44",40,47,1,1880,"2","1","2","4",2798.231,714.9543
2023,4,45,51,"Male","1","43",50,20,0,1000,"2","1","4","4",10759.8828,2782.1462
2023,2,51,58,"Female","2","40",40,20,0,800,"2","1","2","4",21159.9667,5559.0572
2023,3,54,50,"Male","1","43",40,38.45,0,1538,"1","1","2","4",3199.7908,790.133
2023,12,24,52,"Male","1","40",40,36.0575,0,1442.3,"2","1","2","4",19028.7237,4843.355
2023,9,45,62,"Male","1","43",40,15,0,600,"2","1","2","4",10555.4323,2573.4028
2023,2,51,56,"Male","1","39",40,48.07675,1,1923.07,"2","1","2","4",20663.9338,4908.7823
2023,4,37,50,"Male","2","39",40,20,0,800,"2","1","2","4",16439.2589,3857.4135
2023,4,13,44,"Male","4","32",40,48.07675,1,1923.07,"2","1","2","4",18448.3494,4809.4438
2023,1,37,31,"Male","1","43",40,72.11525,1,2884.61,"2","2","5","4",18606.7628,4713.1336
2023,9,51,43,"Male","1","40",40,32.69225,0,1307.69,"2","1","2","4",14958.6255,3697.7004
2023,8,24,53,"Female","2","43",40,45.75,1,1830,"2","1","2","1",22292.7012,6205.1256
2023,4,12,31,"Female","1","43",32,25.1875,0,806,"2","1","7","4",22204.9691,5628.97
2023,1,11,40,"Male","16","39",40,22,0,880,"2","1","2","4",3446.9264,866.0447
2023,7,13,50,"Female","2","37",45,17.094,0,769.23,"2","1","2","4",16442.2428,4286.082
2023,8,13,59,"Female","1","40",40,27.4,0,1096,"2","1","2","3",13666.423,3421.2581
2023,10,37,39,"Male","2","40",40,6.25,0,250,"2","1","2","2",19011.5596,4736.8635
2023,3,13,64,"Female","1","43",40,17.5,0,700,"2","1","2","4",21435.3643,5556.8477
2023,8,37,26,"Male","1","33",40,26,0,1040,"2","1","2","4",16552.4656,4129.8835
2023,6,10,30,"Male","1","43",32,16.8125,0,538,"2","1","9","4",4774.2329,1176.8652
2023,2,54,45,"Female","1","44",40,25.48075,0,1019.23,"2","1","2","3",3458.3023,847.3283
2023,6,37,38,"Male","1","43",40,72,1,2880,"2","1","2","4",17019.9109,4305.5351
2023,6,51,44,"Female","1","44",40,40.75,1,1630,"2","1","2","2",16852.1977,4220.6896
2023,5,51,27,"Female","1","43",24,41.6666666666667,1,1000,"2","1","7","4",18275.7961,4485.3044
2023,12,37,37,"Female","1","44",40,40.86525,1,1634.61,"2","1","2","2",15608.9359,3815.8021
2023,11,37,58,"Male","1","43",40,26.85,0,1074,"2","1","2","4",17375.029,4291.4518
2023,1,54,58,"Female","1","39",30,10,0,300,"2","1","7","3",3186.7773,781.0341
2023,7,13,52,"Male","2","40",40,24.05,0,962,"2","1","2","4",19633.4469,4772.1284
2023,11,54,39,"Male","1","43",40,15,0,600,"2","1","2","4",4500.3234,1107.2802
2023,6,51,32,"Female","1","43",55,34.9649090909091,0,1923.07,"2","1","2","4",18717.7937,4538.8871
2023,8,13,37,"Male","2","39",40,20.45,0,818,"2","1","2","4",29546.5596,7140.1165
2023,8,54,32,"Male","1","40",40,30,0,1200,"2","1","2","4",4181.0709,1074.6572
2023,9,13,34,"Male","4","46",40,47,1,1880,"2","1","2","2",14316.9937,3578.576
2023,12,54,27,"Female","1","44",65,5.23076923076923,0,340,"2","1","2","2",4678.7967,1232.756
2023,12,12,49,"Male","1","39",40,28.25,0,1130,"2","1","2","4",21269.0315,5401.9804
2023,12,11,29,"Female","1","43",40,43.269,1,1730.76,"2","1","2","4",1772.466,467.9242
2023,12,24,43,"Male","2","44",40,72.11525,1,2884.61,"2","1","2","1",19173.7873,4817.9432
2023,9,45,35,"Female","1","41",45,33.3333333333333,0,1500,"2","1","2","4",11064.6815,2781.7487
2023,5,13,32,"Male","1","39",40,30,0,1200,"2","1","2","4",17163.2169,4302.4292
2023,7,13,26,"Male","2","40",40,19.2,0,768,"2","1","2","4",35551.5629,9145.9895
2023,5,54,51,"Female","1","39",40,15,0,600,"2","1","2","3",3047.6242,740.7088
2023,6,51,25,"Male","9","43",45,29.9144444444444,0,1346.15,"2","1","2","4",19403.6994,4791.9109
2023,7,51,27,"Male","2","38",35,15,0,525,"2","1","2","4",44942.3146,11524.7337
2023,5,54,59,"Female","1","43",40,6.25,0,250,"2","1","4","4",2895.1455,683.0983
2023,7,11,30,"Male","1","43",43,62.6116279069768,1,2692.3,"2","1","2","4",2490.8166,614.1535
2023,2,45,33,"Female","1","44",38,24.2913157894737,0,923.07,"2","1","2","2",9830.6377,2504.8579
2023,11,10,50,"Male","1","43",40,36,0,1440,"2","1","4","2",3383.8637,865.177
2023,1,12,39,"Male","1","39",55,35.4545454545455,0,1950,"2","1","2","4",17309.2916,4144.9754
2023,4,24,37,"Female","1","44",35,81.3185714285714,1,2846.15,"2","1","2","4",16395.0986,4097.2369
2023,6,12,62,"Male","1","43",48,47.275625,1,2269.23,"2","1","2","4",15463.5956,4071.7734
2023,2,37,58,"Female","2","43",40,31.25,0,1250,"2","1","2","3",15949.6546,4179.6705
2023,3,11,60,"Female","1","46",40,69.7115,1,2788.46,"2","1","2","1",1235.0422,320.2855
2023,6,24,51,"Male","4","39",40,14.4,0,576,"2","1","2","4",15717.7547,4092.8606
2023,12,24,28,"Male","1","40",40,33.75,0,1350,"2","1","2","4",17695.9165,4319.1153
2023,4,51,45,"Male","4","45",80,23.125,0,1850,"2","1","2","1",21593.8572,5373.5054
2023,8,11,36,"Male","1","44",40,60,1,2400,"2","1","2","1",1574.0862,389.4579
2023,6,12,41,"Female","1","42",40,53,1,2120,"2","1","2","4",12821.8355,3224.3956
2023,1,12,44,"Female","1","44",50,23.0768,0,1153.84,"2","1","2","4",21341.0619,5110.5873
2023,2,12,42,"Male","1","41",45,16.6666666666667,0,750,"2","1","2","4",16729.3945,4169.196
2023,10,10,64,"Female","1","39",35,13,0,455,"2","1","4","4",2792.1572,699.2818
2023,1,45,52,"Male","1","43",40,60.0875,1,2403.5,"2","1","2","4",14053.7831,3589.5265
2023,9,51,26,"Female","1","40",55,20.9818181818182,0,1154,"1","1","2","1",18799.8536,4631.5568
2023,12,37,45,"Male","1","43",50,44.4,1,2220,"2","1","2","4",13459.658,3430.7734
2023,7,45,32,"Male","2","42",40,16.85,0,674,"2","1","2","4",22682.8398,5772.5884
2023,8,13,29,"Female","4","42",40,16,0,640,"2","1","2","4",16362.5642,4076.313
2023,5,12,39,"Male","1","37",60,58.3333333333333,1,3500,"2","1","2","4",18271.3154,4545.2908
2023,4,51,42,"Female","1","43",31,36,0,1116,"2","1","7","4",16751.9471,4257.1668
2023,10,54,55,"Male","1","38",50,27,0,1350,"2","1","2","4",3400.528,840.8431
2023,10,12,45,"Female","2","39",40,15,0,600,"2","1","2","4",19572.2226,4659.6431
2023,7,24,47,"Female","4","44",40,72.11525,1,2884.61,"2","1","2","4",16332.0008,4178.1719
2023,5,24,39,"Female","1","43",38,32,0,1216,"2","1","2","4",24471.4361,6129.9693
2023,11,45,35,"Female","1","44",60,57.6666666666667,1,3460,"2","1","2","4",12308.8521,3004.3694
2023,1,13,62,"Female","4","39",20,25,0,500,"2","1","7","4",19756.9106,5051.1856
2023,3,54,60,"Female","1","44",40,26.65375,0,1066.15,"2","1","2","4",2749.9152,702.6009
2023,5,54,30,"Male","1","39",40,20,0,800,"2","1","2","4",4028.4837,1003.4089
2023,8,51,44,"Female","4","43",45,26.3333333333333,0,1185,"2","1","2","4",19514.3812,4922.7508
2023,11,37,52,"Male","1","43",40,72.11525,1,2884.61,"2","1","2","4",17047.3859,4235.9697
2023,6,54,43,"Male","1","40",40,16.85,0,674,"2","1","2","4",2614.3556,669.1519
2023,7,12,48,"Female","2","40",40,16,0,640,"2","1","2","4",17539.0515,4569.4623
2023,9,13,33,"Female","1","40",40,11,0,440,"2","1","2","3",20020.0109,5048.3626
2023,9,37,29,"Male","2","37",24,12,0,288,"2","1","6","4",17931.9845,4242.3714
2023,10,13,44,"Female","1","42",40,14.4,0,576,"2","1","2","4",11682.9289,3024.4173
2023,10,10,33,"Female","1","39",35,12,0,420,"2","2","5","4",3048.8966,757.5009
2023,1,51,36,"Male","1","39",40,57.69225,1,2307.69,"2","1","2","4",19969.3133,4899.4337
2023,8,51,43,"Male","1","43",40,52.8845,1,2115.38,"2","1","2","4",16198.1236,4043.3753
2023,3,10,46,"Female","1","39",40,18,0,720,"2","1","2","2",2977.3551,767.1699
2023,6,45,51,"Male","1","44",40,72.11525,1,2884.61,"2","1","2","4",9066.5204,2390.0119
2023,12,54,43,"Male","3","44",40,30,0,1200,"2","1","2","4",8271.0977,2011.8908
2023,1,51,33,"Female","2","44",40,72.11525,1,2884.61,"2","1","4","4",22426.628,5526.9971
2023,12,12,42,"Female","1","43",40,26.525,0,1061,"2","1","2","4",19240.5003,4734.1575
2023,12,51,54,"Female","1","40",40,50,1,2000,"2","1","4","4",20860.9897,5018.1406
2023,11,54,46,"Female","1","40",40,57.5,1,2300,"1","1","2","4",3217.115,833.2287
2023,10,12,26,"Male","6","32",40,25,0,1000,"2","1","2","4",21288.5507,5237.452
2023,6,10,49,"Male","1","44",40,45.65,1,1826,"2","1","2","4",2741.2174,699.9702
2023,7,12,48,"Male","2","42",40,20,0,800,"2","1","2","4",23052.3006,5600.018
2023,1,13,38,"Female","1","45",40,72.11525,1,2884.61,"2","1","2","4",17041.3019,4197.1936
2023,7,11,41,"Female","1","46",40,70,1,2800,"2","1","2","1",2146.8619,502.3688
2023,8,12,62,"Male","1","39",50,23.08,0,1154,"2","2","5","4",17553.9008,4443.7909
2023,7,12,31,"Female","1","43",40,23.87,0,954.8,"2","1","2","4",16697.7207,4134.4611
2023,4,13,35,"Male","1","44",45,15.0222222222222,0,676,"2","1","2","4",15934.0919,4128.2208
2023,9,12,41,"Female","1","33",18,16.0255555555556,0,288.46,"2","1","7","4",18552.8941,4736.7663
2023,5,13,33,"Male","1","39",40,18,0,720,"2","1","2","4",18148.0375,4619.8172
2023,5,12,57,"Female","1","42",40,36.0575,0,1442.3,"2","1","2","4",18427.5648,4387.259
2023,10,12,40,"Female","1","42",40,19.7115,0,788.46,"2","1","2","4",19143.0794,4782.2451
2023,6,12,52,"Male","1","44",40,16,0,640,"2","1","2","4",17040.8718,4403.4257
2023,1,37,51,"Female","1","41",35,7,0,245,"2","1","2","4",18102.9147,4497.4528
2023,2,54,59,"Male","1","42",40,31,0,1240,"1","1","2","4",3872.5494,917.1007
2023,3,37,62,"Male","1","40",40,72.1,1,2884,"2","1","2","4",18107.2372,4594.6813
2023,8,12,60,"Male","1","44",40,55.28825,1,2211.53,"2","1","2","4",15403.7578,3899.4797
2023,11,11,28,"Female","2","43",40,72.11525,1,2884.61,"2","1","2","4",3463.525,970.6412
2023,8,11,52,"Female","1","40",40,25.9,0,1036,"2","1","2","4",1395.8589,336.5508
2023,1,13,27,"Male","1","31",40,12.5,0,500,"2","1","2","4",25873.743,6621.994
2023,5,10,44,"Female","1","39",40,25,0,1000,"2","1","2","4",2589.7117,658.0476
2023,1,12,38,"Female","1","44",40,26.25,0,1050,"2","1","2","4",17252.4137,4117.6592
2023,3,51,51,"Male","1","40",40,50.48075,1,2019.23,"2","1","2","4",19611.7547,4990.7503
2023,12,37,25,"Male","3","39",45,17.3333333333333,0,780,"2","1","2","4",26596.8997,6576.1469
2023,6,12,41,"Female","1","43",40,31.25,0,1250,"2","2","5","4",12744.6587,3204.9874
2023,9,51,55,"Male","1","40",40,15,0,600,"2","1","2","4",16708.8273,4319.467
2023,3,37,42,"Male","2","43",50,48,1,2400,"2","1","2","4",23595.3364,6119.2514
2023,4,13,31,"Male","1","39",40,26.45,0,1058,"2","1","2","4",18380.1474,4547.9357
2023,10,54,54,"Male","1","42",40,32.75,0,1310,"2","1","2","1",2932.1474,748.0945
2023,11,24,38,"Male","1","43",40,50,1,2000,"2","1","2","4",15906.6197,3960.2249
2023,11,37,64,"Female","1","39",40,23.1,0,924,"2","1","2","4",15888.9414,3850.2343
2023,4,24,51,"Female","2","43",40,60.575,1,2423,"2","1","2","1",22811.734,5521.1474
2023,2,11,61,"Female","2","39",40,36.53825,0,1461.53,"2","1","2","1",2456.4277,653.8923
2023,6,37,56,"Male","1","43",15,9.33333333333333,0,140,"2","1","7","4",21278.085,5390.1833
2023,10,51,31,"Female","1","44",45,42.6666666666667,1,1920,"2","1","2","1",18457.3534,4514.661
2023,3,51,39,"Female","1","44",40,24.03825,0,961.53,"2","1","2","3",14597.9786,3734.1379
2023,12,13,43,"Male","2","43",40,15,0,600,"2","1","2","4",24467.7821,6378.4642
2023,6,24,45,"Female","1","43",40,15.65,0,626,"2","1","2","4",18310.3625,4771.3933
2023,7,12,54,"Male","1","44",40,29,0,1160,"2","1","2","1",22444.3682,5619.8209
2023,1,13,42,"Male","1","43",40,20,0,800,"2","1","2","4",18160.0575,4495.3298
2023,9,24,38,"Male","1","40",40,33.65,0,1346,"2","1","2","4",22464.5332,5580.0186
2023,5,12,37,"Male","2","42",40,31.25,0,1250,"2","1","2","4",20780.8865,5614.8095
2023,6,12,40,"Female","1","46",40,33.75,0,1350,"2","1","2","4",14184.9883,3567.197
2023,12,13,52,"Male","1","42",40,11.55,0,462,"2","1","2","4",24903.5075,6576.047
2023,5,45,42,"Male","1","43",40,28.85,0,1154,"2","1","2","4",9328.2281,2392.8613
2023,5,12,40,"Female","1","39",25,10,0,250,"2","1","7","4",16256.9917,4083.3176
2023,12,12,50,"Male","1","41",40,25,0,1000,"2","1","2","3",15727.8634,4006.8524
2023,9,24,50,"Female","1","44",35,60.4394285714286,1,2115.38,"1","1","2","3",19638.9509,4880.4802
2023,3,12,36,"Male","1","44",49,44.3469387755102,1,2173,"2","1","2","4",19748.0148,4742.3794
2023,9,13,41,"Female","1","43",40,16,0,640,"2","1","2","4",19672.9707,5078.7119
2023,10,12,56,"Female","1","39",40,13.94225,0,557.69,"2","1","2","4",20799.7061,5488.4839
2023,7,12,55,"Female","1","44",40,21,0,840,"2","1","2","4",18641.7342,4782.8037
2023,9,54,36,"Male","1","43",40,34.6,0,1384,"2","1","2","4",4821.3465,1209.4637
2023,12,13,36,"Female","4","46",29,91,1,2639,"2","1","7","4",21833.9549,5621.5313
2023,8,37,36,"Female","1","44",40,37.98075,0,1519.23,"2","1","2","4",15535.3779,3862.625
2023,5,37,47,"Female","2","43",50,17,0,850,"2","1","2","4",18770.9323,4513.7627
2023,3,37,56,"Male","1","42",40,30,0,1200,"2","1","2","4",18284.6748,4329.0424
2023,9,13,47,"Male","1","39",60,32.0511666666667,0,1923.07,"2","1","2","4",16716.337,4265.8212
2023,6,54,53,"Male","1","42",40,20.2,0,808,"2","1","2","4",3415.6179,879.4645
2023,4,13,51,"Male","1","39",60,23.3333333333333,0,1400,"2","1","2","4",17989.5566,4476.7937
2023,4,13,38,"Female","1","43",30,15.4,0,462,"2","1","7","4",20675.2759,5190.9881
2023,8,11,40,"Female","2","44",47,61.2765957446809,1,2880,"2","1","2","4",2496.2633,588.9205
2023,2,51,63,"Male","1","44",40,57.69225,1,2307.69,"2","2","5","4",16690.2424,4204.8685
2023,11,24,45,"Female","1","43",40,72.11525,1,2884.61,"2","1","4","1",27524.3707,7213.4529
2023,1,24,53,"Female","2","39",40,21,0,840,"2","1","2","4",23596.6397,6190.1952
2023,12,13,41,"Male","4","46",40,21.625,0,865,"2","1","2","4",26684.5598,6628.3916
2023,2,13,56,"Female","2","43",40,48.07675,1,1923.07,"2","1","2","4",19112.7262,5023.3081
2023,6,45,36,"Male","1","43",40,62.5,1,2500,"2","1","2","4",9988.9911,2613.92
2023,7,12,27,"Male","2","41",40,21.65,0,866,"2","1","2","4",34804.6144,8948.8742
2023,11,11,35,"Female","1","44",40,81.5,1,3260,"2","1","2","4",1832.9212,446.5873
2023,8,11,46,"Female","2","39",40,25,0,1000,"2","2","5","4",2320.8083,632.2693
2023,4,51,37,"Female","2","44",40,21.25,0,850,"2","1","2","4",22112.4262,5973.0464
2023,8,12,60,"Male","1","42",40,21.45,0,858,"2","1","2","4",16591.6191,4200.1882
2023,2,11,45,"Female","1","45",32,87.139375,1,2788.46,"2","1","7","1",1431.7101,350.0866
2023,10,11,40,"Male","1","44",40,59.61525,1,2384.61,"2","1","4","1",1270.0443,320.8712
2023,10,45,44,"Male","1","42",40,26.425,0,1057,"2","1","2","4",20449.2638,5090.6207
2023,6,37,32,"Female","1","44",40,40.75,1,1630,"2","1","2","4",16756.3244,4159.1488
2023,6,13,56,"Male","2","39",40,15,0,600,"2","1","2","2",21236.8381,5451.0351
2023,3,51,43,"Male","1","44",45,64.1024444444444,1,2884.61,"2","1","2","4",18428.0217,4542.6818
2023,10,24,34,"Male","1","32",40,13.5,0,540,"2","1","2","4",19724.7684,5054.6718
2023,11,45,62,"Female","2","39",40,17,0,680,"2","1","2","4",13502.5446,2930.5886
2023,10,54,38,"Female","1","39",40,16,0,640,"2","1","2","4",3361.7953,864.5084
2023,6,12,29,"Male","1","44",40,33.75,0,1350,"2","1","2","4",20106.2802,4983.8484
2023,7,12,59,"Female","1","42",40,17,0,680,"2","1","2","4",18361.2505,4610.9184
2023,2,12,61,"Female","3","39",40,14,0,560,"2","1","2","4",21040.3761,5511.4006
2023,8,51,58,"Male","1","39",45,34.6666666666667,0,1560,"2","1","2","4",18311.3945,4513.028
2023,8,51,40,"Male","4","42",32,18,0,576,"2","1","7","4",14375.7327,3611.829
2023,9,11,30,"Female","1","44",28,71.4285714285714,1,2000,"2","1","7","4",1829.9932,453.7006
2023,4,11,28,"Male","8","44",40,38.4615,0,1538.46,"2","1","2","4",2891.874,743.3246
2023,12,11,53,"Male","4","44",40,55.5,1,2220,"2","1","2","1",1788.6152,461.0343
2023,5,45,52,"Female","2","39",40,16.65,0,666,"2","1","2","2",16615.6892,4136.4911
2023,9,51,62,"Female","1","44",44,31.3636363636364,0,1380,"2","1","2","2",16275.4368,4163.0565
2023,1,11,26,"Male","2","43",40,18.75,0,750,"2","1","2","4",3865.2063,958.8577
2023,11,45,53,"Female","2","40",25,17,0,425,"2","1","7","4",9956.4909,2456.866
2023,8,37,48,"Male","1","42",40,25,0,1000,"2","1","2","4",19177.5262,4632.0403
2023,9,37,31,"Male","1","41",40,22,0,880,"2","1","2","3",16265.0131,4022.5733
2023,9,13,58,"Female","1","43",50,38.46,0,1923,"2","1","2","4",18135.1431,4629.4084
2023,5,45,55,"Female","1","45",40,48.07675,1,1923.07,"2","1","2","4",8650.5244,2115.9905
2023,5,13,28,"Female","2","40",40,14.25,0,570,"2","1","2","4",17476.2346,4538.2
2023,12,12,55,"Female","1","40",40,26.44225,0,1057.69,"2","1","2","4",18531.0565,4411.3556
2023,3,37,59,"Male","1","40",40,25,0,1000,"2","1","2","3",15287.7271,3619.4912
2023,4,12,40,"Female","1","43",32,14.0625,0,450,"2","1","7","3",20493.9051,5150.3661
2023,11,12,29,"Male","1","40",45,31.1111111111111,0,1400,"2","1","2","4",23224.7839,5616.7428
2023,6,54,41,"Female","1","39",40,21.7,0,868,"2","1","2","4",2632.2309,669.1447
2023,9,51,31,"Female","1","39",45,19.3777777777778,0,872,"2","1","2","4",17972.9563,4411.1938
2023,8,45,27,"Male","1","40",42,33.53,0,1408.26,"2","1","2","4",11651.723,2968.106
2023,8,10,25,"Female","1","44",40,11.5,0,460,"2","1","2","2",4378.3627,1099.4213
2023,7,54,33,"Female","1","37",32,18.02875,0,576.92,"2","1","7","4",3324.8958,838.6745
2023,4,54,26,"Female","1","43",52,20.3401923076923,0,1057.69,"2","1","2","4",4613.7217,1144.9509
2023,12,51,48,"Male","1","39",40,16.35,0,654,"2","1","2","4",20290.6406,5195.0863
2023,2,54,26,"Male","1","40",40,20,0,800,"2","1","2","4",4244.5815,1042.5323
2023,4,45,38,"Male","1","40",40,32,0,1280,"2","1","2","4",8750.5998,2340.5885
2023,8,12,50,"Male","1","43",40,43.75,1,1750,"2","1","2","4",16888.7306,4168.7792
2023,7,12,61,"Female","1","40",40,16,0,640,"2","1","2","4",17469.8726,4194.5513
2023,8,12,39,"Female","4","39",40,15,0,600,"2","1","2","4",15876.1326,4102.9292
2023,6,13,35,"Male","2","40",40,18.75,0,750,"2","1","2","4",17532.9747,3789.3127
2023,7,51,40,"Female","8","44",36,40.0555555555556,1,1442,"2","1","2","4",21121.1305,5076.3231
2023,2,11,47,"Female","2","40",40,20.19225,0,807.69,"2","1","2","1",2980.1094,725.5829
2023,6,13,43,"Female","2","39",40,28.846,0,1153.84,"2","1","2","4",21309.6391,4931.6495
2023,9,10,44,"Male","1","46",40,50,1,2000,"2","1","2","4",4170.1428,1032.8234
2023,8,24,54,"Female","1","39",40,18.75,0,750,"2","1","2","2",11802.7892,2907.4936
2023,5,37,31,"Male","2","39",40,17.3,0,692,"2","1","2","4",18094.6542,4504.1673
2023,5,54,59,"Male","1","39",60,22.5,0,1350,"2","1","2","4",3170.2288,773.678
2023,9,12,52,"Female","1","39",40,24,0,960,"2","1","2","4",18877.1292,4728.7726
2023,8,51,58,"Male","2","43",50,27,0,1350,"2","1","2","4",22299.4886,5276.4729
2023,1,54,50,"Female","1","43",20,30,0,600,"2","1","7","4",3150.8706,786.1165
2023,4,54,59,"Male","1","39",40,28.846,0,1153.84,"2","1","2","4",3564.7989,917.0697
2023,7,12,49,"Female","1","42",40,9.8,0,392,"2","1","2","4",16666.6018,4367.2076
2023,10,11,37,"Male","8","44",40,72.11525,1,2884.61,"2","1","2","1",1125.7889,282.9545
2023,9,12,60,"Female","1","44",40,38.45,0,1538,"1","1","2","4",16377.9695,4250.5919
2023,4,13,47,"Male","1","43",60,48.0768333333333,1,2884.61,"2","1","2","4",17394.2609,4329.9175
2023,11,13,28,"Female","1","44",40,37.5,0,1500,"2","1","2","4",24222.8058,6226.9153
2023,11,45,49,"Female","1","40",40,23,0,920,"2","1","2","4",10705.3195,2785.9794
2023,7,10,29,"Female","1","44",40,31.25,0,1250,"2","1","2","2",4124.0457,1009.5136
2023,3,13,33,"Female","1","44",40,28.846,0,1153.84,"2","1","2","4",19873.829,5038.5908
2023,10,12,38,"Male","1","43",40,19,0,760,"2","1","2","4",14992.9386,3675.5296
2023,8,45,31,"Male","1","43",40,24.03825,0,961.53,"2","1","2","4",11838.2292,3010.5051
2023,11,37,43,"Female","1","42",40,22,0,880,"2","1","4","4",14010.1824,3431.6469
2023,1,51,52,"Female","1","44",40,33.65,0,1346,"2","1","2","4",17779.2592,4403.627
2023,2,12,46,"Female","1","44",38,75.9107894736842,1,2884.61,"2","1","2","1",20040.1773,4866.5869
2023,2,24,37,"Male","2","43",40,36,0,1440,"2","1","2","4",36022.0928,9084.1243
2023,2,37,27,"Male","1","43",40,72.11525,1,2884.61,"2","1","2","4",18221.9721,4478.116
2023,5,12,31,"Male","1","40",40,18,0,720,"2","1","2","4",17967.15,4585.7263
2023,1,37,40,"Female","1","34",40,15,0,600,"2","1","2","4",18156.1446,4409.0077
2023,8,12,52,"Male","1","39",40,20.19225,0,807.69,"2","1","2","4",16202.4615,4019.2941
2023,1,51,36,"Male","2","43",40,28.846,0,1153.84,"2","1","2","2",26461.3043,6151.0589
2023,4,37,26,"Female","5","40",30,6.66666666666667,0,200,"2","1","7","4",29207.6415,7264.1401
2023,2,12,55,"Male","1","39",50,32,0,1600,"2","1","2","4",18532.837,4418.5947
2023,8,12,39,"Male","1","39",40,35,0,1400,"2","1","2","4",14472.056,3669.1942
2023,10,54,55,"Male","1","39",40,48.075,1,1923,"2","1","2","4",3277.4794,810.4171
2023,7,51,41,"Female","2","43",40,59.1835,1,2367.34,"2","1","2","1",19547.3087,5217.0904
2023,12,24,55,"Male","1","43",40,25.95,0,1038,"2","1","2","4",19973.6805,5128
2023,9,13,37,"Female","4","43",45,44.8888888888889,1,2020,"2","1","2","4",21298.0449,5538.2468
2023,6,54,39,"Male","1","39",40,22,0,880,"2","1","2","4",3045.5555,778.443
2023,11,10,51,"Female","2","41",40,28.846,0,1153.84,"2","1","2","2",3390.3265,848.4406
2023,9,51,46,"Male","1","43",50,57.6922,1,2884.61,"2","1","2","2",14245.3237,3543.3236
2023,4,13,44,"Male","1","40",40,41.5,1,1660,"2","1","2","3",15582.6542,4017.4045
2023,11,12,40,"Female","1","39",30,24.6666666666667,0,740,"2","1","7","4",17465.767,4311.7245
2023,4,51,28,"Male","1","40",40,48.07675,1,1923.07,"2","1","2","4",19582.3772,4919.6477
2023,1,11,30,"Female","3","39",40,24.03825,0,961.53,"2","1","2","4",2263.2682,561.9063
2023,8,51,42,"Male","1","43",50,32.6922,0,1634.61,"1","1","2","1",16198.1236,4043.3753
2023,6,54,41,"Male","1","44",40,62.5,1,2500,"2","1","2","4",2607.0775,667.2891
2023,7,24,40,"Male","1","46",68,35.5882352941176,0,2420,"2","1","2","4",20138.558,4930.8234
2023,9,13,59,"Male","1","42",40,20,0,800,"2","1","2","4",19876.6131,5271.6868
2023,10,54,62,"Female","1","39",40,7.5,0,300,"2","1","3","4",2283.0849,571.0801
2023,5,11,25,"Female","1","44",40,70.673,1,2826.92,"2","1","4","4",2370.4508,588.7688
2023,11,37,36,"Male","1","39",60,13.1333333333333,0,788,"2","2","5","4",14852.4207,3619.0901
2023,12,12,36,"Male","1","44",40,38.4615,0,1538.46,"2","1","2","4",22651.3554,5488.8163
2023,9,11,63,"Female","2","40",20,13,0,260,"2","1","7","4",2251.1911,535.1274
2023,1,24,38,"Male","2","40",40,34.375,0,1375,"1","1","2","4",21757.4916,5152.7992
2023,9,12,63,"Female","1","41",40,14,0,560,"2","1","2","4",13174.3286,3419.1475
2023,4,24,58,"Female","2","44",40,43.269,1,1730.76,"2","1","2","4",16482.2149,4754.0705
2023,9,11,36,"Male","2","42",40,22.5,0,900,"1","1","2","1",4591.5619,1221.865
2023,7,12,36,"Male","2","43",37,72.7648648648649,1,2692.3,"2","1","2","4",24385.3062,5852.1412
2023,5,12,44,"Male","1","39",40,14,0,560,"2","1","2","4",18493.0633,4647.0026
2023,11,51,27,"Male","1","39",50,26,0,1300,"2","1","2","4",23070.4206,5584.0464
2023,4,37,62,"Female","2","43",40,18.75,0,750,"1","1","2","4",22858.907,5082.7425
2023,8,13,44,"Female","1","39",40,15.6,0,624,"2","1","2","4",16106.4456,4028.6995
2023,5,12,58,"Male","1","33",40,22,0,880,"2","1","2","4",18903.5771,4681.3743
2023,5,54,41,"Male","1","40",40,33.65375,0,1346.15,"2","1","2","4",3523.3465,871.7968
2023,5,13,25,"Female","1","43",40,13.5,0,540,"2","1","2","4",16942.905,4203.3889
2023,4,11,26,"Male","2","39",32,22,0,704,"2","1","6","4",2767.3006,722.1022
2023,10,51,60,"Female","2","40",40,11.25,0,450,"2","1","2","4",17314.5757,4819.0516
2023,5,54,58,"Male","1","40",50,27.6922,0,1384.61,"2","1","2","4",3081.5133,752.0274
2023,8,24,57,"Male","1","39",40,33.38,0,1335.2,"2","1","2","3",16677.6548,4198.5025
2023,11,10,38,"Male","2","43",40,25,0,1000,"2","1","2","2",4178.1947,1123.3988
2023,6,10,33,"Female","1","43",40,13.45,0,538,"2","2","5","4",4858.3606,1174.7398
2023,12,12,47,"Female","1","44",40,21.625,0,865,"2","1","2","4",18870.4046,4468.9083
2023,12,24,54,"Female","1","40",70,18.4185714285714,0,1289.3,"2","1","2","4",20161.1223,4795.6186
2023,1,12,38,"Female","1","43",45,26.1111111111111,0,1175,"2","1","2","3",16861.7304,4024.4142
2023,2,12,47,"Female","2","42",40,25,0,1000,"2","1","2","4",29174.9414,7134.171
2023,10,45,41,"Female","1","39",20,9,0,180,"2","1","7","4",14170.2733,3613.8732
2023,7,37,30,"Female","1","43",40,50.48075,1,2019.23,"2","1","4","4",13557.6828,3369.1085
2023,6,45,49,"Male","1","41",50,46.1538,1,2307.69,"2","1","2","4",8288.6384,2205.6754
2023,5,12,27,"Female","2","40",40,14.4,0,576,"2","1","2","4",20293.8478,5283.6492
2023,2,37,55,"Male","7","40",40,24.025,0,961,"2","1","2","4",33091.7632,7738.0151
2023,6,13,32,"Female","1","43",40,31.25,0,1250,"2","1","2","4",18484.4672,4507.0621
2023,2,37,60,"Female","2","39",40,16,0,640,"2","1","2","1",15467.5754,4127.9857
2023,11,51,52,"Female","1","44",40,57.5,1,2300,"2","1","2","1",18569.7384,4848.559
2023,10,54,59,"Female","1","39",36,27.5,0,990,"2","1","2","4",2811.9204,754.0414
2023,4,37,54,"Male","1","43",49,22.0087755102041,0,1078.43,"2","1","2","4",13462.856,3330.2662
2023,8,12,30,"Female","1","41",40,25,0,1000,"2","1","2","4",17524.2849,4548.4238
2023,10,11,28,"Male","2","43",40,41.25,1,1650,"2","1","2","4",3116.2397,820.8085
2023,5,54,40,"Female","1","39",40,13.8,0,552,"2","1","2","3",3574.5627,883.1232
2023,1,12,46,"Male","1","44",40,23.07675,0,923.07,"2","1","2","4",24834.1351,6013.9945
2023,4,45,47,"Female","1","44",50,46.1538,1,2307.69,"2","1","2","4",10919.2286,2994.4054
2023,4,45,60,"Male","1","39",40,75,1,3000,"2","1","2","4",12222.0401,3117.8907
2023,2,12,45,"Female","1","43",40,50,1,2000,"2","1","2","4",18087.5076,4392.3976
2023,9,54,34,"Male","1","42",42,35.2380952380952,0,1480,"2","1","2","4",4491.3771,1121.2412
2023,12,37,31,"Female","1","43",40,21.6345,0,865.38,"2","2","5","2",17198.7992,4452.2048
2023,11,12,60,"Female","1","42",40,22.5,0,900,"2","1","2","2",16489.0286,4027.0944
2023,5,37,36,"Female","2","43",45,51.282,1,2307.69,"2","1","2","4",19951.4589,4509.2443
2023,4,13,33,"Male","1","44",40,86.5,1,3460,"2","1","2","4",19106.7577,4727.7263
2023,12,12,43,"Male","1","39",40,19.6,0,784,"2","1","2","4",19880.1548,4807.8543
2023,2,24,43,"Male","1","43",35,38.2285714285714,0,1338,"1","1","2","3",19506.7453,4915.5643
2023,7,37,60,"Male","1","40",40,24.23075,0,969.23,"2","1","4","3",15683.1687,4035.8272
2023,3,12,35,"Female","1","39",50,53.846,1,2692.3,"2","1","2","4",16158.2674,4042.108
2023,8,54,32,"Male","1","39",40,13.75,0,550,"2","1","2","4",4114.0401,1057.4284
2023,7,45,28,"Male","1","39",40,13.5,0,540,"2","1","2","4",15286.7058,3962.8491
2023,5,45,43,"Male","4","39",40,33.65,0,1346,"2","1","2","4",10558.5722,2739.3056
2023,6,54,43,"Male","1","39",40,43.25,1,1730,"2","1","2","4",2614.3556,669.1519
2023,9,24,51,"Male","1","44",40,81,1,3240,"2","1","2","4",20180.1996,5017.3543
2023,12,12,47,"Female","1","43",40,21.65,0,866,"2","1","2","4",17238.3826,4017.5229
2023,4,54,37,"Male","1","43",40,12.25,0,490,"2","1","2","4",3702.6536,955.9999
2023,9,37,28,"Female","1","43",36,50,1,1800,"2","1","2","3",23409.2829,5797.9513
2023,6,51,50,"Male","1","39",45,44.8888888888889,1,2020,"2","1","2","4",21456.5571,5443.0195
2023,8,11,40,"Male","2","44",40,33.75,0,1350,"2","1","2","4",3137.0851,752.8471
2023,1,13,45,"Female","2","42",40,34,0,1360,"2","1","2","4",23067.8332,5914.0452
2023,10,54,25,"Male","1","39",40,20.2,0,808,"1","1","2","4",3662.0045,928.6022
2023,6,54,50,"Female","1","39",40,8.75,0,350,"2","1","2","4",3607.6352,927.5088
2023,1,54,49,"Female","2","40",40,14.5,0,580,"1","1","2","4",5800.7742,1487.3312
2023,6,51,46,"Male","2","40",40,79,1,3160,"1","1","2","1",23221.5379,5838.1169
2023,10,12,48,"Male","2","43",40,15,0,600,"2","1","2","4",14451.1482,3977.6874
2023,4,37,41,"Male","4","34",40,21,0,840,"2","1","2","4",17945.5902,4650.399
2023,7,45,48,"Male","1","43",20,25,0,500,"2","2","10","2",11140.6102,2841.9899
2023,8,12,57,"Female","1","43",40,17.3,0,692,"2","1","2","4",16409.6393,4159.0207
2023,1,51,55,"Male","2","43",40,38.4615,0,1538.46,"2","1","2","4",14466.7455,4226.0546
2023,9,54,60,"Male","1","40",40,35,0,1400,"2","1","2","1",3450.6815,845.5384
2023,6,45,60,"Female","1","43",40,30.275,0,1211,"2","1","2","2",9414.3228,2401.6005
2023,7,24,32,"Female","2","43",40,38.5,0,1540,"2","1","2","1",19950.2179,4827.6899
2023,5,13,47,"Female","2","39",35,12.1714285714286,0,426,"2","1","2","4",13692.0213,3309.0363
2023,5,12,40,"Male","1","39",40,33.75,0,1350,"2","1","2","4",17847.7755,4456.1163
2023,3,51,44,"Female","1","39",50,17.3,0,865,"2","1","2","4",14776.6799,3864.8897
2023,7,11,39,"Female","1","44",45,42.7348888888889,1,1923.07,"2","1","2","4",1885.4625,451.3161
2023,3,45,42,"Male","2","46",60,48.0768333333333,1,2884.61,"2","1","2","4",23829.6007,6475.9788
2023,3,45,64,"Female","1","39",40,18,0,720,"2","1","2","4",11653.4167,3142.7525
2023,9,13,48,"Male","1","43",45,64.1024444444444,1,2884.61,"1","1","2","3",16075.2618,4102.226
2023,10,12,50,"Female","1","44",40,62.5,1,2500,"2","1","2","4",20966.9025,5026.9004
2023,7,37,46,"Female","1","43",40,19.25,0,770,"2","1","2","2",18015.341,4637.202
2023,11,51,31,"Female","2","43",40,44.23075,1,1769.23,"2","1","4","1",20027.3304,5406.184
2023,4,45,36,"Male","1","46",45,48.8888888888889,1,2200,"2","1","2","4",8686.5737,2323.4629
2023,7,12,37,"Male","1","42",40,36.2725,0,1450.9,"2","1","2","3",17789.7347,4397.504
2023,7,45,48,"Female","1","42",42,27.452380952381,0,1153,"2","1","2","4",13073.4219,3438.2419
2023,9,13,29,"Female","1","42",40,72.1,1,2884,"2","1","2","4",25318.9139,6390.194
2023,1,24,55,"Male","2","40",40,21.6345,0,865.38,"2","1","2","4",14379.1319,4279.4966
2023,7,13,35,"Male","1","39",40,37.5,0,1500,"2","1","2","4",17684.0084,4373.7898
2023,6,12,52,"Female","1","39",35,14,0,490,"2","1","2","4",19112.5,4934.6701
2023,12,45,28,"Male","1","39",40,18,0,720,"2","1","2","4",11206.8572,2862.0896
2023,9,37,28,"Male","4","44",40,50.9615,1,2038.46,"2","1","2","4",14808.7647,3632.4089
2023,1,54,36,"Female","1","44",40,40.86525,1,1634.61,"2","1","2","1",4144.3589,1020.8395
2023,4,24,55,"Male","1","43",45,70.6666666666667,1,3180,"2","1","2","1",21326.9199,5479.7982
2023,11,37,45,"Male","1","39",40,20,0,800,"2","1","2","4",17315.601,4233.4971
2023,9,51,59,"Female","1","39",45,33.1111111111111,0,1490,"1","1","2","1",17150.5347,4267.3586
2023,7,37,49,"Female","1","39",40,16.825,0,673,"2","1","2","4",20910.9542,5382.5414
2023,10,54,27,"Female","1","39",40,41.25,1,1650,"2","1","2","4",3695.4172,919.8493
2023,1,11,56,"Male","2","39",40,26,0,1040,"2","1","2","4",1402.0058,406.7778
2023,6,51,41,"Male","1","39",40,45.673,1,1826.92,"2","1","2","4",16594.0481,4184.4966
2023,12,12,25,"Female","1","43",40,37.5,0,1500,"2","1","2","4",19417.0992,5047.5373
2023,11,11,25,"Female","1","43",40,38.5,0,1540,"2","1","2","4",2109.6119,534.4258
2023,9,37,40,"Male","2","39",50,15,0,750,"2","1","2","4",18079.0019,4505.1929
2023,1,37,44,"Female","1","34",40,14,0,560,"2","1","2","4",19395.432,4709.9542
2023,10,51,41,"Male","2","43",40,91.5,1,3660,"2","1","2","4",26475.3432,6445.8219
2023,2,11,33,"Female","1","43",40,19.23075,0,769.23,"2","1","2","4",1526.238,379.7203
2023,5,13,44,"Male","1","40",40,65.5,1,2620,"2","1","2","4",16860.394,4198.6176
2023,2,12,57,"Female","2","42",40,15,0,600,"2","1","2","3",18785.447,4876.4201
2023,12,37,36,"Female","4","39",40,13,0,520,"2","1","2","4",14837.8251,3715.8059
2023,11,37,30,"Female","1","44",40,19.225,0,769,"2","1","2","4",12581.0265,3159.1891
2023,6,12,57,"Female","1","43",40,23.69,0,947.6,"2","1","2","4",15342.9989,3910.3163
2023,11,24,37,"Female","1","46",40,31.25,0,1250,"2","1","2","2",18935.8887,4654.4568
2023,1,11,59,"Male","2","42",40,33.65375,0,1346.15,"2","1","2","4",1411.5147,409.5368
2023,2,13,53,"Female","4","44",40,57.69225,1,2307.69,"2","1","2","4",22717.8095,5468.3702
2023,6,13,54,"Female","1","43",40,72.11525,1,2884.61,"2","1","2","4",17914.781,4477.9311
2023,5,45,37,"Female","1","39",40,17.3,0,692,"2","1","2","4",9836.6467,2534.978
2023,6,24,53,"Male","1","37",40,21.6345,0,865.38,"2","1","2","3",16703.0367,4283.9393
2023,10,45,39,"Male","2","42",40,22.62,0,904.8,"2","1","2","1",12239.4546,3022.5032
2023,9,12,55,"Male","1","43",50,30.8,0,1540,"2","1","2","3",17258.3666,4526.8236
2023,3,13,47,"Female","2","39",20,16,0,320,"2","1","6","4",27777.5237,7189.7625
2023,8,37,36,"Male","1","40",40,13,0,520,"2","1","2","4",15785.3899,3913.0781
2023,2,37,36,"Male","1","40",40,15.3845,0,615.38,"2","1","2","2",17205.6752,4257.7572
2023,2,45,47,"Male","1","44",40,56.73075,1,2269.23,"2","1","2","1",12684.4454,3283.4007
2023,9,54,31,"Male","1","43",40,46.75,1,1870,"2","1","2","4",4491.3771,1121.2412
2023,3,13,57,"Male","1","42",40,57.69225,1,2307.69,"2","1","2","4",20608.3873,4914.8
2023,7,12,55,"Female","1","40",55,28.7272727272727,0,1580,"2","1","2","4",19321.5327,4957.2157
2023,1,45,25,"Male","1","43",40,19,0,760,"2","1","2","4",12694.6984,3221.6937
2023,4,51,57,"Female","1","40",40,18,0,720,"2","1","2","4",16788.2546,4206.3759
2023,9,51,56,"Male","1","39",40,15,0,600,"2","1","2","4",17630.9656,4557.8527
2023,9,11,33,"Female","1","44",40,54.5,1,2180,"2","1","2","4",1829.9932,453.7006
2023,4,54,47,"Male","1","39",40,10,0,400,"2","1","2","4",4020.0784,994.2145
2023,8,12,36,"Male","1","39",50,20,0,1000,"2","1","2","4",15428.616,3911.717
2023,5,51,33,"Female","1","43",50,35,0,1750,"2","1","2","4",15318.6428,3794.0651
2023,12,12,58,"Female","1","39",40,31.25,0,1250,"2","1","2","4",19726.4819,4621.2891
2023,10,12,47,"Female","1","35",40,19.55,0,782,"2","1","2","4",21226.4079,5071.4101
2023,1,54,63,"Female","1","43",40,36.923,0,1476.92,"2","1","2","2",2735.7851,680.7099
2023,4,12,36,"Male","1","44",40,31.25,0,1250,"2","1","2","4",21655.9569,5557.8838
2023,11,10,29,"Female","2","39",18,12,0,216,"2","1","6","4",3692.6614,1051.3755
2023,7,10,39,"Male","6","40",35,22,0,770,"2","1","2","4",4147.9581,1014.3498
2023,1,13,31,"Male","1","37",40,12.5,0,500,"2","1","2","4",19142.5617,4779.6732
2023,10,12,53,"Female","1","41",40,20,0,800,"2","1","2","4",20742.7121,4931.9776
2023,10,37,38,"Male","1","43",40,32.69225,0,1307.69,"2","1","2","3",19858.8136,4952.3
2023,7,45,43,"Male","1","39",40,26.125,0,1045,"2","1","2","4",14680.449,3714.6246
2023,8,11,31,"Female","1","45",50,57.6922,1,2884.61,"2","2","5","4",1602.842,403.2211
2023,1,12,38,"Female","1","39",40,23,0,920,"2","1","2","4",20281.0369,4776.3022
2023,7,12,57,"Female","1","42",40,16.825,0,673,"2","1","2","4",18947.2341,4861.1841
2023,11,11,25,"Male","2","39",30,12.8,0,384,"2","1","7","4",2862.8161,744.3895
2023,11,12,27,"Male","1","43",40,25,0,1000,"2","1","2","4",21347.3045,5162.6882
2023,9,51,41,"Female","4","45",40,54.5,1,2180,"2","1","2","4",15593.5009,3952.3297
2023,9,12,36,"Male","1","41",45,19.2444444444444,0,866,"2","1","2","4",18828.5755,4715.6454
2023,2,37,39,"Male","1","33",40,23,0,920,"2","1","2","4",15500.2479,3884.9347
2023,8,54,39,"Female","1","44",40,29.75,0,1190,"2","1","4","4",3389.1904,866.3835
2023,8,51,59,"Female","1","44",50,57.6922,1,2884.61,"2","1","2","4",17298.9392,4279.7193
2023,11,24,52,"Female","1","40",28,16.0714285714286,0,450,"2","1","7","3",27861.1939,7368.5362
2023,7,45,35,"Female","1","45",38,42.1052631578947,1,1600,"2","1","4","4",9186.1753,2281.5452
2023,7,12,34,"Female","1","45",40,20,0,800,"2","1","2","4",18972.0681,4818.7705
2023,12,45,56,"Male","1","39",40,23.75,0,950,"2","1","2","4",12895.6456,3442.3689
2023,3,37,47,"Male","1","39",50,46.5384,1,2326.92,"2","1","2","4",15907.5726,3918.2161
2023,6,37,38,"Male","2","42",40,38.4615,0,1538.46,"2","1","2","4",22015.0383,4843.5454
2023,9,54,55,"Male","1","39",40,33.75,0,1350,"1","1","2","4",3368.5273,884.9827
2023,7,12,36,"Female","1","39",40,20,0,800,"2","2","5","3",16390.7124,3970.0021
2023,5,37,43,"Male","2","43",48,20.8333333333333,0,1000,"2","1","2","4",15926.7419,4403.2499
2023,9,10,33,"Female","1","43",40,22.5,0,900,"2","1","2","4",4114.045,1011.6745
2023,8,51,53,"Male","1","40",40,28.85,0,1154,"2","1","2","2",18001.1354,4358.8553
2023,12,11,34,"Male","1","43",32,101.875,1,3260,"2","1","7","4",1659.8659,414.5382
2023,6,12,27,"Male","1","43",40,72.11525,1,2884.61,"2","1","2","4",23960.1075,5939.1167
2023,11,12,33,"Female","1","43",40,37.5,0,1500,"2","1","2","4",17239.4185,4318.9579
2023,2,54,45,"Female","1","39",40,16,0,640,"2","1","2","3",3458.3023,847.3283
2023,11,51,60,"Male","2","39",40,48.5575,1,1942.3,"2","1","2","1",21109.6894,5173.3461
2023,4,54,56,"Male","1","40",60,27.5,0,1650,"2","1","2","4",3768.8814,969.5713
2023,12,11,35,"Female","1","43",50,51.923,1,2596.15,"2","1","2","4",1690.4785,417.2368
2023,1,24,34,"Male","2","34",30,13.3333333333333,0,400,"2","1","6","4",20307.1295,5138.5129
2023,10,37,51,"Female","2","39",40,16.3,0,652,"2","1","2","4",22284.4406,5396.7802
2023,8,45,57,"Female","1","35",40,12,0,480,"2","1","2","4",10508.709,2649.0358
2023,4,51,55,"Male","1","40",40,22.575,0,903,"2","1","4","3",16865.9477,4389.1606
2023,2,12,40,"Male","1","43",40,31.25,0,1250,"1","1","2","3",16338.8057,4071.8559
2023,11,12,59,"Female","1","42",45,28.846,0,1298.07,"2","1","4","3",15015.1668,3821.9077
2023,10,37,37,"Female","2","40",40,16.25,0,650,"2","1","2","2",18623.5512,4646.1204
2023,10,12,41,"Male","1","39",40,17.02,0,680.8,"2","1","2","4",22476.147,5568.3929
2023,5,10,46,"Male","3","40",32,26.25,0,840,"2","1","7","4",3954.8786,1003.9626
2023,1,54,40,"Male","1","39",60,22.4333333333333,0,1346,"2","1","2","4",4677.4963,1157.9817
2023,5,12,48,"Male","2","39",40,43.25,1,1730,"2","1","2","4",31206.4987,7692.4351
2023,2,13,43,"Female","2","40",40,14.423,0,576.92,"2","1","2","4",23567.6135,5901.9296
2023,3,11,47,"Male","1","45",40,72.11525,1,2884.61,"2","1","2","4",1680.7988,417.1722
2023,4,37,64,"Female","1","40",16,15.5,0,248,"2","1","7","4",13905.7746,3292.6938
2023,4,12,50,"Female","2","44",40,36,0,1440,"2","2","5","2",22139.7723,5367.0606
2023,6,54,32,"Male","1","39",40,18.5,0,740,"2","1","2","4",2678.5178,672.0933
2023,3,37,33,"Female","1","42",40,15.75,0,630,"2","1","2","4",18637.7236,4690.9755
2023,12,24,39,"Male","2","42",40,36,0,1440,"2","1","2","4",21484.2973,5491.1139
2023,9,13,25,"Male","1","39",35,16.1714285714286,0,566,"2","1","2","4",18070.3402,4562.4543
2023,12,37,28,"Male","1","39",40,25.75,0,1030,"2","1","2","4",19505.4142,4804.0244
2023,5,13,34,"Male","2","39",40,16.85,0,674,"2","1","2","2",25782.3928,6450.131
2023,11,45,47,"Male","2","39",40,10,0,400,"2","1","2","4",13011.9029,3155.7559
2023,5,37,46,"Female","1","46",40,53,1,2120,"2","1","2","1",16718.3467,4114.9152
2023,12,13,57,"Male","2","39",40,18.75,0,750,"2","1","2","4",16097.0193,4062.5662
2023,5,37,54,"Female","1","44",55,45.4545454545455,1,2500,"2","1","2","4",19368.0447,4713.7822
2023,5,24,40,"Male","1","39",40,41.825,1,1673,"2","1","2","4",18371.1327,4580.6387
2023,2,24,57,"Male","1","39",40,43.27,1,1730.8,"2","1","2","3",18430.822,4430.4851
2023,12,10,29,"Female","2","42",40,41.18,1,1647.2,"1","1","2","2",3536.1149,823.2262
2023,9,10,58,"Female","1","43",40,53,1,2120,"2","1","2","4",3040.6777,758.0311
2023,2,54,56,"Male","1","39",40,25,0,1000,"2","1","2","4",3751.4445,888.4205
2023,2,24,47,"Female","2","44",40,32.675,0,1307,"2","1","2","1",26746.791,6623.4063
2023,8,12,28,"Female","1","44",50,23.08,0,1154,"2","1","2","4",18093.4214,4643.7495
2023,12,54,53,"Female","1","43",40,20.2,0,808,"2","1","2","1",3695.0902,893.6944
2023,3,12,54,"Female","1","44",40,34.61525,0,1384.61,"1","1","2","3",17463.1757,4213.4659
2023,6,45,40,"Female","1","36",80,29,0,2320,"2","1","2","4",10255.2634,2669.0288
2023,1,12,41,"Female","4","40",80,6,0,480,"2","1","2","4",19723.8139,4682.9492
2023,5,12,47,"Female","1","44",40,33.65375,0,1346.15,"2","1","2","3",17220.322,4270.9426
2023,7,10,41,"Female","1","39",40,15,0,600,"2","1","2","4",3658.5649,858.6123
2023,2,54,40,"Male","1","42",45,27.3502222222222,0,1230.76,"2","1","2","4",3402.8698,844.7873
2023,12,13,34,"Female","3","42",40,28.25,0,1130,"2","1","2","3",31038.7942,8268.7143
2023,11,51,31,"Male","1","43",40,49.03825,1,1961.53,"2","1","2","4",21721.3124,5274.6563
2023,4,13,54,"Male","1","42",40,30.5,0,1220,"1","1","2","1",17568.0312,4371.895
2023,3,37,59,"Female","1","40",9,7.40666666666667,0,66.66,"2","1","7","4",13622.1849,3425.5989
2023,6,13,54,"Female","2","39",40,57.69225,1,2307.69,"1","1","2","4",20627.1888,5194.866
2023,2,51,46,"Female","1","43",40,33.173,0,1326.92,"2","1","2","4",17942.2312,4409.6686
2023,2,37,39,"Female","1","39",40,14,0,560,"2","1","2","4",18235.9206,4576.9164
2023,7,12,41,"Female","1","43",40,12.5,0,500,"2","1","2","2",17928.7976,4287.0653
2023,12,10,40,"Female","1","41",40,41.19,1,1647.6,"2","1","2","4",3802.146,937.8999
2023,5,10,36,"Male","1","43",40,15,0,600,"2","1","2","4",3482.1716,882.9519
2023,5,51,53,"Male","1","43",45,49.3333333333333,1,2220,"2","1","2","4",18552.3063,4529.4361
2023,5,51,32,"Male","1","39",40,20,0,800,"2","1","2","4",19575.4226,4854.3391
2023,5,13,59,"Male","1","41",40,15,0,600,"1","1","2","4",18461.5441,4534.3638
2023,9,12,42,"Male","1","43",40,50,1,2000,"2","1","2","4",16001.5109,4013.3839
2023,4,51,55,"Female","1","44",50,76.8,1,3840,"2","1","2","4",16696.8645,4158.2304
2023,6,51,32,"Female","2","40",40,14.4,0,576,"2","1","2","4",18888.2092,4804.2893
2023,4,12,58,"Female","1","39",40,21.9,0,876,"2","1","2","3",18280.3997,4502.1226
2023,2,51,59,"Male","2","39",40,57.2,1,2288,"2","1","2","4",27782.6881,6122.3343
2023,2,51,41,"Female","1","39",40,26.44225,0,1057.69,"2","1","2","4",20370.2248,5186.8995
2023,10,37,54,"Female","1","43",40,38.925,0,1557,"2","1","2","3",14251.0669,3475.6327
2023,4,37,35,"Male","1","43",40,39,0,1560,"2","1","2","2",15630.1582,3999.6313
2023,10,12,45,"Male","2","40",40,25,0,1000,"2","1","2","4",17302.8386,4762.6169
2023,7,12,41,"Female","2","38",36,14,0,504,"2","1","2","4",24783.8375,6632.3289
2023,5,37,51,"Male","1","37",40,14.95,0,598,"2","1","2","4",20841.902,5146.9008
2023,10,37,28,"Male","1","37",32,10,0,320,"2","1","7","4",19828.4128,5032.9461
2023,6,37,32,"Male","1","41",40,36,0,1440,"2","1","2","4",14388.6468,3573.2596
2023,5,54,52,"Female","1","42",40,19.225,0,769,"2","1","2","2",3039.1399,738.6468
2023,4,10,29,"Male","6","39",30,10.7666666666667,0,323,"2","1","7","4",5743.2627,1512.2561
2023,3,54,50,"Female","1","39",40,17.34,0,693.6,"2","1","2","4",3099.013,741.9137
2023,3,11,44,"Female","2","43",36,77.4572222222222,1,2788.46,"2","1","4","1",2450.0832,637.0678
2023,4,54,38,"Male","2","39",40,16.825,0,673,"2","1","2","4",4920.3209,1268.6831
2023,6,12,32,"Female","1","42",40,20.95,0,838,"2","1","2","4",15097.5012,3675.9622
2023,8,11,28,"Male","1","34",40,20,0,800,"2","1","2","4",1639.7436,408.3381
2023,3,11,53,"Female","1","45",40,72.11525,1,2884.61,"2","1","2","1",1342.0441,326.1091
2023,5,37,38,"Female","1","43",40,72.11525,1,2884.61,"2","1","2","4",14950.0351,3721.4182
2023,2,11,36,"Female","1","44",40,72.11525,1,2884.61,"2","1","2","1",1659.2768,412.3588
2023,6,45,27,"Female","1","39",40,19,0,760,"2","1","2","4",15362.2168,3824.8221
2023,6,12,44,"Female","1","43",11,104.909090909091,1,1154,"2","1","7","4",14800.1416,3782.2029
2023,11,51,44,"Male","1","40",40,24,0,960,"2","1","2","2",20738.5341,5138.0389
2023,6,51,54,"Female","1","44",50,32.68,0,1634,"1","2","5","3",18789.9595,4759.3986
2023,8,37,32,"Male","2","40",40,25.22,0,1008.8,"2","1","2","1",17542.7221,4388.311
2023,7,37,47,"Female","1","46",40,69.7115,1,2788.46,"2","1","2","4",19628.0275,5052.3122
2023,8,37,59,"Female","2","40",40,8.6,0,344,"2","1","2","4",14161.462,4058.8495
2023,11,11,35,"Male","1","44",55,62.9090909090909,1,3460,"2","1","2","1",1725.0638,425.7223
2023,1,13,45,"Male","1","44",65,29.5856923076923,0,1923.07,"2","1","2","4",23579.7213,5767.8595
2023,12,13,49,"Male","1","43",50,47.6,1,2380,"2","2","5","4",23208.1564,6095.7536
2023,12,12,51,"Female","1","44",20,19,0,380,"2","1","7","4",17737.5309,4232.6209
2023,11,51,46,"Female","1","43",40,72.11525,1,2884.61,"2","1","2","4",19350.6873,5006.6542
2023,6,45,39,"Female","1","43",40,37.5,0,1500,"2","1","2","4",11111.065,2942.6193
2023,6,54,48,"Female","1","40",40,14.8,0,592,"2","1","2","4",3602.8582,942.5331
2023,8,54,55,"Female","1","40",40,21.9,0,876,"2","1","4","4",2671.4753,680.6431
2023,2,12,40,"Male","1","39",40,6.325,0,253,"2","1","2","4",14943.1795,3724.0466
2023,2,37,33,"Male","1","43",50,38.4614,0,1923.07,"2","1","2","4",14375.4853,3526.3659
2023,10,45,54,"Male","1","43",40,32.5,0,1300,"2","1","2","4",12773.5121,3233.2263
2023,5,37,38,"Male","1","43",50,53.846,1,2692.3,"2","1","2","4",17100.6473,4221.7208
2023,1,12,28,"Female","6","43",15,20,0,300,"2","2","10","3",28984.5747,7053.0086
2023,10,10,32,"Male","1","39",40,15,0,600,"2","1","2","4",3418.5371,867.2478
2023,10,51,45,"Male","1","40",40,27,0,1080,"2","1","2","4",22947.1684,5736.6283
2023,1,24,35,"Female","2","44",40,48.075,1,1923,"2","1","2","1",19873.7498,5187.5223
2023,2,24,28,"Male","5","40",40,5.625,0,225,"2","1","2","4",26714.0755,6881.6851
2023,9,37,59,"Male","3","43",40,9.6,0,384,"2","1","2","2",18742.3826,4918.9548
2023,12,54,41,"Female","1","44",40,30,0,1200,"2","1","2","3",4338.2383,1077.4771
2023,8,12,39,"Male","1","44",40,56.5,1,2260,"2","1","2","1",14093.0622,3573.1054
2023,1,10,34,"Male","1","39",40,22,0,880,"2","1","4","4",4599.4108,1130.6376
2023,1,12,45,"Male","2","45",40,10,0,400,"2","1","2","4",23782.4031,5418.6946
2023,5,51,57,"Male","1","44",60,43.3333333333333,1,2600,"2","1","2","1",17941.0059,4359.1222
2023,11,12,57,"Male","3","42",50,20,0,1000,"2","1","2","4",15212.6457,3775.9892
2023,12,51,43,"Male","1","34",40,19.23075,0,769.23,"2","1","2","4",19203.0912,4681.601
2023,5,24,58,"Female","2","39",40,10.95,0,438,"2","1","2","4",20559.54,4969.5688
2023,11,12,46,"Male","1","43",45,14.9777777777778,0,674,"2","1","2","4",19436.6357,4823.0416
2023,4,45,56,"Female","1","37",40,17.5,0,700,"2","1","2","4",9676.2678,2483.6744
2023,9,12,61,"Female","1","43",40,7.69225,0,307.69,"2","1","2","4",15506.1346,4025.41
2023,4,12,44,"Female","2","43",40,28.825,0,1153,"2","1","2","4",24624.8478,6237.8853
2023,3,45,59,"Male","1","39",40,22,0,880,"2","1","2","4",13750.8879,3411.551
2023,12,12,64,"Female","1","43",40,13.625,0,545,"2","1","2","4",17450.4736,4308.6439
2023,7,54,32,"Male","1","39",40,17.5,0,700,"2","1","2","4",3778.6141,960.3983
2023,5,13,35,"Female","1","43",40,29.8,0,1192,"2","1","2","4",16029.0881,4010.1089
2023,10,11,58,"Male","1","46",60,48.0768333333333,1,2884.61,"2","1","2","1",1555.2611,387.2093
2023,10,11,37,"Male","2","44",40,64.9,1,2596,"2","1","2","4",2641.7077,662.0766
2023,6,11,29,"Female","1","44",40,46.75,1,1870,"2","1","2","1",2009.0676,480.7994
2023,9,12,45,"Male","2","40",40,18,0,720,"2","1","2","4",28265.1293,7046.7603
2023,4,12,43,"Female","1","39",40,25,0,1000,"2","1","2","4",27236.7135,6831.9044
2023,4,51,25,"Female","2","43",40,40,1,1600,"2","1","2","4",24690.8281,6325.2334
2023,6,11,27,"Female","1","43",10,19.6,0,196,"2","1","7","4",2009.0676,480.7994
2023,1,54,36,"Female","1","43",40,20.673,0,826.92,"2","1","2","4",4155.9286,1023.6894
2023,8,12,47,"Male","2","43",40,34.42,0,1376.8,"2","1","2","4",27808.4605,7200.7664
2023,5,24,38,"Male","1","38",40,16.15,0,646,"2","1","2","4",20023.5419,5006.5906
2023,8,45,50,"Male","1","39",40,45.75,1,1830,"2","1","2","4",10743.3625,2650.6685
2023,5,54,63,"Female","1","39",40,19.23075,0,769.23,"2","1","2","4",2820.3116,720.1617
2023,7,10,48,"Male","1","39",45,42.6666666666667,1,1920,"2","1","2","4",3146.8074,775.9257
2023,2,11,49,"Female","1","44",45,55.5555555555556,1,2500,"2","1","2","1",1431.7101,350.0866
2023,1,37,27,"Male","1","43",40,50,1,2000,"2","1","2","4",18043.0558,4514.5047
2023,9,13,46,"Female","2","44",40,18,0,720,"2","1","2","3",25223.0351,6458.6874
2023,7,37,47,"Male","1","39",40,48,1,1920,"2","1","2","4",16129.3867,4027.1497
2023,7,54,36,"Female","1","41",35,12.3428571428571,0,432,"2","1","2","4",3237.8871,798.9292
2023,4,37,47,"Female","1","46",40,50,1,2000,"2","1","2","2",18533.4687,4862.333
2023,12,37,33,"Male","4","44",40,50,1,2000,"2","1","2","4",14877.6166,3655.2796
2023,6,37,46,"Male","1","40",40,62.5,1,2500,"2","1","2","2",16841.0177,4332.3737
2023,7,12,48,"Female","2","44",40,86.5,1,3460,"2","1","2","2",17263.4187,4497.6515
2023,1,12,26,"Male","1","35",40,10,0,400,"2","1","2","4",21792.1683,5404.7333
2023,12,51,48,"Female","1","44",40,43.25,1,1730,"2","1","2","3",17747.9258,4237.0106
2023,3,24,50,"Female","2","45",40,64.90375,1,2596.15,"2","2","5","4",25756.9187,6736.3024
2023,12,54,51,"Female","1","43",70,14,0,980,"2","1","2","4",3775.0956,913.0445
2023,7,12,31,"Male","1","43",40,27.4,0,1096,"2","1","2","4",20567.3637,5131.4934
2023,11,12,62,"Female","2","43",40,15,0,600,"2","1","2","3",25390.4189,5474.2091
2023,5,54,58,"Female","1","39",40,20,0,800,"2","1","2","4",2957.9724,697.9221
2023,8,54,47,"Female","1","40",40,31.25,0,1250,"2","1","2","4",3037.5104,748.759
2023,4,51,41,"Male","2","40",50,20,0,1000,"2","1","2","4",31191.175,8059.3428
2023,3,12,28,"Male","1","41",40,15.85,0,634,"2","1","2","4",20044.922,5023.2808
2023,8,12,51,"Male","1","43",50,35.4,0,1770,"2","1","2","4",18444.7664,4575.5357
2023,1,12,47,"Female","1","39",72,17.1388888888889,0,1234,"2","1","2","4",20864.2117,5179.9598
2023,4,11,53,"Male","2","40",40,27.5,0,1100,"2","1","2","4",2442.0036,584.6904
2023,9,13,64,"Female","2","44",16,10.875,0,174,"2","1","7","4",16647.8874,4019.2386
2023,5,13,26,"Female","4","43",40,13.5,0,540,"2","1","2","4",20301.3266,5079.9055
2023,5,24,58,"Female","1","43",35,46.92,1,1642.2,"2","1","2","4",23696.6004,5634.1584
2023,12,12,42,"Male","1","39",40,19.6,0,784,"2","1","2","4",20853.4954,5043.2488
2023,1,13,35,"Female","1","42",40,27.5,0,1100,"2","1","2","4",17654.1603,4290.4654
2023,6,45,27,"Male","1","39",39,19.2307692307692,0,750,"2","1","4","2",10791.3257,2768.3196
2023,2,11,34,"Male","1","44",45,50.8546666666667,1,2288.46,"2","1","2","1",1777.7816,434.9803
2023,5,12,42,"Male","1","39",40,72.11525,1,2884.61,"2","1","2","4",15220.8733,3800.2485
2023,4,37,38,"Male","2","45",40,32.5,0,1300,"2","1","2","3",30000.7197,7715.736
2023,8,10,33,"Male","1","44",40,52.8845,1,2115.38,"2","1","2","4",3873.0827,968.874
2023,8,24,34,"Male","1","43",40,55.28825,1,2211.53,"2","1","2","4",16113.2952,4107.78
2023,9,37,57,"Female","2","43",40,28.846,0,1153.84,"2","1","2","4",19873.1716,4723.6307
2023,6,13,41,"Female","1","40",40,18.75,0,750,"2","1","2","3",14398.0527,3558.5272
2023,4,10,58,"Female","2","42",40,10.95,0,438,"1","1","2","2",2889.2484,869.9312
2023,5,13,25,"Female","1","39",42,17.047619047619,0,716,"2","1","4","4",18448.3064,4576.866
2023,3,51,62,"Female","1","39",40,12.019,0,480.76,"2","1","2","4",17148.9824,4515.4236
2023,9,13,28,"Male","1","39",40,21.65,0,866,"2","1","2","4",18646.8922,4708.0239
2023,11,10,40,"Female","1","44",50,38.4614,0,1923.07,"1","1","2","2",3446.6259,868.6603
2023,4,24,43,"Female","4","43",40,31.25,0,1250,"2","1","2","4",17148.4811,4391.431
2023,11,51,60,"Male","1","39",40,72.11525,1,2884.61,"2","1","2","4",18396.4855,4150.4206
2023,4,24,25,"Female","1","43",40,72.11525,1,2884.61,"2","1","2","4",19673.1248,4876.1601
2023,4,13,31,"Male","1","39",40,18.75,0,750,"2","1","2","4",17807.7168,4406.295
2023,10,54,50,"Female","1","39",35,20,0,700,"2","1","4","3",2730.4187,665.2613
2023,1,45,37,"Female","2","41",40,25,0,1000,"2","1","2","4",14681.1561,3826.7293
2023,2,24,37,"Female","1","44",40,57.675,1,2307,"1","1","2","3",20115.0504,5121.6231
2023,12,45,43,"Male","1","40",40,26,0,1040,"2","1","2","4",13234.2358,3320.0277
2023,6,37,25,"Male","1","43",40,48,1,1920,"2","1","2","4",17793.4717,4412.6684
2023,5,51,39,"Male","1","41",40,33.75,0,1350,"2","1","2","4",19269.9935,4729.8083
2023,11,54,43,"Male","1","39",40,32.5,0,1300,"2","1","2","4",4071.3821,1009.7355
2023,2,11,46,"Male","2","44",40,62.5,1,2500,"2","1","2","3",2634.5186,658.357
2023,8,11,26,"Female","4","44",40,31.25,0,1250,"2","1","4","4",1380.444,339.772
2023,8,12,41,"Female","1","43",40,45,1,1800,"2","1","2","4",14406.1441,3704.6509
2023,2,11,29,"Female","1","44",40,39.90375,0,1596.15,"1","1","2","4",1851.2251,462.3255
2023,1,13,62,"Female","2","39",40,19,0,760,"2","1","2","4",11026.4129,3307.11
2023,10,24,50,"Female","4","43",40,62.5,1,2500,"2","1","4","4",24672.9588,6016.8883
2023,9,45,44,"Female","1","44",40,16,0,640,"2","1","2","4",9416.6922,2357.4769
2023,6,12,44,"Male","1","39",40,18,0,720,"2","1","2","4",16429.5906,4159.9572
2023,4,13,57,"Male","1","44",36,44.1666666666667,1,1590,"2","1","2","4",16401.5522,4246.9811
2023,1,12,46,"Male","1","43",40,57.69225,1,2307.69,"2","1","2","4",20500.4432,4859.4102
2023,4,12,32,"Male","2","39",35,12.5,0,437.5,"2","1","2","4",29929.7385,7587.8894
2023,2,37,63,"Male","1","39",40,21.625,0,865,"1","1","2","2",17559.9254,4412.8284
2023,4,51,35,"Female","7","40",40,25,0,1000,"2","1","2","4",17226.7844,4459.5663
2023,7,13,60,"Female","2","39",40,21.65,0,866,"2","1","2","4",18524.1786,5104.0165
2023,12,51,64,"Male","1","39",16,20,0,320,"2","2","10","4",19714.7077,5011.4131
2023,5,51,41,"Male","2","40",40,32.675,0,1307,"2","1","2","4",17597.936,4837.1898
2023,11,10,39,"Male","4","43",40,35.75,0,1430,"2","1","2","4",3981.8712,1004.0239
2023,5,54,45,"Female","1","44",40,29.67675,0,1187.07,"1","1","2","3",2867.1907,704.7361
2023,1,24,41,"Female","1","43",35,17,0,595,"2","1","2","4",19002.3943,4750.0584
2023,3,24,36,"Female","1","45",60,21.4743333333333,0,1288.46,"2","1","4","4",23760.4074,6004.0474
2023,1,45,31,"Female","2","39",40,17,0,680,"2","1","2","4",13039.4702,3269.4017
2023,2,37,63,"Female","2","41",40,25,0,1000,"2","1","2","2",18615.6643,4968.1475
2023,10,24,28,"Male","1","42",20,50,1,1000,"2","1","6","4",30387.5377,7757.326
2023,9,12,51,"Male","1","43",40,17.5,0,700,"2","1","2","4",23076.697,5727.2194
2023,11,51,36,"Male","4","43",40,70,1,2800,"2","1","2","1",20631.6016,5099.8562
2023,2,37,60,"Male","2","43",40,17,0,680,"2","1","2","4",11659.8986,3500.8925
2023,6,24,39,"Male","1","44",55,52.4474545454545,1,2884.61,"2","1","2","4",16730.1193,4259.4954
2023,10,13,53,"Female","1","44",60,32.0511666666667,0,1923.07,"2","1","2","4",20757.6,5093.1972
2023,9,45,56,"Female","1","39",40,12.95,0,518,"2","1","2","4",10319.5127,2596.2975
2023,10,12,55,"Female","1","39",34,15.5294117647059,0,528,"2","1","2","4",21244.5985,5605.8791
2023,12,51,37,"Female","1","40",40,13,0,520,"2","1","2","3",18777.9039,4619.4348
2023,10,12,61,"Female","1","43",40,16.82675,0,673.07,"2","1","2","4",17555.9952,4285.4164
2023,2,12,42,"Male","2","42",80,6.490375,0,519.23,"2","1","2","4",22829.5469,5678.586
2023,11,10,64,"Female","1","39",40,23.5,0,940,"2","1","2","4",2777.849,692.6245
2023,3,37,36,"Female","1","45",40,52.8845,1,2115.38,"2","1","2","2",13488.9319,3348.9132
2023,3,54,43,"Female","1","43",40,15,0,600,"2","1","2","2",3863.2116,980.4783
2023,8,37,31,"Male","1","43",50,21.1538,0,1057.69,"2","1","2","4",16256.5826,4064.0422
2023,1,12,32,"Female","1","43",40,36.05,0,1442,"2","1","2","4",21778.1082,5254.2507
2023,10,13,48,"Male","4","43",45,42.7348888888889,1,1923.07,"2","1","2","4",17394.3029,4449.876
2023,4,12,30,"Male","1","41",40,16.15,0,646,"2","1","2","4",27347.8651,6894.0202
2023,10,12,48,"Male","1","40",40,57.5,1,2300,"2","2","5","4",20852.9962,5137.6351
2023,2,51,51,"Male","6","44",40,72.11525,1,2884.61,"2","1","2","4",24905.1583,6248.0725
2023,8,37,40,"Female","1","40",40,21.67,0,866.8,"2","1","2","4",15124.1289,3744.7199
2023,11,54,63,"Male","1","42",40,57.675,1,2307,"2","1","2","4",3805.9223,859.5351
2023,8,54,43,"Male","1","35",40,20,0,800,"2","1","2","4",4087.4559,1050.7633
2023,9,51,25,"Male","1","39",40,25,0,1000,"2","1","2","4",17832.8365,4388.6363
2023,9,11,34,"Female","1","44",40,55.28825,1,2211.53,"2","1","2","1",1874.4079,464.712
2023,1,37,29,"Male","2","39",40,25,0,1000,"2","1","2","4",23707.1994,5939.3615
2023,2,45,45,"Female","2","44",40,40.3845,1,1615.38,"2","1","4","1",14346.3213,3577.2983
2023,7,10,44,"Male","1","39",40,22,0,880,"2","1","2","4",3231.5399,790.3538
2023,9,12,31,"Female","1","39",40,17,0,680,"2","1","2","4",17040.4808,4249.6654
2023,1,12,60,"Male","1","40",40,25,0,1000,"2","1","2","4",21403.832,5158.0709
2023,2,13,59,"Female","2","45",45,59.8288888888889,1,2692.3,"2","1","2","2",19112.7262,5023.3081
2023,1,12,27,"Female","2","39",40,12.019,0,480.76,"2","1","2","4",23766.0074,5590.4163
2023,4,51,53,"Female","1","41",40,12.1,0,484,"2","1","2","2",15713.9001,4108.1439
2023,3,24,63,"Male","1","35",40,37.5,0,1500,"2","1","2","4",17537.7998,4529.416
2023,10,13,25,"Male","1","31",40,15,0,600,"2","1","2","4",19192.6187,4901.1211
2023,9,12,61,"Female","2","42",35,21.4285714285714,0,750,"2","1","2","4",19631.0281,4687.2095
2023,8,51,28,"Male","8","43",40,33,0,1320,"2","1","2","4",26673.2794,6591.7843
2023,11,12,50,"Female","1","39",40,13.75,0,550,"2","1","2","4",17245.3569,4499.0253
2023,8,11,47,"Male","1","44",55,47.2027272727273,1,2596.15,"2","2","5","4",1894.2349,456.6489
2023,7,12,39,"Male","1","42",40,25,0,1000,"2","1","2","4",18639.8613,4607.6496
2023,7,12,33,"Male","1","39",40,19.25,0,770,"2","1","2","4",15669.4894,3909.489
2023,3,13,53,"Female","1","40",40,15,0,600,"2","1","2","4",20351.057,4943.394
2023,5,11,27,"Male","1","39",40,20,0,800,"2","1","2","4",2158.7913,549.6734
2023,8,12,46,"Female","2","39",40,21.85,0,874,"2","1","2","4",28303.5585,7901.5506
2023,1,51,35,"Male","1","44",40,33.46475,0,1338.59,"2","1","2","4",20983.0407,5230.5099
2023,12,45,58,"Male","1","39",60,32,0,1920,"2","1","2","4",14440.7633,3854.8233
2023,8,37,63,"Male","2","40",40,9,0,360,"2","1","2","4",25010.7781,6498.2796
2023,10,37,43,"Male","1","37",20,14.5,0,290,"2","1","7","4",17452.8691,4383.5737
2023,8,12,27,"Male","1","40",40,35,0,1400,"2","1","2","1",14701.5759,3765.362
2023,11,54,40,"Male","1","39",60,30,0,1800,"2","2","5","4",4115.9062,1020.7779
2023,12,51,28,"Female","1","44",40,40.75,1,1630,"2","1","2","4",21935.6426,5748.2714
2023,3,12,41,"Male","1","39",40,20.175,0,807,"2","1","2","4",22455.7668,5492.5811
2023,6,12,60,"Male","1","43",50,57.6922,1,2884.61,"2","1","2","4",14853.5443,3855.2758
2023,12,37,46,"Male","1","40",40,67.3,1,2692,"2","1","2","4",15654.3224,3999.2779
2023,9,37,61,"Female","1","42",40,43,1,1720,"2","1","2","4",14809.0075,3813.6965
2023,4,12,41,"Female","1","39",40,36.525,0,1461,"2","1","2","4",27021.616,6777.9506
2023,7,37,54,"Male","2","40",40,18.75,0,750,"1","1","2","3",18820.759,4588.5988
2023,5,11,45,"Female","1","44",40,24.03825,0,961.53,"2","1","2","1",1298.5235,321.5886
2023,3,12,60,"Male","2","39",40,21.25,0,850,"2","1","2","2",26958.9637,6362.9103
2023,4,12,53,"Male","1","39",40,48.075,1,1923,"2","1","2","4",21841.0883,5435.3661
2023,10,37,54,"Female","1","43",40,38.925,0,1557,"2","1","2","4",14531.7699,3544.0921
2023,7,13,49,"Male","1","43",40,70.673,1,2826.92,"2","1","2","4",18393.7452,4578.4945
2023,5,11,61,"Female","1","44",40,28.84,0,1153.6,"2","1","2","2",1233.8173,317.4422
2023,7,51,33,"Male","1","41",40,30,0,1200,"2","1","2","3",16112.6682,4009.3734
2023,10,12,64,"Female","1","43",40,15,0,600,"2","1","4","4",19129.8735,4669.6
2023,11,24,59,"Male","1","44",40,72,1,2880,"2","1","2","4",23190.4115,5852.3049
2023,11,37,44,"Female","1","43",40,24.05,0,962,"2","1","2","4",13479.6499,3301.6985
2023,10,51,43,"Male","1","33",40,15,0,600,"2","1","2","4",26462.843,6567.4094
2023,11,11,44,"Male","1","44",40,31.25,0,1250,"2","1","4","3",1605.1293,399.2852
2023,4,54,41,"Female","1","39",40,17.35,0,694,"1","2","5","3",3907.704,981.6882
2023,11,45,55,"Male","2","39",40,12.5,0,500,"2","1","2","4",10395.9594,2899.7546
2023,12,54,37,"Female","1","43",40,21.6345,0,865.38,"2","1","2","3",4577.8435,1127.6628
2023,12,11,29,"Male","1","43",50,46.1538,1,2307.69,"2","1","2","4",1802.1774,448.1341
2023,2,12,32,"Male","1","39",40,24.03825,0,961.53,"1","1","2","4",17303.2102,4204.5581
2023,10,54,64,"Female","1","40",55,17,0,935,"2","1","2","4",2428.9303,607.5612
2023,8,12,37,"Male","1","39",40,27,0,1080,"2","1","2","4",16434.2611,4112.2346
2023,12,37,28,"Female","2","39",32,14,0,448,"2","1","7","4",22907.064,5328.7265
2023,11,10,34,"Female","4","44",40,36.5,0,1460,"2","1","2","4",3542.9587,913.1258
2023,6,12,34,"Female","1","43",40,31.25,0,1250,"2","1","2","2",17028.2772,4146.0705
2023,2,45,40,"Female","2","39",40,22,0,880,"2","1","2","4",16244.6694,4143.4202
2023,2,51,25,"Female","1","40",40,25.25,0,1010,"2","1","2","4",20523.0958,5169.1836
2023,4,12,46,"Female","1","43",40,32,0,1280,"2","1","2","4",20120.0253,5294.0984
2023,9,54,25,"Male","2","39",40,19.225,0,769,"2","1","2","4",6323.587,1510.1282
2023,8,12,45,"Male","1","43",40,63,1,2520,"2","1","2","4",20055.7492,4954.4551
2023,5,51,43,"Female","2","44",50,31.6,0,1580,"2","1","2","4",24181.8836,5341.8719
2023,3,24,27,"Female","1","43",40,38.45,0,1538,"2","1","2","4",26392.899,6752.0877
2023,10,12,54,"Female","1","39",40,16.25,0,650,"2","1","2","4",17319.3084,4152.3748
2023,3,10,46,"Male","1","43",40,43.269,1,1730.76,"2","1","2","1",3105.2757,805.3827
2023,11,37,62,"Male","1","39",40,25,0,1000,"2","1","4","3",17816.8991,3984.9619
2023,4,45,43,"Male","1","39",48,14.4166666666667,0,692,"2","1","2","3",11370.0274,3045.7302
2023,9,12,59,"Female","1","42",40,31.25,0,1250,"2","1","2","4",15918.6687,4018.8141
2023,1,12,64,"Male","1","39",40,16,0,640,"2","1","2","4",17276.5674,4163.4488
2023,10,54,26,"Female","1","39",40,10.57675,0,423.07,"2","1","2","4",3834.1567,954.3838
2023,9,54,49,"Male","1","40",30,25,0,750,"2","1","6","4",3300.0349,834.1949
2023,3,45,27,"Male","1","40",40,25.04375,0,1001.75,"2","1","2","4",13101.7806,3438.7031
2023,2,45,61,"Female","1","43",20,13.25,0,265,"2","1","7","4",9635.8159,2641.1154
2023,4,51,60,"Male","1","44",50,36.92,0,1846,"2","1","2","4",19566.3372,4842.9897
2023,4,37,32,"Male","3","39",40,29.8,0,1192,"2","1","2","4",21536.701,5425.1615
2023,5,12,45,"Female","1","44",40,42.3075,1,1692.3,"1","1","2","3",17220.322,4270.9426
2023,8,45,44,"Female","1","43",40,45.25,1,1810,"2","1","2","4",10143.0986,2554.7198
2023,12,51,25,"Male","1","39",40,31.25,0,1250,"2","1","2","4",16108.1372,4001.274
2023,10,45,25,"Male","2","40",40,11.775,0,471,"2","1","2","4",14788.454,3838.0887
2023,5,37,35,"Female","1","40",40,18,0,720,"2","1","2","4",14813.5203,3687.4364
2023,5,12,38,"Male","1","43",40,72.11525,1,2884.61,"2","1","2","4",19929.5449,4957.8028
2023,7,10,59,"Male","1","37",30,22,0,660,"2","1","7","4",3137.759,765.0477
2023,6,13,27,"Male","6","43",42,21.5238095238095,0,904,"2","1","2","4",24696.4469,6018.6397
2023,5,12,50,"Female","1","39",40,17.5,0,700,"2","1","2","4",20636.2964,5060.9307
2023,9,51,25,"Male","1","44",40,13.94225,0,557.69,"2","1","2","2",21281.9468,5237.4576
2023,9,10,31,"Female","1","44",40,24,0,960,"2","1","2","3",4191.3766,1030.6909
2023,8,11,55,"Female","1","44",40,72.1,1,2884,"2","1","2","1",1339.5226,331.3093
2023,12,12,27,"Female","1","39",25,15.3844,0,384.61,"2","1","7","4",12617.0632,3299.7065
2023,2,12,35,"Female","1","40",40,27.3,0,1092,"2","1","2","4",17195.5684,4244.0007
2023,9,12,47,"Female","1","43",40,32,0,1280,"2","1","2","4",22843.3448,5731.2523
2023,2,13,27,"Female","2","43",40,26.425,0,1057,"2","1","2","1",40658.2575,9756.8473
2023,3,54,61,"Male","1","43",40,62.5,1,2500,"2","1","2","4",3057.1609,770.1415
2023,2,51,58,"Male","1","41",25,12,0,300,"2","1","7","4",20443.8669,4856.5047
2023,10,24,50,"Male","2","46",40,72.11525,1,2884.61,"1","1","2","3",25530.0495,7097.4021
2023,12,12,49,"Female","2","41",38,16.8421052631579,0,640,"1","1","2","3",20849.8709,4680.719
2023,12,37,50,"Male","1","32",40,22.5,0,900,"2","1","2","4",11586.9225,2969.2293
2023,12,51,60,"Female","2","39",25,14,0,350,"2","1","7","4",19349.5379,4712.0601
2023,5,13,39,"Male","6","43",80,18.75,0,1500,"2","1","2","4",15345.8076,3864.9623
2023,5,11,59,"Female","4","42",40,21,0,840,"2","1","2","4",1418.1454,342.0988
2023,1,37,32,"Female","1","43",40,15.375,0,615,"2","1","2","4",14241.6322,3531.114
2023,12,13,42,"Male","1","43",40,57.69225,1,2307.69,"2","1","2","4",28632.4402,7167.1179
2023,10,13,35,"Female","1","46",40,44.75,1,1790,"2","1","2","1",16572.2804,4291.7124
2023,12,24,41,"Male","1","32",25,20,0,500,"2","1","7","4",15313.861,3694.9038
2023,11,10,50,"Male","1","39",38,20.3684210526316,0,774,"1","1","4","2",3383.8637,865.177
2023,3,51,25,"Male","2","40",32,17,0,544,"2","1","6","4",51260.5368,14021.8927
2023,1,51,34,"Female","1","39",32,15.5,0,496,"2","1","7","4",23659.2587,5848.3299
2023,4,13,36,"Male","1","39",45,28,0,1260,"2","1","2","4",14960.4406,3851.2866
2023,11,12,55,"Male","1","40",40,18.75,0,750,"2","1","2","3",17741.3911,4416.4255
2023,10,37,52,"Male","1","40",40,60,1,2400,"1","1","2","3",14479.7266,3697.8949
2023,8,10,63,"Female","1","39",40,21,0,840,"2","1","2","4",3807.4111,890.8682
2023,7,37,29,"Male","1","43",40,31.25,0,1250,"2","1","2","4",15839.9119,3964.6617
2023,4,51,26,"Male","1","39",40,19.23075,0,769.23,"2","1","3","4",17760.2361,4559.6393
2023,9,13,54,"Female","2","44",40,28.846,0,1153.84,"2","2","5","3",30573.0136,7828.6192
2023,10,24,60,"Male","4","40",40,62.5,1,2500,"2","1","2","4",26806.2968,6800.4916
2023,10,37,36,"Female","1","43",50,19.0908,0,954.54,"2","1","2","4",16299.7093,4195.6701
2023,2,54,45,"Female","1","39",40,15.7335,0,629.34,"2","1","2","4",3387.3452,829.9429
2023,2,12,49,"Male","1","40",60,48.0768333333333,1,2884.61,"2","1","2","4",18135.3325,4552.1928
2023,4,51,51,"Female","1","44",28,60,1,1680,"1","1","2","4",15713.9001,4108.1439
2023,10,12,43,"Male","1","39",40,23,0,920,"2","1","2","4",17080.3869,4231.6108
2023,4,51,38,"Male","1","40",30,26,0,780,"2","1","7","4",16210.3691,4206.9464
2023,4,12,56,"Male","2","39",40,14.4,0,576,"2","1","2","4",28114.1922,5107.265
2023,12,11,27,"Female","1","43",40,54.8075,1,2192.3,"2","1","2","4",1772.466,467.9242
2023,5,51,52,"Male","4","40",50,13.0768,0,653.84,"2","1","2","4",25713.7759,6283.16
2023,9,54,58,"Male","1","39",50,40.76,1,2038,"2","1","2","4",3437.2832,903.0463
2023,9,45,39,"Female","1","34",40,16.15,0,646,"2","1","2","4",8678.7254,2217.4828
2023,4,12,26,"Male","1","40",40,22,0,880,"2","1","2","4",25823.7448,6556.3025
2023,11,51,37,"Male","1","43",45,30.3333333333333,0,1365,"2","1","2","4",21658.4343,5323.465
2023,5,13,38,"Male","2","39",40,14,0,560,"1","1","2","4",22444.4537,6087.4838
2023,5,37,32,"Female","3","43",40,24.05,0,962,"2","1","2","4",27548.7143,6858.8526
2023,3,11,51,"Male","1","43",40,57.69225,1,2307.69,"2","1","2","1",1613.0612,404.2924
2023,4,12,51,"Male","1","42",40,22.5,0,900,"2","1","2","4",18724.382,4645.4175
2023,12,37,54,"Female","1","40",40,30.75,0,1230,"2","1","2","4",13724.0749,3294.1343
2023,3,13,45,"Female","2","43",40,25,0,1000,"2","1","2","4",27777.5237,7189.7625
2023,3,54,29,"Female","1","42",50,34.65,0,1732.5,"2","1","2","4",4397.6257,1097.3732
2023,9,54,48,"Male","1","39",40,27.4,0,1096,"2","1","2","4",3331.4281,842.1306
2023,6,54,53,"Male","1","39",40,18,0,720,"2","1","2","4",3415.6179,879.4645
2023,1,12,42,"Male","1","43",40,72.11525,1,2884.61,"2","1","2","4",16412.7593,3937.0438
2023,3,24,62,"Female","1","45",40,72.11525,1,2884.61,"2","1","4","4",19029.2194,4984.5419
2023,10,45,26,"Male","1","39",45,28,0,1260,"2","1","2","4",18925.9608,4761.2814
2023,1,37,37,"Female","1","39",20,100,1,2000,"2","1","7","4",12761.9497,3130.2491
2023,10,12,56,"Female","1","43",24,44,1,1056,"2","1","2","4",18903.6836,4988.1745
2023,1,24,55,"Male","2","39",40,48.07675,1,1923.07,"2","1","2","3",14494.3186,4313.7783
2023,6,10,52,"Female","2","39",40,17.3,0,692,"1","1","2","4",3596.4719,915.2264
2023,5,54,34,"Male","1","39",35,17.1428571428571,0,600,"2","1","2","4",4028.4837,1003.4089
2023,7,11,57,"Male","2","43",40,25,0,1000,"2","1","2","3",2560.084,707.5611
2023,9,51,26,"Female","1","39",40,14.4,0,576,"2","1","4","4",22659.9493,5574.4865
2023,3,12,35,"Female","1","37",40,14.4,0,576,"2","1","2","4",17608.164,4404.8102
2023,9,54,56,"Female","1","41",40,18.45,0,738,"2","1","2","4",3244.2544,820.3645
2023,4,12,28,"Female","2","43",36,37.5,0,1350,"2","1","2","4",24855.4491,6296.8091
2023,3,45,61,"Female","1","44",40,36.425,0,1457,"2","1","2","2",11172.8304,3013.1456
2023,7,45,41,"Male","1","43",40,72.11525,1,2884.61,"2","1","2","4",13557.2578,3430.4212
2023,5,45,57,"Male","1","39",40,26,0,1040,"2","1","2","2",10308.0531,2607.983
2023,1,51,32,"Female","2","41",40,16.25,0,650,"2","1","2","4",22249.5174,5483.3486
2023,8,12,34,"Female","2","40",24,14,0,336,"2","1","7","4",24025.5792,6501.7611
2023,3,12,50,"Female","1","43",50,17.68,0,884,"1","1","2","3",17815.9668,4298.5864
2023,2,11,42,"Male","1","45",50,57.6922,1,2884.61,"2","1","2","4",1755.9275,435.0511
2023,5,45,25,"Female","2","44",40,16.82675,0,673.07,"2","1","2","4",13138.378,3514.4493
2023,10,10,39,"Female","1","35",40,10.5,0,420,"2","1","2","4",2682.0138,699.2281
2023,1,13,35,"Male","1","43",40,57.675,1,2307,"2","1","2","4",25104.6193,6203.7173
2023,7,45,51,"Female","1","46",40,72.11525,1,2884.61,"2","1","2","4",12030.3614,3139.295
2023,4,54,26,"Female","1","41",35,15,0,525,"2","1","2","4",4864.275,1207.1287
2023,6,54,40,"Female","1","42",40,34.5,0,1380,"2","1","2","4",2700.1326,686.4061
2023,10,12,27,"Female","1","43",40,37.5,0,1500,"2","1","2","3",18536.269,4540.2372
2023,3,51,30,"Male","1","45",60,17.6281666666667,0,1057.69,"2","1","2","4",21659.6344,5488.6526
2023,8,45,59,"Female","1","43",40,17.5,0,700,"2","1","2","4",9149.3789,2306.3758
2023,3,12,46,"Female","1","42",40,21,0,840,"2","1","2","4",17513.0295,4287.8523
2023,1,51,27,"Male","2","39",40,20,0,800,"2","1","2","4",24019.4835,5999.3186
2023,11,37,25,"Male","2","44",35,10.2,0,357,"2","1","2","4",23443.5125,6018.8072
2023,2,12,26,"Female","1","43",40,49.75,1,1990,"2","1","2","4",19184.7836,4758.2588
2023,10,13,54,"Male","1","39",23,11.4782608695652,0,264,"2","1","6","4",14268.082,3665.9511
2023,7,11,50,"Female","4","44",40,67.3075,1,2692.3,"2","1","2","1",1609.695,410.1509
2023,8,45,42,"Female","2","43",40,20.19225,0,807.69,"2","1","4","2",14260.1666,3428.8282
2023,10,45,31,"Female","2","40",40,16,0,640,"2","1","2","4",11690.5729,2867.7736
2023,8,37,52,"Female","2","42",40,15,0,600,"2","1","2","2",21530.9303,5877.0153
2023,9,37,35,"Female","1","43",50,46,1,2300,"2","1","2","4",17729.759,4438.2169
2023,4,13,54,"Female","1","39",60,40,1,2400,"1","1","2","4",17472.217,4531.0312
2023,7,37,50,"Female","1","40",37,21,0,777,"2","1","2","3",16893.1225,4314.4928
2023,12,45,48,"Female","1","44",40,26.44225,0,1057.69,"2","1","2","2",13070.9392,3208.2275
2023,6,11,48,"Female","1","46",40,33.65,0,1346,"2","1","2","2",1287.0948,331.3465
2023,3,12,52,"Female","2","44",40,45.15,1,1806,"2","1","2","4",20673.2317,5315.0505
2023,7,12,41,"Male","2","39",40,36,0,1440,"2","1","4","4",25201.7121,6222.002
2023,10,37,34,"Male","2","40",40,19,0,760,"2","1","4","4",23187.8141,6163.2097
2023,4,12,51,"Male","1","39",40,16.85,0,674,"2","1","2","4",20085.0386,4998.3561
2023,7,51,47,"Male","1","39",40,24.8,0,992,"2","1","2","3",14947.6764,3708.7682
2023,11,37,53,"Male","1","44",40,67.3075,1,2692.3,"2","1","2","4",19533.9232,4853.8297
2023,3,45,28,"Male","2","39",40,25.8,0,1032,"1","1","2","4",20747.3498,5812.7666
2023,4,24,39,"Female","1","43",40,58.625,1,2345,"2","1","2","2",15907.3674,3975.3498
2023,12,11,45,"Female","9","44",40,57.5,1,2300,"2","1","2","1",1957.7411,466.0431
2023,2,12,61,"Female","1","42",40,25,0,1000,"2","1","2","1",17745.2088,4716.5313
2023,4,54,35,"Male","1","40",35,12.8571428571429,0,450,"2","1","2","4",3624.9492,929.9777
2023,7,37,55,"Female","1","39",40,16.325,0,653,"2","1","2","4",17613.9558,4439.253
2023,12,12,62,"Female","2","42",33,11.6548484848485,0,384.61,"2","1","7","4",21004.6981,5074.1692
2023,10,37,35,"Male","7","40",45,28.5555555555556,0,1285,"2","1","2","4",15157.4495,3787.3499
2023,2,54,44,"Male","1","44",40,44.7115,1,1788.46,"2","1","2","3",3440.6483,854.1661
2023,4,24,46,"Male","1","43",40,45,1,1800,"2","1","2","4",23494.31,5803.3317
2023,9,12,49,"Female","2","40",40,64,1,2560,"1","1","2","3",20495.73,5190.3539
2023,12,37,48,"Male","2","43",25,13.49,0,337.25,"2","1","7","4",18635.8891,4810.1833
2023,6,37,31,"Female","1","43",40,14.4,0,576,"2","1","2","4",17261.5559,4204.8782
2023,5,51,45,"Male","1","43",40,45.19225,1,1807.69,"2","1","2","4",18385.0603,4503.965
2023,7,51,40,"Female","3","42",40,31.014,0,1240.56,"2","1","4","4",21928.9556,5270.4785
2023,9,51,36,"Male","1","44",45,32,0,1440,"2","1","2","4",20501.2773,5060.5172
2023,1,12,48,"Female","1","39",40,28.825,0,1153,"2","1","2","4",20864.2117,5179.9598
2023,6,24,45,"Female","2","39",40,32.2115,0,1288.46,"2","1","2","4",23710.4151,6117.8922
2023,11,24,60,"Female","1","43",40,20,0,800,"2","1","2","4",26490.6421,6483.3204
2023,9,54,33,"Female","1","39",20,43.8,1,876,"2","1","8","4",4318.803,1077.2351
2023,4,24,25,"Female","2","43",40,16,0,640,"2","1","2","4",17530.5957,4434.0775
2023,12,12,47,"Female","1","43",40,26.53825,0,1061.53,"2","1","2","4",17222.0444,4013.7152
2023,7,12,32,"Male","1","43",40,55.28825,1,2211.53,"2","1","2","4",15237.693,3801.7571
2023,6,12,51,"Male","1","44",45,53.3333333333333,1,2400,"2","1","2","4",17705.3985,4509.795
2023,7,37,52,"Female","1","39",40,9.61525,0,384.61,"2","1","2","4",16893.1225,4314.4928
2023,4,51,43,"Male","4","44",40,64.5,1,2580,"2","1","2","1",18671.4995,4907.148
2023,9,13,25,"Male","6","39",30,15.74,0,472.2,"2","1","7","4",24450.3349,6139.222
2023,11,37,57,"Male","1","33",40,26,0,1040,"2","1","2","4",17631.1438,4324.3965
2023,11,12,44,"Female","1","39",40,14,0,560,"2","1","2","4",16290.9517,4037.3611
2023,4,45,56,"Male","1","46",40,48.07675,1,1923.07,"2","1","2","4",10373.3552,2782.2948
2023,6,12,31,"Male","1","44",40,43.25,1,1730,"2","1","2","1",18514.1569,4595.5877
2023,7,45,64,"Male","1","39",40,15.74,0,629.6,"2","1","2","4",10465.7786,2751.718
2023,5,10,35,"Female","1","43",40,25,0,1000,"2","1","2","4",2736.4521,699.6229
2023,8,45,32,"Male","1","39",48,34.7916666666667,0,1670,"2","1","2","4",12801.9734,3255.5887
2023,9,13,25,"Female","1","40",38,16,0,608,"2","1","2","4",24968.3282,6301.7103
2023,9,12,47,"Male","1","43",40,57.5,1,2300,"2","1","2","4",16998.0047,4289.8898
2023,4,45,33,"Female","2","46",38,9.5,0,361,"2","1","2","4",18279.6032,4917.4371
2023,8,24,33,"Female","2","43",40,32,0,1280,"2","1","2","4",23303.2561,6330.6744
2023,1,37,43,"Female","1","42",40,72.11525,1,2884.61,"2","1","2","4",13615.2122,3350.7385
2023,8,54,55,"Male","1","45",40,20,0,800,"2","1","2","4",2841.3725,721.1859
2023,5,13,35,"Male","2","39",30,11.75,0,352.5,"2","1","8","4",21262.2027,5729.8783
2023,1,37,32,"Female","1","39",40,31,0,1240,"2","1","2","4",14241.6322,3531.114
2023,3,45,42,"Male","1","43",40,15,0,600,"2","1","2","3",10088.1522,2547.0765
2023,5,12,50,"Male","1","43",40,40.75,1,1630,"2","1","2","4",17146.6766,4242.8344
2023,7,10,58,"Male","1","42",40,20,0,800,"2","1","2","4",3137.759,765.0477
2023,6,12,27,"Male","1","39",40,24.05,0,962,"2","1","2","4",22577.5063,5596.4041
2023,5,51,59,"Female","1","40",40,31.25,0,1250,"2","1","2","4",17066.4498,4009.0236
2023,5,37,38,"Male","4","46",40,42.75,1,1710,"2","1","2","1",19823.3353,4967.6519
2023,5,12,62,"Male","1","42",40,39.423,0,1576.92,"2","1","2","4",16064.5491,4057.7917
2023,2,12,48,"Male","1","37",40,16.346,0,653.84,"2","1","2","4",18135.3325,4552.1928
2023,4,51,26,"Female","1","39",15,10,0,150,"2","1","7","4",20747.3512,5208.3668
2023,12,12,47,"Male","1","43",30,9,0,270,"2","1","7","4",16050.5058,4067.286
2023,7,37,47,"Female","1","42",40,35,0,1400,"2","1","2","3",17492.4651,4600.1882
2023,2,24,62,"Female","1","42",40,28.846,0,1153.84,"2","1","4","4",18887.6304,5141.2825
2023,4,54,49,"Female","1","44",40,67.5,1,2700,"2","1","4","1",3254.6696,856.0693
2023,9,12,50,"Female","1","43",40,42,1,1680,"2","1","2","4",18355.6917,4598.151
2023,11,12,35,"Female","1","43",40,24.025,0,961,"2","1","2","4",21549.7816,5245.4014
2023,8,12,33,"Female","1","42",20,22,0,440,"2","1","7","4",18128.5311,4673.2994
2023,9,12,39,"Male","2","41",40,20,0,800,"2","1","2","4",24355.4201,6526.6147
2023,8,12,49,"Male","1","43",45,51.2768888888889,1,2307.46,"2","1","2","4",22797.9504,5631.8724
2023,12,54,52,"Female","1","39",40,16.85,0,674,"2","1","2","4",3804.1597,920.0739
2023,5,45,62,"Male","1","34",45,18.4722222222222,0,831.25,"2","2","5","4",10066.0651,2612.3231
2023,1,11,32,"Female","1","44",40,19.225,0,769,"2","1","4","4",1755.7321,431.0545
2023,8,12,58,"Female","1","34",40,21,0,840,"2","1","2","4",15963.1727,4045.8638
2023,1,45,44,"Female","1","41",40,12.5,0,500,"2","1","2","4",15003.5742,3745.1799
2023,3,37,53,"Male","1","42",40,72.11525,1,2884.61,"2","1","2","4",15145.9196,3767.2572
2023,2,24,55,"Female","1","43",30,33.3333333333333,0,1000,"2","1","7","4",20520.3417,5188.4455
2023,6,37,36,"Female","2","39",40,21.95,0,878,"2","1","2","2",24055.4315,5528.3007
2023,2,12,31,"Male","1","39",40,32,0,1280,"2","1","2","4",15951.1784,3876.0239
2023,7,51,34,"Male","1","43",40,27.9,0,1116,"2","1","2","4",15303.6146,3808.0537
2023,4,51,45,"Male","1","40",40,24.05,0,962,"2","1","2","4",18859.8089,4718.3079
2023,12,54,62,"Female","1","43",40,24.03825,0,961.53,"2","1","2","4",3229.2163,821.1768
2023,6,45,39,"Male","2","38",40,11.25,0,450,"2","1","2","4",17631.7165,4012.7245
2023,10,51,27,"Female","1","39",35,27.4857142857143,0,962,"2","1","2","4",19645.542,4820.2528
2023,2,12,31,"Male","1","39",40,43.5,1,1740,"1","1","2","1",19897.1814,4904.7832
2023,2,45,46,"Male","1","39",44,20,0,880,"2","1","2","4",16232.2135,4267.9392
2023,7,10,54,"Female","2","43",38,32.8947368421053,0,1250,"2","1","2","4",3806.034,982.8099
2023,6,37,28,"Female","2","42",40,21.9,0,876,"2","1","2","4",26803.0483,6368.4254
2023,6,24,50,"Male","1","43",40,76.5,1,3060,"2","1","2","1",17273.1964,4494.3651
2023,8,11,26,"Female","1","43",40,37.5,0,1500,"2","1","2","4",1599.7378,400.6715
2023,6,54,33,"Male","1","37",38,21,0,798,"2","1","2","4",2654.6873,666.1138
2023,12,37,63,"Female","1","41",40,21.625,0,865,"2","1","4","4",10516.2939,2653.9731
2023,7,10,25,"Male","1","39",40,30,0,1200,"2","1","2","4",3726.1333,933.6593
2023,2,11,60,"Male","1","43",50,57.6922,1,2884.61,"2","1","2","4",2010.8473,504.0339
2023,8,45,50,"Male","1","39",40,24.05,0,962,"2","1","2","4",12079.0276,2980.212
2023,12,12,35,"Female","1","44",40,48,1,1920,"2","1","2","4",17909.5736,4352.6703
2023,1,24,38,"Female","1","43",40,50.48075,1,2019.23,"2","1","2","4",17765.1167,4425.929
2023,5,54,33,"Male","1","42",40,38.45,0,1538,"1","1","2","4",3926.6823,978.0524
2023,8,12,26,"Female","1","40",40,91.5,1,3660,"2","1","2","4",15621.194,4009.2423
2023,5,12,43,"Female","1","43",47,26.5957446808511,0,1250,"2","1","2","4",15832.3594,3976.6614
2023,4,54,28,"Female","1","39",40,30.275,0,1211,"2","1","2","4",4632.7996,1149.6853
2023,11,54,30,"Male","1","46",40,24.03825,0,961.53,"2","1","4","3",4548.6942,1099.7417
2023,2,11,35,"Male","1","44",40,57.69225,1,2307.69,"2","1","2","1",1813.7818,453.4364
2023,8,45,57,"Female","1","40",40,21.25,0,850,"2","1","2","4",10508.709,2649.0358
2023,7,13,54,"Female","1","40",40,25.95,0,1038,"2","1","2","4",16571.4747,4219.4281
2023,12,51,39,"Male","2","43",40,20,0,800,"2","1","2","4",25280.89,6534.4591
2023,8,37,31,"Female","1","39",40,20,0,800,"2","2","5","2",15807.2446,3984.1887
2023,7,37,53,"Female","2","33",45,15.0222222222222,0,676,"2","1","2","4",18694.6794,4994.0845
2023,5,12,52,"Male","7","42",60,35.6666666666667,0,2140,"1","1","2","1",26132.2213,6471.7016
2023,10,12,28,"Male","1","43",45,27.7777777777778,0,1250,"2","1","2","4",18395.5876,4611.4472
2023,9,45,47,"Male","1","41",50,28,0,1400,"2","1","2","4",10312.3033,2593.6297
2023,3,51,54,"Male","1","42",40,23.075,0,923,"2","1","2","4",19456.8741,4951.3367
2023,5,37,48,"Male","1","42",40,48,1,1920,"2","1","2","4",14182.8475,3494.6877
2023,3,13,59,"Male","1","43",20,89.423,1,1788.46,"2","1","7","2",20608.3873,4914.8
2023,5,13,57,"Male","2","39",40,17,0,680,"2","1","2","4",17501.8974,4193.3596
2023,10,13,32,"Female","1","43",40,38.4615,0,1538.46,"2","1","2","4",17754.2923,4436.6672
2023,4,54,38,"Female","1","44",40,40.44,1,1617.6,"2","1","2","4",3977.2396,995.1525
2023,3,51,31,"Female","1","41",40,15.38,0,615.2,"2","1","2","4",16963.8936,4368.3317
2023,12,54,54,"Male","1","38",56,24.5535714285714,0,1375,"2","1","2","4",3219.5126,833.2222
2023,3,51,50,"Female","4","43",40,25,0,1000,"1","1","2","1",21478.6682,5285.0896
2023,8,11,34,"Male","1","43",40,72,1,2880,"2","1","2","1",1641.4366,409.5641
2023,2,12,36,"Female","1","44",60,32.05,0,1923,"2","1","2","4",15089.7014,3751.5847
2023,1,13,28,"Female","1","43",36,14,0,504,"2","1","2","3",14857.3081,3727.0448
2023,6,13,31,"Female","1","44",40,23.07675,0,923.07,"2","1","2","4",17933.4509,4291.3927
2023,5,54,56,"Female","1","40",10,25,0,250,"2","1","7","4",2895.1455,683.0983
2023,7,51,51,"Female","1","43",40,26.425,0,1057,"2","1","2","1",14574.0966,3698.9422
2023,1,13,30,"Female","1","44",40,40,1,1600,"2","1","2","1",15488.1304,3856.0738
2023,3,12,46,"Female","1","42",40,72.11525,1,2884.61,"2","1","2","4",18854.5729,4616.3129
2023,3,45,36,"Female","2","40",36,7.69222222222222,0,276.92,"2","1","2","2",14978.989,4132.348
2023,2,51,28,"Female","1","43",60,46.4666666666667,1,2788,"2","1","2","4",23492.6694,5896.9861
2023,4,37,30,"Male","1","40",40,28.846,0,1153.84,"1","1","4","4",18838.4911,4633.4723
2023,5,12,34,"Female","11","40",40,13.45,0,538,"2","1","2","4",35060.6954,8796.0069
2023,8,13,50,"Male","1","32",40,12,0,480,"2","1","2","4",13942.8506,3399.401
2023,6,12,54,"Female","1","42",40,18.5,0,740,"2","1","2","3",16744.5506,4258.6405
2023,9,54,34,"Female","1","39",40,16.25,0,650,"2","1","2","4",4318.803,1077.2351
2023,6,12,34,"Male","1","39",40,18.15,0,726,"2","1","2","4",16634.2478,4128.9563
2023,12,12,44,"Female","2","40",40,35,0,1400,"2","1","2","4",17848.2729,4559.2506
2023,5,12,47,"Male","1","43",40,72.11525,1,2884.61,"2","1","2","4",16362.7093,4062.7029
2023,1,11,37,"Female","1","44",40,48.07675,1,1923.07,"2","1","2","1",1555.2671,377.7364
2023,4,13,30,"Male","1","40",25,16,0,400,"2","1","7","4",18380.1474,4547.9357
2023,5,12,35,"Female","1","40",25,20.1616,0,504.04,"2","1","7","4",15065.7879,3778.9662
2023,12,37,33,"Female","1","41",40,25,0,1000,"2","1","2","4",16294.34,4218.07
2023,9,24,55,"Male","2","44",40,35,0,1400,"2","1","2","4",29116.074,7337.9583
2023,4,12,53,"Female","2","40",40,14,0,560,"2","1","2","4",21913.3525,5312.1726
2023,8,13,27,"Male","1","39",40,18,0,720,"2","1","2","4",23297.5776,5872.2167
2023,3,37,46,"Female","2","43",45,26.4955555555556,0,1192.3,"2","1","2","4",21946.5537,5639.3636
2023,8,24,62,"Male","1","43",20,18.75,0,375,"2","1","7","3",16047.0653,4050.3467
2023,2,45,25,"Female","1","43",40,21.6345,0,865.38,"2","1","2","2",11836.6645,3027.4555
2023,2,12,29,"Female","1","40",42,20.6042857142857,0,865.38,"2","1","2","4",15857.8395,3946.5401
2023,11,13,28,"Male","1","39",60,16.0255,0,961.53,"2","1","2","4",16574.91,4087.5421
2023,10,13,28,"Male","1","39",40,34.5,0,1380,"2","1","2","4",17063.7237,4357.4761
2023,5,51,53,"Female","1","43",80,12.98075,0,1038.46,"2","1","2","4",18390.8309,4450.1033
2023,3,13,39,"Female","2","36",40,10,0,400,"2","1","2","4",15348.0157,4070.1211
2023,3,13,28,"Male","1","45",50,55.7692,1,2788.46,"2","1","2","4",18934.3261,4776.9966
2023,4,10,47,"Female","2","44",50,57.6922,1,2884.61,"2","1","2","4",3437.4231,868.4684
2023,5,51,44,"Female","1","45",40,38.4615,0,1538.46,"2","1","2","4",13325.4009,3277.6403
2023,5,13,29,"Female","2","39",40,19,0,760,"2","1","2","1",19474.2059,5057.0299
2023,1,12,32,"Female","1","44",40,25,0,1000,"2","1","2","2",20096.5198,4848.5457
2023,12,54,33,"Male","1","44",50,13,0,650,"1","1","2","3",5571.1317,1388.61
2023,8,24,48,"Male","2","43",40,33.75,0,1350,"2","1","2","4",20853.1907,5383.8245
2023,1,12,44,"Male","1","39",40,17.3075,0,692.3,"2","1","2","4",18981.4442,4553.2123
2023,10,13,50,"Female","1","39",40,24.55,0,982,"2","1","4","4",25918.7201,6359.5576
2023,1,13,60,"Female","2","41",40,8.75,0,350,"2","1","2","4",16311.2935,4892.184
2023,4,51,33,"Male","1","43",40,21.625,0,865,"2","1","2","4",20594.262,5137.1729
2023,6,11,51,"Male","2","43",40,72,1,2880,"2","1","2","1",3056.2598,767.474
2023,7,12,41,"Female","1","39",40,20.175,0,807,"2","1","2","4",18222.614,4357.3215
2023,7,12,59,"Male","1","43",40,39.05,0,1562,"2","1","2","4",21522.6283,5294.5173
2023,4,13,60,"Female","1","39",40,20,0,800,"2","1","2","3",20538.7105,4892.538
2023,8,37,52,"Female","4","40",35,14.6428571428571,0,512.5,"2","1","2","4",18285.0799,4403.9213
2023,7,51,36,"Male","1","39",40,26.875,0,1075,"2","1","2","4",22043.2289,5425.9305
2023,11,13,26,"Male","1","39",40,27,0,1080,"2","1","2","4",20277.5098,5000.6411
2023,9,54,42,"Male","1","44",40,64.90375,1,2596.15,"2","1","2","4",4063.9749,1020.9431
2023,10,37,34,"Female","1","35",40,19.5,0,780,"2","1","2","4",19654.8723,4921.9965
2023,3,54,52,"Male","1","40",40,16.81,0,672.4,"2","1","2","3",3332.2133,822.8325
2023,4,37,40,"Female","2","41",40,24.01,0,960.4,"2","2","5","3",16622.6218,4206.4347
2023,11,37,40,"Female","1","44",5,75.2,1,376,"2","1","7","4",13470.9722,3299.573
2023,10,11,42,"Female","2","39",40,20,0,800,"2","1","2","4",3241.2978,844.6787
2023,12,12,59,"Male","2","43",40,33,0,1320,"2","1","2","4",22427.7238,5473.4192
2023,8,45,47,"Female","1","43",40,40.75,1,1630,"2","1","2","4",10405.8421,2537.8838
2023,8,51,59,"Male","1","43",40,64.9,1,2596,"2","1","2","4",18311.3945,4513.028
2023,8,51,40,"Female","1","40",40,26.25,0,1050,"2","1","2","1",15687.9489,3877.8959
2023,5,51,41,"Male","4","44",40,45,1,1800,"2","1","2","4",23390.0518,5827.6119
2023,2,37,52,"Male","1","43",40,72.11525,1,2884.61,"2","1","2","4",18760.5543,4793.6726
2023,1,45,58,"Male","1","41",40,67.3075,1,2692.3,"2","1","2","4",12222.5841,3012.7639
2023,7,45,39,"Female","2","39",40,13,0,520,"2","1","2","4",15470.8586,4179.585
2023,10,11,35,"Female","2","39",40,57.2,1,2288,"2","1","2","4",2698.6365,677.209
2023,1,24,42,"Female","1","39",42,18.2619047619048,0,767,"2","1","2","4",18851.3819,4712.3096
2023,9,13,28,"Male","1","43",60,56,1,3360,"2","1","2","4",21162.4453,5343.1583
2023,6,12,62,"Female","1","44",40,36.5,0,1460,"2","1","2","2",16863.286,4156.67
2023,10,45,60,"Male","1","43",38,30.5789473684211,0,1162,"2","1","2","2",12153.1684,3038.8756
2023,4,51,53,"Male","1","40",40,72.11525,1,2884.61,"2","1","2","1",18084.2741,4536.9117
2023,9,11,30,"Male","1","43",40,69,1,2760,"2","1","2","1",1887.8521,468.4467
2023,5,13,54,"Female","2","44",40,41.75,1,1670,"1","1","2","1",22157.9313,5355.0457
2023,5,37,35,"Male","1","42",40,40,1,1600,"1","1","2","2",16944.4944,4183.1706
2023,1,12,32,"Male","1","39",40,24.5,0,980,"2","1","2","4",19816.8625,4794.8756
2023,4,37,25,"Male","4","39",40,19.25,0,770,"2","1","2","4",22006.8914,5543.6039
2023,7,12,59,"Male","2","44",40,86.5,1,3460,"2","1","2","1",18684.9786,5225.5531
2023,6,37,40,"Male","1","39",35,18,0,630,"2","1","2","4",17356.7186,4396.8055
2023,10,12,60,"Female","4","39",25,15.5,0,387.5,"2","1","7","4",25221.7013,6132.7608
2023,2,10,64,"Male","1","39",40,45,1,1800,"1","1","2","4",2649.484,675.1821
2023,2,12,52,"Male","1","43",40,72.11525,1,2884.61,"2","1","2","1",16977.4518,4297.1848
2023,6,12,44,"Female","1","43",60,39.6666666666667,0,2380,"2","1","2","4",14060.2211,3535.8209
2023,4,51,34,"Male","1","43",40,33.65,0,1346,"2","1","2","4",21309.0854,5315.4833
2023,5,54,62,"Female","1","39",40,18.5,0,740,"2","1","2","4",2771.4467,707.6841
2023,1,45,58,"Female","1","39",40,38.45,0,1538,"2","1","2","4",10596.9418,2623.1456
2023,4,24,50,"Female","1","39",40,25,0,1000,"1","1","2","4",15814.2444,4106.811
2023,4,12,39,"Male","1","39",40,30.5,0,1220,"2","1","2","4",21842.0386,5605.6406
2023,5,13,51,"Female","1","43",55,50.5454545454545,1,2780,"2","1","2","4",18980.6063,4642.7457
2023,6,13,32,"Male","1","43",40,53,1,2120,"2","1","2","4",20716.7495,5053.9059
2023,8,12,35,"Male","1","44",50,35.3846,0,1769.23,"2","1","2","4",18144.2137,4600.2201
2023,8,12,48,"Female","1","39",40,12.5,0,500,"2","1","2","2",19709.2763,4879.6248
2023,3,45,27,"Female","1","43",40,39,0,1560,"2","1","2","4",12590.0571,3316.1282
2023,12,51,37,"Male","1","40",40,38.5,0,1540,"2","1","2","4",20388.8471,4984.7348
2023,5,54,36,"Male","1","40",40,22.596,0,903.84,"2","1","2","2",3881.3991,956.9024
2023,4,13,40,"Female","1","39",40,13.846,0,553.84,"2","1","2","4",24980.4548,6285.1666
2023,10,13,49,"Female","1","43",40,31.95,0,1278,"2","1","2","4",28048.7817,6915.507
2023,9,54,55,"Female","1","39",40,19.7,0,788,"2","2","5","4",3149.3995,796.3789
2023,10,13,61,"Female","2","40",40,14,0,560,"2","1","2","4",24079.0855,6846.7975
2023,3,13,42,"Female","1","39",40,5.75,0,230,"2","1","2","4",18228.6246,4694.0923
2023,5,51,51,"Male","1","43",45,64.1024444444444,1,2884.61,"2","1","4","4",19113.7727,4666.5148
2023,7,51,45,"Male","8","40",40,72.11525,1,2884.61,"2","1","2","4",23193.4042,5830.3574
2023,7,37,51,"Male","1","41",40,48.07675,1,1923.07,"2","1","2","3",17322.0998,4318.1397
2023,9,13,61,"Female","1","40",40,26.9,0,1076,"2","1","2","4",22104.8522,5800.8322
2023,10,12,26,"Male","2","43",40,23.1,0,924,"2","1","2","4",26448.8013,6808.4173
2023,4,54,57,"Male","1","39",40,22,0,880,"2","1","2","4",3660.4104,941.6664
2023,6,51,33,"Female","1","43",40,33.75,0,1350,"2","1","2","4",18866.7911,4575.0175
2023,10,45,28,"Female","1","43",40,25,0,1000,"2","1","2","4",20446.0133,5049.1343
2023,2,11,37,"Male","1","44",40,62.5,1,2500,"2","1","2","1",1896.8203,468.1895
2023,6,11,35,"Female","1","46",40,36.05,0,1442,"2","1","2","4",1701.1687,433.0497
2023,12,24,36,"Female","1","44",40,35,0,1400,"2","1","2","4",17686.3785,4284.7271
2023,10,12,47,"Male","1","43",96,20.2083333333333,0,1940,"1","1","2","3",18705.2266,4668.1091
2023,6,11,28,"Female","1","43",40,35.57675,0,1423.07,"2","1","2","4",1995.5332,477.5604
2023,6,13,46,"Male","1","34",44,27.5,0,1210,"2","1","4","4",17726.3758,4479.5919
2023,8,12,52,"Female","1","39",5,15,0,75,"2","1","7","4",18151.7599,4484.7296
2023,6,24,62,"Male","1","44",20,13.8,0,276,"2","1","7","4",15056.0483,3934.8949
2023,9,12,41,"Female","1","43",40,55.5,1,2220,"2","1","2","4",16312.8747,4098.0331
2023,7,37,38,"Female","1","44",50,34.6152,0,1730.76,"2","1","2","3",11258.7019,2736.8376
2023,10,11,33,"Male","1","43",40,55.28825,1,2211.53,"2","1","2","1",1320.7495,338.5086
2023,10,12,44,"Female","1","39",40,17,0,680,"2","1","2","4",17410.214,4403.9941
2023,12,37,60,"Male","1","44",40,25.65,0,1026,"2","1","2","4",13138.8312,3332.5517
2023,8,13,60,"Male","1","39",40,38.5,0,1540,"2","1","2","4",13362.3835,3341.2029
2023,8,45,55,"Female","1","39",40,23,0,920,"2","1","2","4",9311.6612,2347.2839
2023,1,54,48,"Male","1","40",55,17.5,0,962.5,"1","1","2","4",3842.4764,940.007
2023,1,13,33,"Female","2","43",40,17.775,0,711,"2","1","2","4",25056.3007,6219.5336
2023,3,12,44,"Male","1","39",40,24,0,960,"2","1","2","4",16781.5092,4045.5736
2023,1,51,57,"Male","1","44",50,53.84,1,2692,"2","1","2","1",17876.873,4331.223
2023,5,37,63,"Female","1","43",40,28.6,0,1144,"2","1","2","4",16315.1273,4171.7761
2023,11,51,35,"Male","1","43",40,12,0,480,"2","1","2","4",21130.9556,5193.8151
2023,1,12,54,"Female","1","42",40,51.9,1,2076,"2","1","2","4",16655.4215,4026.3581
2023,7,54,43,"Male","1","39",40,20,0,800,"2","1","2","4",3902.7838,981.0753
2023,2,12,58,"Female","2","43",40,72.11525,1,2884.61,"2","1","2","2",20276.5613,5263.491
2023,7,54,54,"Female","1","40",40,22.825,0,913,"2","1","2","4",3096.2912,802.6893
2023,5,12,58,"Male","1","39",40,21.625,0,865,"2","1","2","4",19137.5613,4712.6886
2023,9,45,38,"Male","1","43",40,34.5,0,1380,"2","1","2","4",11529.5937,2877.6753
2023,3,11,49,"Male","1","45",40,72.11525,1,2884.61,"2","1","2","1",1669.4758,414.3619
2023,2,37,29,"Female","1","43",36,32.0511111111111,0,1153.84,"2","1","2","4",21141.7488,5293.504
2023,10,51,38,"Male","1","43",40,71,1,2840,"2","1","4","1",23069.355,5665.2385
2023,7,12,40,"Female","1","43",39,54.4871794871795,1,2125,"2","1","2","4",19375.1323,4587.6804
2023,11,11,38,"Male","1","46",40,72.11525,1,2884.61,"2","1","4","1",1766.9317,436.0547
2023,11,37,33,"Male","1","39",40,13,0,520,"2","1","2","4",14925.0042,3593.0013
2023,10,24,42,"Female","1","44",38,40.4857894736842,1,1538.46,"1","1","2","2",29583.1419,7560.7872
2023,11,24,55,"Male","1","40",55,17.4909090909091,0,962,"2","1","2","4",23190.4115,5852.3049
2023,10,24,57,"Female","2","39",36,19.2305555555556,0,692.3,"2","1","4","4",33035.8645,8078.8922
2023,6,13,33,"Male","1","43",40,19.23075,0,769.23,"2","1","2","4",20553.1424,5013.9935
2023,8,54,30,"Male","6","40",40,19.23075,0,769.23,"2","1","2","4",8365.4364,2129.0587
2023,8,13,42,"Male","1","39",50,23,0,1150,"2","1","2","4",22799.4553,5758.8928
2023,8,24,28,"Female","1","42",40,19,0,760,"2","2","5","4",16899.242,4324.4602
2023,1,10,64,"Female","1","41",16,18,0,288,"2","1","7","4",3049.0421,746.8317
2023,2,51,28,"Male","1","43",40,36.0575,0,1442.3,"2","1","2","4",18884.8615,4652.7441
2023,1,51,58,"Female","2","43",40,31.5,0,1260,"2","1","2","4",18267.2033,4650.9974
2023,6,12,59,"Female","1","39",40,23,0,920,"2","1","2","4",18819.4054,4724.5929
2023,10,51,53,"Male","1","43",40,72.11525,1,2884.61,"2","1","2","1",20929.3538,5263.5544
2023,12,45,46,"Female","2","39",40,19.69,0,787.6,"2","1","2","4",14135.9011,3289.0527
2023,10,54,48,"Male","1","39",40,34.25,0,1370,"2","1","2","1",3041.9176,771.476
2023,7,12,63,"Male","1","41",35,40.8,1,1428,"2","1","2","4",15952.115,4090.244
2023,9,12,53,"Male","1","39",40,57.675,1,2307,"2","1","2","4",24715.0204,6133.8217
2023,3,37,57,"Male","1","42",40,41.346,1,1653.84,"1","1","2","4",14770.0343,3496.9233
2023,3,11,27,"Female","1","45",80,36.057625,0,2884.61,"2","1","2","4",1705.9918,432.0949
2023,4,45,28,"Male","1","43",40,43.25,1,1730,"2","1","2","4",10428.1497,2759.3207
2023,2,12,44,"Male","1","39",40,25,0,1000,"1","1","2","4",16468.8658,4104.2687
2023,5,12,51,"Female","1","44",40,44,1,1760,"1","1","2","2",17371.7273,4260.3143
2023,7,12,41,"Male","2","43",40,29,0,1160,"2","1","2","4",23984.4392,5921.4718
2023,12,12,41,"Male","1","34",40,12.5,0,500,"2","1","2","4",19211.8604,4646.2327
2023,11,24,41,"Male","1","42",40,15,0,600,"2","1","2","1",15341.9804,3850.1297
2023,12,10,49,"Male","1","44",40,57.6865,1,2307.46,"2","1","2","1",3727.3068,952.9745
2023,10,12,26,"Female","1","39",40,17,0,680,"2","1","2","4",20343.552,4982.9095
2023,8,37,40,"Female","1","33",40,19.33,0,773.2,"2","2","5","4",14866.0585,3737.8176
2023,9,10,51,"Male","1","44",50,53.846,1,2692.3,"2","1","2","4",3065.0416,758.7463
2023,3,51,61,"Female","1","39",40,14,0,560,"2","1","2","4",17148.9824,4515.4236
2023,7,13,38,"Male","1","37",40,14,0,560,"2","1","2","4",18260.6203,4516.4033
2023,4,24,43,"Male","4","40",40,62.5,1,2500,"2","1","2","4",21000.9264,5449.4681
2023,10,54,42,"Male","1","44",40,72.11525,1,2884.61,"2","1","4","4",3325.7544,834.5035
2023,10,12,39,"Male","1","45",45,23.3333333333333,0,1050,"2","1","2","4",17785.1877,4374.8043
2023,4,13,59,"Female","2","41",40,26.44225,0,1057.69,"2","1","2","3",10594.1089,3069.9843
2023,6,11,34,"Female","4","44",40,81.5,1,3260,"2","1","2","4",1511.4523,362.0598
2023,2,12,38,"Male","1","44",40,72.11525,1,2884.61,"2","1","2","1",16120.9579,4002.4392
2023,10,12,33,"Male","1","42",40,16.5,0,660,"2","1","2","4",14955.292,3728.7522
2023,10,12,61,"Female","1","43",35,82.4174285714286,1,2884.61,"2","1","2","2",16119.0434,3967.5032
2023,4,37,30,"Female","1","42",40,31.25,0,1250,"2","1","2","4",18723.9568,4664.2501
2023,5,10,33,"Male","1","39",43,29.5348837209302,0,1270,"2","1","2","4",3564.7319,913.2101
2023,1,12,39,"Male","1","43",40,40.86525,1,1634.61,"1","1","2","3",19937.91,4774.4384
2023,7,37,58,"Male","1","42",40,34.5,0,1380,"2","1","2","4",16728.2766,4163.2916
2023,5,12,53,"Female","1","41",40,30,0,1200,"2","1","2","4",18646.3488,4572.9077
2023,6,11,30,"Male","1","44",40,31.25,0,1250,"2","1","2","4",1753.4878,432.9724
2023,12,12,51,"Female","1","43",40,28.85,0,1154,"2","1","2","3",17737.5309,4232.6209
2023,5,12,48,"Female","1","42",40,18.269,0,730.76,"1","1","2","4",16274.5676,4036.3789
2023,10,37,57,"Female","1","44",20,19.2,0,384,"2","1","7","2",16513.9152,4432.6734
2023,12,11,28,"Female","1","46",55,52.4474545454545,1,2884.61,"2","2","5","4",1772.466,467.9242
2023,5,37,41,"Male","2","39",55,28,0,1540,"2","1","2","4",13315.6983,3681.3774
2023,12,11,35,"Male","1","44",35,51.7142857142857,1,1810,"2","1","2","4",1638.8112,403.6352
2023,3,51,54,"Female","1","43",40,26.44225,0,1057.69,"2","1","2","4",16621.7619,4100.8873
2023,1,12,54,"Female","1","39",40,19.225,0,769,"2","1","2","4",18229.0417,4406.7723
2023,3,12,64,"Male","1","39",38,17.0039473684211,0,646.15,"2","1","2","2",15618.8107,3965.3947
2023,6,13,37,"Male","2","43",60,48,1,2880,"2","1","2","4",17532.9747,3789.3127
2023,9,45,59,"Male","1","46",60,48.0768333333333,1,2884.61,"2","1","2","4",10470.2589,2736.8778
2023,1,11,37,"Male","1","44",40,72.11525,1,2884.61,"2","1","2","4",1739.0049,423.7666
2023,6,13,32,"Male","2","43",40,18,0,720,"2","1","2","4",26296.0144,5501.9901
2023,8,10,39,"Female","2","44",35,20,0,700,"2","1","2","4",4542.7845,1054.39
2023,10,11,35,"Female","2","40",40,11.0575,0,442.3,"2","2","5","4",2698.6365,677.209
2023,9,12,45,"Male","1","39",40,26.4,0,1056,"2","1","2","4",20072.9573,5015.2776
2023,11,12,42,"Male","1","43",55,29.7201818181818,0,1634.61,"2","1","2","4",19641.0668,4862.0985
2023,9,12,50,"Female","1","43",40,18.75,0,750,"2","1","2","4",16876.6333,4227.6428
2023,6,45,34,"Male","2","42",40,20,0,800,"2","1","4","2",21935.8616,4833.0855
2023,2,13,44,"Female","1","44",40,28.825,0,1153,"2","1","2","4",18632.4457,4746.3842
2023,2,11,57,"Male","2","39",40,32.69225,0,1307.69,"2","1","2","1",2897.3989,635.246
2023,5,45,58,"Female","1","40",40,18.75,0,750,"2","1","2","4",9130.8629,2233.4853
2023,7,12,47,"Female","1","34",30,16,0,480,"2","1","7","4",18089.9341,4740.1683
2023,12,24,46,"Female","1","43",55,31.4683636363636,0,1730.76,"2","1","2","4",19031.189,4492.622
2023,6,45,26,"Male","1","45",40,25.95,0,1038,"2","1","2","3",10593.3604,2717.5352
2023,6,11,30,"Male","1","46",65,19.3846153846154,0,1260,"1","1","2","4",1753.4878,432.9724
2023,1,37,57,"Male","1","40",10,16,0,160,"2","1","7","4",17563.2807,4268.211
2023,6,12,52,"Female","1","39",40,31,0,1240,"2","1","2","4",18636.9255,4739.9281
2023,9,54,51,"Female","1","43",40,71,1,2840,"2","1","2","4",3645.8665,914.7745
2023,11,45,51,"Female","2","43",40,39,0,1560,"2","1","2","4",8135.1925,2007.442
2023,2,54,38,"Female","1","43",46,7.525,0,346.15,"2","1","2","4",4014.8019,999.7442
2023,1,51,38,"Male","1","43",40,33.65,0,1346,"2","1","2","4",20041.6637,4917.1847
2023,12,12,37,"Female","1","42",25,15.68,0,392,"2","1","7","3",17889.2479,4347.7304
2023,5,54,53,"Male","1","44",40,38.4615,0,1538.46,"2","1","2","4",3173.387,778.1918
2023,9,37,52,"Male","1","39",40,19,0,760,"2","1","2","4",15878.5182,3949.804
2023,7,24,48,"Male","4","44",40,72.11525,1,2884.61,"2","1","2","4",25573.6304,6395.8182
2023,9,45,32,"Female","1","40",40,15.5,0,620,"2","1","2","4",12052.1183,2990.982
2023,3,51,56,"Male","1","40",40,60.075,1,2403,"2","1","4","4",18223.9048,4414.3403
2023,8,13,49,"Male","4","44",40,56.25,1,2250,"2","1","2","4",21505.7712,5300.6687
2023,6,45,32,"Male","1","41",40,21.875,0,875,"2","1","2","4",8993.5762,2310.3504
2023,10,12,27,"Female","2","31",40,10,0,400,"2","1","2","4",20105.6316,5029.8454
2023,5,13,33,"Female","2","39",40,23,0,920,"2","1","2","3",19236.445,4968.4698
2023,4,13,30,"Male","1","43",40,50,1,2000,"2","1","2","4",19106.7577,4727.7263
2023,2,51,61,"Male","4","43",40,24.03825,0,961.53,"2","1","2","4",21535.6459,5324.0194
2023,5,13,41,"Male","1","43",60,24,0,1440,"2","1","2","4",15622.4923,3890.3523
2023,8,37,42,"Male","2","43",20,144.2305,1,2884.61,"2","1","6","4",12650.6863,3041.7658
2023,7,51,31,"Male","1","42",50,18,0,900,"2","1","2","4",15575.3321,3875.6661
2023,3,24,45,"Male","1","40",50,55,1,2750,"2","1","2","4",21916.1108,5494.2935
2023,10,37,47,"Male","5","33",40,19.25,0,770,"2","1","2","4",22728.4731,5705.5964
2023,2,54,58,"Male","1","39",40,48.075,1,1923,"2","1","2","4",3884.2174,919.8639
2023,5,24,28,"Male","1","41",40,48,1,1920,"1","1","2","4",22502.4454,5642.779
2023,5,12,32,"Male","2","44",60,11.75,0,705,"2","1","2","4",24802.3179,6221.1604
2023,10,13,39,"Female","4","44",18,45,1,810,"2","1","7","4",20026.5589,5150.4167
2023,9,51,30,"Male","1","39",40,55,1,2200,"2","1","2","4",16686.1336,4098.8757
2023,4,12,62,"Male","2","41",40,28.85,0,1154,"2","1","2","4",16802.7485,4784.5796
2023,6,11,33,"Male","1","44",40,91,1,3640,"2","1","2","1",1753.4878,432.9724
2023,11,12,57,"Male","1","42",48,62.5,1,3000,"1","1","2","4",15134.1049,3767.3848
2023,12,12,44,"Male","1","40",40,28,0,1120,"2","1","2","4",17965.0285,4348.4314
2023,8,24,41,"Male","2","39",30,16,0,480,"2","1","7","4",22138.4282,5428.1561
2023,11,51,31,"Female","4","44",40,72.11525,1,2884.61,"2","1","2","1",19551.53,4939.8461
2023,3,12,62,"Female","1","39",40,33.65,0,1346,"2","1","2","4",18975.0397,4910.6909
2023,5,12,62,"Female","1","43",40,17.9,0,716,"2","1","2","4",15414.9967,3999.4953
2023,2,51,28,"Male","1","40",40,20.75,0,830,"2","1","2","3",17563.1122,4389.6654
2023,1,12,56,"Male","1","45",40,65,1,2600,"2","1","2","4",21593.1081,5106.1558
2023,9,37,47,"Male","1","35",40,20,0,800,"2","1","2","4",14062.5984,3521.637
2023,3,13,43,"Male","4","43",60,25.641,0,1538.46,"2","1","2","4",22777.6637,5608.7788
2023,1,12,44,"Male","1","39",40,27.5,0,1100,"2","1","2","4",24502.5686,5971.6331
2023,11,24,32,"Female","1","44",32,43.125,1,1380,"2","1","7","4",17396.5133,4418.286
2023,4,12,45,"Male","1","40",40,25,0,1000,"2","1","2","4",18423.7272,4572.1637
2023,7,37,33,"Female","1","43",40,42.44,1,1697.6,"2","1","2","3",12379.9585,3076.4419
2023,1,13,29,"Male","1","42",40,28,0,1120,"2","1","2","3",19819.6596,4979.5554
2023,8,51,34,"Male","1","43",40,19.23075,0,769.23,"2","1","2","3",17656.4216,4406.6917
2023,4,45,25,"Female","1","43",36,38.3333333333333,0,1380,"2","1","2","4",13069.8153,3381.5944
2023,7,13,49,"Male","2","43",40,26.425,0,1057,"2","1","2","4",19806.5924,4814.2134
2023,1,12,44,"Male","2","44",40,23.8125,0,952.5,"1","1","2","3",28189.0011,6434.6706
2023,9,12,42,"Female","1","44",40,31.25,0,1250,"2","1","2","1",19983.9049,5020.2497
2023,12,10,40,"Female","4","44",40,28.85,0,1154,"2","1","2","3",4207.5437,1054.5089
2023,3,13,32,"Male","1","37",45,18.5,0,832.5,"2","1","2","4",17930.1893,4529.6885
2023,2,24,60,"Male","2","44",40,72.11525,1,2884.61,"2","1","4","1",16861.68,5136.0122
2023,9,11,35,"Male","1","45",40,48.07675,1,1923.07,"2","1","2","4",2023.375,504.5144
2023,9,13,57,"Male","4","42",40,27,0,1080,"2","1","2","4",19045.3639,5093.5412
2023,2,54,30,"Male","1","39",40,28,0,1120,"2","1","2","4",3532.4824,866.0432
2023,1,10,47,"Female","2","42",24,12.5,0,300,"2","1","7","4",4098.7352,1034.5483
2023,2,54,63,"Male","1","39",40,19.5,0,780,"2","1","2","4",3009.1814,755.7835
2023,7,13,32,"Female","1","39",40,15.4,0,616,"2","1","2","4",17852.0074,4422.7175
2023,6,12,44,"Female","1","42",40,53,1,2120,"2","1","2","4",12744.6587,3204.9874
2023,1,12,46,"Female","1","40",40,21.75,0,870,"2","1","2","4",16277.8139,3995.0691
2023,10,10,39,"Male","2","35",28,14.2857142857143,0,400,"2","1","2","4",4961.0048,1240.5767
2023,1,45,35,"Female","1","43",40,9.85,0,394,"2","1","2","4",13181.7792,3279.4253
2023,8,11,37,"Male","1","44",40,50.48075,1,2019.23,"2","1","2","4",1612.2901,398.9102
2023,6,51,46,"Female","1","46",40,50,1,2000,"2","1","2","3",18287.7592,4713.47
2023,4,12,52,"Female","1","40",40,12.5,0,500,"2","1","2","4",18767.1995,4851.9815
2023,4,54,56,"Male","1","40",40,28.846,0,1153.84,"2","1","2","4",3550.1191,913.2932
2023,10,24,46,"Male","2","40",40,16,0,640,"2","1","4","4",9341.6892,2630.6096
2023,11,51,48,"Female","1","39",40,14.423,0,576.92,"2","1","2","2",17846.6658,4617.5147
2023,5,10,27,"Male","2","39",40,37.5,0,1500,"2","1","2","4",5582.6876,1473.4432
2023,5,45,45,"Female","1","44",40,57.5,1,2300,"2","1","2","4",9835.2661,2523.6602
2023,1,37,27,"Male","1","39",40,16,0,640,"2","1","2","4",24412.4377,6222.2335
2023,6,13,53,"Female","1","41",40,33.65375,0,1346.15,"2","1","2","4",17914.781,4477.9311
2023,9,10,55,"Female","1","43",40,42.78825,1,1711.53,"2","1","2","4",3097.8333,772.2798
2023,3,51,50,"Female","4","43",40,34.6,0,1384,"2","2","5","4",19676.2159,4841.5741
2023,12,37,32,"Male","1","40",40,28.85,0,1154,"2","1","2","4",18104.4672,4478.3379
2023,11,13,38,"Female","1","39",40,14,0,560,"1","1","2","2",21390.7093,5288.7307
2023,11,12,60,"Male","1","44",40,35,0,1400,"2","1","2","4",23393.3636,5236.6747
2023,12,10,25,"Female","1","44",40,23.1,0,924,"2","1","2","2",4024.9631,1053.2657
2023,3,51,55,"Female","1","45",40,50.48075,1,2019.23,"2","1","4","2",18543.5678,4770.9274
2023,1,12,33,"Male","1","39",40,10,0,400,"2","1","2","4",24388.0581,6011.1119
2023,6,37,52,"Male","4","45",50,42.3,1,2115,"2","1","2","4",18109.287,4685.4201
2023,7,37,30,"Female","2","39",10,8,0,80,"2","1","9","4",14938.0748,3656.2614
2023,4,54,44,"Male","1","39",40,23.65,0,946,"2","1","2","4",4104.4785,1054.56
2023,4,51,43,"Male","1","40",30,29.3333333333333,0,880,"2","1","2","4",24918.3583,6517.9395
2023,6,54,25,"Male","1","40",40,31.25,0,1250,"2","1","2","4",3149.012,789.0515
2023,9,54,47,"Male","1","46",50,32.6922,0,1634.61,"1","1","2","1",3417.6335,863.9219
2023,4,24,60,"Female","2","39",40,15,0,600,"2","1","2","4",22183.0181,4939.0847
2023,3,45,37,"Female","1","40",40,40.86525,1,1634.61,"2","1","2","3",11316.2126,2944.0417
2023,8,11,40,"Female","1","43",60,48.0768333333333,1,2884.61,"2","1","2","4",1395.1131,344.7682
2023,3,11,42,"Female","2","39",40,9.6,0,384,"2","1","2","4",2450.0832,637.0678
2023,7,11,46,"Male","1","43",50,57.6922,1,2884.61,"2","1","2","4",2114.1326,519.7738
2023,3,37,35,"Female","1","44",40,60.075,1,2403,"2","1","2","4",16166.032,4041.8603
2023,11,12,32,"Female","1","39",40,9.4,0,376,"2","1","2","4",16297.6842,4083.027
2023,9,45,34,"Female","1","46",40,72.11525,1,2884.61,"2","1","2","4",12052.1183,2990.982
2023,5,37,43,"Female","1","41",40,22.5,0,900,"2","1","4","4",13324.1265,3296.3608
2023,4,12,52,"Male","4","43",40,28.85,0,1154,"2","1","2","4",21652.5547,5328.373
2023,8,11,27,"Male","1","43",45,29.9144444444444,0,1346.15,"2","1","2","4",1654.7873,413.5962
2023,1,51,39,"Female","1","40",40,22.5,0,900,"2","1","2","4",21310.9409,5211.2661
2023,10,12,54,"Male","2","39",40,12,0,480,"2","1","2","4",19373.8819,5332.6729
2023,12,37,60,"Male","2","43",40,32.69225,0,1307.69,"2","1","2","4",19396.8624,3922.5566
2023,7,13,43,"Male","1","39",40,20,0,800,"2","1","2","4",22215.1204,5476.229
2023,8,12,60,"Female","1","43",40,20,0,800,"2","1","2","4",17719.136,4237.6188
2023,8,24,61,"Male","1","42",40,72.11525,1,2884.61,"2","1","2","4",16047.0653,4050.3467
2023,2,12,36,"Male","1","39",40,13,0,520,"2","1","2","2",16720.2098,4098.6394
2023,8,45,30,"Female","1","43",24,36.4583333333333,0,875,"2","1","7","4",11904.6866,3052.2869
2023,4,12,38,"Female","3","43",30,16,0,480,"2","1","9","4",21445.7587,5490.1958
2023,5,12,27,"Male","2","39",35,22.8571428571429,0,800,"2","1","2","4",21921.9589,5676.4188
2023,9,45,31,"Female","1","43",40,28.35,0,1134,"2","1","2","4",13115.5496,3254.8944
2023,12,12,46,"Female","1","39",40,31.25,0,1250,"2","1","2","4",17222.0444,4013.7152
2023,10,54,33,"Female","1","39",40,18.75,0,750,"2","1","2","4",3543.5033,879.2977
2023,12,51,50,"Female","4","43",40,79.5,1,3180,"2","1","2","4",18941.0737,4475.7384
2023,6,12,46,"Female","1","39",40,17.85,0,714,"2","1","2","1",17976.5236,4722.8086
2023,9,54,38,"Male","1","39",40,15,0,600,"2","1","2","4",4655.4471,1167.8468
2023,12,37,27,"Female","1","41",40,15,0,600,"2","1","2","4",16102.0826,4210.3603
2023,3,37,64,"Male","2","40",40,19.23075,0,769.23,"2","1","2","4",18524.7048,4369.8713
2023,5,54,26,"Female","1","40",40,19,0,760,"2","1","2","4",4651.3694,1146.605
2023,1,11,38,"Male","1","43",40,72.1,1,2884,"2","1","2","1",1739.0049,423.7666
2023,3,11,36,"Male","1","45",40,57.2115,1,2288.46,"2","1","2","1",1801.9766,435.8147
2023,2,10,59,"Female","2","39",40,16,0,640,"2","1","2","4",4575.008,1215.76
2023,9,37,43,"Male","2","40",40,15.375,0,615,"2","1","2","4",17802.2528,4436.2285
2023,4,12,52,"Female","1","43",40,40.85,1,1634,"2","1","2","2",18041.9683,4664.4837
2023,4,51,38,"Male","2","39",40,67.5,1,2700,"2","1","2","1",33237.1649,8669.3622
2023,4,24,61,"Male","8","40",40,81.5,1,3260,"2","1","2","4",22037.9497,5400.5602
2023,5,13,35,"Female","2","39",40,13,0,520,"2","1","2","4",27448.7523,6234.9475
2023,6,12,48,"Male","1","43",40,72.11525,1,2884.61,"2","1","2","4",17402.2732,4474.6189
2023,2,51,25,"Male","2","43",40,15,0,600,"2","1","2","4",57208.7064,13499.8777
2023,1,11,40,"Male","1","45",40,63.4615,1,2538.46,"2","1","2","1",1611.593,393.3936
2023,9,45,31,"Female","1","43",45,33.3333333333333,0,1500,"2","1","2","4",12052.1183,2990.982
2023,8,24,64,"Male","4","44",40,38.45,0,1538,"2","1","2","1",18534.8729,4747.3308
2023,7,37,62,"Male","1","43",40,48.07675,1,1923.07,"2","1","2","4",15626.959,4021.3625
2023,5,45,29,"Female","2","39",42,32.1428571428571,0,1350,"2","1","2","4",13235.2171,3540.3533
2023,6,51,34,"Male","1","43",52,27.6923076923077,0,1440,"2","1","2","4",18672.711,4616.0791
2023,3,12,42,"Male","1","43",40,27.159,0,1086.36,"1","1","2","3",18660.3054,4498.5012
2023,6,24,36,"Female","1","43",40,37.5,0,1500,"2","1","2","4",14104.199,3634.2539
2023,9,37,29,"Female","1","39",40,16.25,0,650,"2","2","5","4",21817.5971,5411.5286
2023,11,12,47,"Female","1","42",48,27.2916666666667,0,1310,"2","1","2","4",15310.9127,3912.5927
2023,10,54,37,"Female","1","39",40,23.67,0,946.8,"2","1","2","4",3240.1482,833.226
2023,4,37,33,"Male","1","43",40,26.45,0,1058,"2","1","2","4",24198.2725,5951.7519
2023,12,24,47,"Female","1","40",40,25.625,0,1025,"2","1","2","4",19031.189,4492.622
2023,2,37,29,"Female","1","43",40,22.5,0,900,"2","1","2","4",20539.7401,5160.3437
2023,12,51,53,"Male","2","46",40,50.475,1,2019,"2","1","2","1",17329.12,4492.9026
2023,2,12,57,"Male","1","43",40,5.275,0,211,"2","1","2","4",18885.7921,4502.7462
2023,4,51,48,"Male","1","46",60,27,0,1620,"2","1","2","2",18877.9062,4722.8355
2023,2,11,26,"Male","1","44",40,34.1345,0,1365.38,"2","1","4","1",2092.1662,512.8406
2023,1,24,45,"Male","2","43",60,29.0175,0,1741.05,"1","1","2","3",21837.1895,5193.6362
2023,9,54,32,"Male","1","39",37,17,0,629,"2","1","2","4",4607.5977,1150.2549
2023,11,45,27,"Female","1","43",15,20.5,0,307.5,"2","1","7","2",14472.4591,3672.826
2023,10,24,30,"Female","2","43",40,72.11525,1,2884.61,"2","1","2","3",32957.8869,8203.8754
2023,6,11,46,"Male","1","45",40,72.11525,1,2884.61,"1","1","2","1",1310.5553,335.2168
2023,1,24,48,"Male","1","44",40,72.11525,1,2884.61,"2","1","2","1",21633.8981,5352.9222
2023,11,12,35,"Female","1","35",40,12.5,0,500,"2","1","2","4",18162.7786,4403.828
2023,3,37,27,"Male","1","39",53,15.5660377358491,0,825,"2","1","4","4",15563.4041,3898.0951
2023,5,12,36,"Female","2","44",55,16.7830909090909,0,923.07,"2","1","2","3",23425.5836,5335.0001
2023,4,54,59,"Female","1","43",27,10,0,270,"2","1","7","4",3006.1324,740.0794
2023,5,13,39,"Male","1","44",40,33.75,0,1350,"2","1","2","3",17583.5674,4362.7973
2023,11,12,61,"Male","1","39",50,32,0,1600,"2","1","2","1",17431.1177,3929.3602
2023,8,24,52,"Male","1","43",55,34.6152727272727,0,1903.84,"2","1","2","1",16566.5883,4097.4954
2023,3,13,50,"Male","1","39",40,37.5,0,1500,"2","1","2","4",21132.8539,5294.7446
2023,3,54,32,"Male","1","43",50,28.46,0,1423,"2","1","2","4",4075.5403,1002.1415
2023,6,10,37,"Male","1","41",40,32,0,1280,"2","1","4","4",5243.8834,1316.744
2023,3,51,34,"Male","1","39",40,32,0,1280,"2","1","2","4",18493.8434,4686.4264
2023,3,51,30,"Male","1","40",40,16,0,640,"2","1","2","4",21738.109,5508.5385
2023,7,13,30,"Male","1","43",50,29.6152,0,1480.76,"2","1","2","4",18085.7749,4514.8434
2023,9,10,57,"Female","2","42",35,23.6262857142857,0,826.92,"1","1","2","4",3924.8692,928.386
2023,12,10,47,"Female","2","39",40,17.9,0,716,"2","1","2","4",3856.9047,871.6236
2023,7,12,29,"Female","6","39",40,22,0,880,"2","1","2","4",34714.0012,8472.2349
2023,5,10,55,"Female","1","35",40,17,0,680,"2","1","2","4",2377.3012,580.9261
2023,5,45,56,"Male","1","39",40,40.3845,1,1615.38,"2","1","2","4",10308.0531,2607.983
2023,9,12,30,"Female","4","43",50,16,0,800,"2","1","2","4",17935.6093,4525.0342
2023,5,51,64,"Female","2","39",40,19.79,0,791.6,"2","1","2","4",24593.065,5013.9808
2023,8,24,34,"Female","2","44",40,28.85,0,1154,"2","1","2","3",21687.6186,5891.7626
2023,5,11,36,"Female","2","40",40,21.25,0,850,"2","1","2","4",3942.9388,896.6695
2023,11,37,43,"Male","6","43",40,25,0,1000,"2","1","2","4",14226.4044,3486.2212
2023,8,11,58,"Male","2","41",36,32.0511111111111,0,1153.84,"1","2","5","4",2754.5259,651.6036
2023,9,13,57,"Male","2","39",40,15,0,600,"1","1","2","4",14979.8083,3848.9959
2023,4,10,57,"Male","1","40",45,9.73333333333333,0,438,"2","1","2","4",3719.0153,1000.5796
2023,11,13,52,"Female","4","44",40,21.5,0,860,"2","1","2","4",24760.7338,6526.8975
2023,10,45,35,"Female","1","41",36,34.7222222222222,0,1250,"1","1","2","2",15504.1099,3955.4863
2023,9,45,58,"Female","1","41",40,27.5,0,1100,"2","1","2","4",10542.0529,2652.2867
2023,4,45,34,"Male","1","43",40,36,0,1440,"1","1","2","4",11175.8467,2873.2376
2023,11,12,25,"Male","1","39",40,22.2,0,888,"2","1","2","4",22850.3139,5526.18
2023,11,37,38,"Male","4","44",40,26.45,0,1058,"2","1","2","4",14157.3771,3469.3059
2023,4,12,38,"Male","4","43",40,39.5,0,1580,"2","1","2","4",25290.356,6572.9891
2023,6,13,40,"Male","1","40",40,25,0,1000,"2","1","2","4",18912.3134,4706.2522
2023,8,13,32,"Female","1","44",40,38.5,0,1540,"2","1","2","4",18692.3442,4759.5259
2023,5,37,41,"Female","1","34",40,10,0,400,"2","1","2","4",13151.594,3278.2077
2023,4,37,36,"Male","1","40",39,18,0,702,"2","1","2","4",14552.7349,3723.9273
2023,8,13,33,"Male","1","43",40,34.5,0,1380,"2","1","2","4",21343.4833,5370.5649
2023,12,13,55,"Male","2","39",40,51.923,1,2076.92,"2","1","2","4",23873.4257,6025.1759
2023,9,12,55,"Male","1","43",40,41.65,1,1666,"2","1","2","4",17582.7928,4565.803
2023,10,11,32,"Female","2","45",40,89,1,3560,"2","1","4","4",3330.8123,829.2357
2023,9,51,44,"Female","1","34",40,50,1,2000,"2","1","2","4",13708.4234,3449.4362
2023,8,13,50,"Male","1","39",40,21.4,0,856,"2","1","2","4",15090.351,3679.1726
2023,12,45,44,"Female","1","44",40,60,1,2400,"2","1","2","4",12834.6708,3259.6406
2023,10,12,29,"Female","1","43",40,34.5,0,1380,"2","1","2","4",25686.3575,6343.1238
2023,9,37,27,"Female","2","43",40,17.3,0,692,"2","1","4","4",25719.1317,5836.6336
2023,12,12,36,"Male","1","43",40,20.35,0,814,"2","1","2","4",21305.424,5167.1118
2023,2,12,26,"Female","1","39",40,24.025,0,961,"2","1","2","4",17079.8774,4250.6686
2023,12,13,63,"Female","1","39",20,31.25,0,625,"2","1","7","3",17928.1309,4651.6632
2023,10,51,56,"Male","1","33",40,19.5,0,780,"2","1","2","4",21685.7134,5218.0917
2023,9,12,49,"Male","1","43",40,72.11525,1,2884.61,"2","1","2","4",20401.9121,5097.4678
2023,5,51,42,"Male","1","43",40,45.75,1,1830,"2","1","2","4",18073.2016,4480.9413
2023,6,37,46,"Female","1","43",65,19.2307692307692,0,1250,"2","1","2","4",18190.1572,4709.724
2023,10,12,55,"Male","1","39",40,25,0,1000,"2","1","2","4",20399.3508,4900.0979
2023,10,37,57,"Male","1","42",40,27.5,0,1100,"2","1","2","4",16369.1406,4051.5202
2023,4,13,50,"Female","1","39",40,28.85,0,1154,"2","1","2","2",16413.9325,4256.5887
2023,7,37,56,"Male","1","43",60,48.0666666666667,1,2884,"2","1","2","4",17199.4204,4246.3197
2023,10,24,61,"Female","1","43",60,48.0768333333333,1,2884.61,"2","1","2","1",20357.3189,5126.2678
2023,2,54,39,"Male","1","40",40,38.4615,0,1538.46,"2","1","2","4",3820.9047,944.9962
2023,11,51,62,"Female","1","43",55,29.3705454545455,0,1615.38,"2","2","5","4",17718.1243,4330.8699
2023,7,12,28,"Female","1","43",40,20,0,800,"2","1","2","3",22956.9244,5669.7582
2023,2,51,55,"Male","1","42",40,34.625,0,1385,"2","1","4","1",19445.8644,4692.1955
2023,12,37,54,"Female","1","43",40,40.85,1,1634,"2","1","2","2",12882.0784,3042.8866
2023,8,12,38,"Female","1","34",40,18,0,720,"2","1","2","4",15483.7516,3937.4421
2023,10,11,43,"Male","16","43",40,72.11525,1,2884.61,"1","1","4","1",2371.6856,598.1137
2023,2,12,60,"Male","1","35",40,25.95,0,1038,"2","1","2","4",18883.0858,4700.631
2023,9,13,44,"Female","1","45",40,48.075,1,1923,"2","1","2","4",19672.9707,5078.7119
2023,4,11,52,"Female","2","41",40,17,0,680,"2","1","4","4",3424.7092,844.6508
2023,2,51,41,"Male","1","44",40,64.90375,1,2596.15,"2","1","2","4",16094.9221,4008.0363
2023,2,37,26,"Male","1","43",40,40,1,1600,"2","1","2","4",17382.9351,4271.9196
2023,10,13,29,"Female","1","43",65,35.5029230769231,0,2307.69,"2","1","2","4",19210.576,4815.5285
2023,3,37,36,"Female","1","44",40,45.673,1,1826.92,"2","1","2","4",15975.6662,3966.2977
2023,6,12,37,"Male","2","40",60,34,0,2040,"2","1","2","4",35019.8274,7701.0584
2023,2,51,60,"Female","2","39",40,25,0,1000,"2","1","2","4",23174.7014,6200.4825
2023,11,24,32,"Male","1","46",40,33.75,0,1350,"2","1","2","4",18237.5734,4485.9018
2023,7,51,45,"Male","2","39",48,22.4166666666667,0,1076,"2","1","2","4",19238.6386,4661.1531
2023,12,12,41,"Male","1","36",48,24.9166666666667,0,1196,"2","1","2","4",19211.8604,4646.2327
2023,8,54,54,"Male","1","39",40,25,0,1000,"2","1","2","3",2682.906,669.0375
2023,11,12,45,"Male","2","39",50,20,0,1000,"2","1","2","4",19995.1179,4817.2462
2023,5,51,46,"Male","1","43",55,52.4474545454545,1,2884.61,"2","1","2","4",17704.0719,4337.1368
2023,8,24,44,"Female","1","44",40,60,1,2400,"1","1","2","2",14737.6363,3721.0941
2023,7,24,31,"Male","1","43",40,57.5,1,2300,"2","1","2","1",19278.8063,4772.6789
2023,12,45,61,"Female","1","39",40,22.45175,0,898.07,"2","1","2","2",10533.8122,2739.1479
2023,2,51,28,"Male","1","39",40,42.3075,1,1692.3,"1","1","2","4",18735.7215,4615.9999
2023,6,11,32,"Female","2","44",40,33.65,0,1346,"2","1","2","4",3317.8318,827.2411
2023,6,54,31,"Male","1","43",40,72.11525,1,2884.61,"2","1","2","4",2723.1683,683.297
2023,8,54,37,"Female","1","39",40,15.55,0,622,"2","1","2","4",3304.6078,844.7615
2023,7,45,40,"Female","2","39",50,22,0,1100,"2","1","2","2",12273.384,3367.9316
2023,11,11,46,"Female","1","45",40,81.5,1,3260,"2","1","2","4",1910.5757,496.3286
2023,1,12,60,"Female","1","43",40,72.11525,1,2884.61,"1","1","2","2",20787.3219,5069.6184
2023,8,45,46,"Female","2","41",40,17.2,0,688,"2","1","2","4",11623.9804,3227.5468
2023,3,51,54,"Male","1","43",40,43.269,1,1730.76,"2","1","2","4",19386.6348,4933.4623
2023,8,37,54,"Female","2","42",34,16.65,0,566.1,"2","1","7","4",19813.8556,5408.3279
2023,9,37,28,"Male","1","36",30,13.3333333333333,0,400,"2","1","9","4",17180.6001,4256.8467
2023,10,12,28,"Female","2","44",25,61.6,1,1540,"2","1","7","4",27131.5496,6843.1485
2023,1,24,48,"Male","4","46",37,41.58,1,1538.46,"2","1","2","4",16415.9425,4102.6055
2023,5,11,41,"Female","1","45",45,64.1024444444444,1,2884.61,"2","2","5","1",1809.1318,450.3492
2023,4,12,37,"Male","2","43",40,20,0,800,"2","1","2","4",28231.6987,7328.7911
2023,5,12,45,"Male","1","44",40,72.11525,1,2884.61,"2","1","2","4",16959.2925,4210.8287
2023,3,12,43,"Male","1","43",40,14,0,560,"2","1","2","4",22278.4261,5449.2043
2023,5,13,58,"Male","1","40",60,38,0,2280,"2","1","2","4",18461.5441,4534.3638
2023,11,13,64,"Male","1","44",40,34,0,1360,"2","1","2","4",23128.4833,5316.4528
2023,11,51,25,"Female","1","39",40,18,0,720,"2","1","2","4",22111.2671,5578.8487
2023,6,11,30,"Female","2","43",36,33.3333333333333,0,1200,"2","1","2","4",3340.3345,832.8517
2023,7,12,52,"Female","2","44",40,25,0,1000,"1","2","5","3",18964.0776,4940.7254
2023,4,54,46,"Male","1","39",39,12.8205128205128,0,500,"2","1","2","4",3958.5372,978.9946
2023,10,10,37,"Male","1","39",40,15,0,600,"2","1","2","4",3284.7174,822.1149
2023,2,37,51,"Female","1","43",40,28.6,0,1144,"2","1","2","2",17414.9077,4291.3389
2023,11,54,46,"Male","1","40",40,21,0,840,"1","1","2","4",3730.292,927.3632
2023,2,54,62,"Male","1","37",40,23,0,920,"2","1","2","4",3426.8197,860.6772
2023,8,13,60,"Male","2","39",40,20.78125,0,831.25,"2","1","2","4",21351.5181,5604.2325
2023,11,13,62,"Female","1","39",30,20.0666666666667,0,602,"2","1","7","4",24243.8764,5968.2913
2023,5,51,28,"Male","2","43",40,16.44725,0,657.89,"2","1","2","3",37901.2524,9683.1963
2023,8,37,39,"Female","2","42",40,15,0,600,"2","1","2","4",18986.2152,4403.8849
2023,8,12,42,"Female","1","44",40,7.5,0,300,"2","1","2","2",14173.8634,3644.9181
2023,2,13,59,"Female","2","44",40,57.69225,1,2307.69,"2","1","2","4",19112.7262,5023.3081
2023,1,12,35,"Female","1","40",40,21.75,0,870,"2","1","2","2",19952.509,4762.095
2023,12,45,28,"Male","1","43",40,26.9,0,1076,"2","1","2","4",13656.5239,3465.6628
2023,11,12,27,"Female","1","44",70,31.5932857142857,0,2211.53,"2","1","2","4",25028.3601,6373.976
2023,1,11,36,"Male","1","46",40,70,1,2800,"2","1","2","1",1739.0049,423.7666
2023,12,24,30,"Female","1","43",50,40,1,2000,"2","1","4","4",20968.2679,5379.1205
2023,2,51,51,"Female","4","46",40,44,1,1760,"2","1","4","4",16432.1412,3953.7081
2023,10,51,38,"Male","1","40",40,37.5,0,1500,"2","1","2","1",23069.355,5665.2385
2023,2,51,43,"Female","1","46",40,67.78825,1,2711.53,"2","1","2","4",20760.1803,5286.1944
2023,6,51,61,"Female","2","39",40,17.5,0,700,"2","1","2","3",15849.0068,4777.9611
2023,7,45,57,"Male","1","43",40,25.95,0,1038,"2","1","2","4",10914.6942,2753.2401
2023,11,45,55,"Female","1","40",48,14.8958333333333,0,715,"2","1","2","4",10518.4695,2695.1957
2023,5,12,35,"Male","1","42",40,33.65,0,1346,"2","1","2","4",17131.5335,4261.7513
2023,9,24,40,"Male","1","43",40,64.423,1,2576.92,"2","1","2","4",18935.6436,4710.2543
2023,11,12,26,"Female","1","39",40,19.25,0,770,"2","1","2","4",18866.2775,4804.6776
2023,10,51,55,"Male","1","46",75,102.902533333333,1,7717.69,"2","1","2","4",23896.2545,5824.3982
2023,6,10,62,"Male","1","44",40,67.3075,1,2692.3,"2","1","2","1",2681.3367,691.1347
2023,2,12,40,"Female","2","41",40,18,0,720,"2","1","2","4",18716.4136,4629.28
2023,10,12,46,"Female","1","41",40,22,0,880,"2","1","2","4",21157.5249,5097.1514
2023,2,54,35,"Male","1","43",40,20.625,0,825,"2","1","4","4",3716.7202,919.229
2023,9,45,54,"Male","1","40",40,43.269,1,1730.76,"2","1","2","4",10926.9669,2729.8481
2023,9,10,63,"Female","2","40",37,20.2702702702703,0,750,"2","1","2","2",3937.6019,928.386
2023,8,51,39,"Male","1","39",40,31.125,0,1245,"2","1","2","3",15590.9568,3858.4866
2023,6,12,63,"Female","1","43",40,20.19225,0,807.69,"2","1","2","4",16102.7265,3969.198
2023,1,54,54,"Female","1","39",20,19.2305,0,384.61,"2","1","7","4",3150.8706,786.1165
2023,1,12,40,"Female","1","43",40,57.675,1,2307,"2","1","2","4",18307.3291,4384.0932
2023,12,12,49,"Female","2","40",40,24.025,0,961,"2","1","2","4",21435.3712,4812.1617
2023,5,13,60,"Male","1","39",40,31.25,0,1250,"1","1","2","4",17460.4976,4398.8992
2023,10,13,32,"Male","1","40",45,64.1024444444444,1,2884.61,"2","1","2","4",13915.9615,3550.8244
2023,11,24,37,"Male","2","44",40,25,0,1000,"2","1","2","4",36503.0324,9745.7883
2023,11,45,28,"Male","1","40",40,20.2,0,808,"2","1","2","4",13437.5285,3271.4476
2023,9,37,55,"Female","2","39",40,12,0,480,"2","1","2","4",19322.9814,4592.8567
2023,8,45,59,"Female","1","39",40,13.846,0,553.84,"2","1","2","4",10508.709,2649.0358
2023,1,13,33,"Female","2","43",40,7.2,0,288,"2","1","2","4",20309.3257,5041.2284
2023,1,10,44,"Female","1","44",40,45.673,1,1826.92,"2","1","2","4",4494.7162,1093.5429
2023,1,12,35,"Male","1","39",40,22,0,880,"2","1","2","4",20482.1088,4904.7552
2023,7,10,41,"Female","2","44",40,28.85,0,1154,"2","1","2","2",4131.9576,1095.9512
2023,2,11,32,"Male","2","43",40,53.36525,1,2134.61,"2","1","2","4",4371.6979,1016.6665
2023,5,37,43,"Female","1","41",40,22.5,0,900,"2","1","2","1",14186.3684,3509.6777
2023,10,45,25,"Male","2","39",40,19.47,0,778.8,"2","1","2","1",17027.7037,4419.2475
2023,8,54,54,"Male","1","39",60,38.3333333333333,0,2300,"1","1","2","4",2682.906,669.0375
2023,6,12,64,"Male","1","39",40,18,0,720,"2","1","2","4",19068.3196,4949.2317
2023,2,45,42,"Male","1","39",40,57.675,1,2307,"2","1","2","4",12429.7761,3153.9643
2023,1,11,37,"Female","1","43",40,72.11525,1,2884.61,"2","1","2","4",1565.8154,380.2983
2023,10,12,52,"Male","1","36",80,11.25,0,900,"2","1","2","4",18289.8831,4533.1638
2023,6,45,61,"Female","1","43",20,57.7,1,1154,"2","1","7","4",9483.713,2419.3019
2023,11,13,59,"Female","1","39",40,21.625,0,865,"2","1","2","4",24092.6294,6253.3458
2023,5,51,44,"Male","1","43",50,57.6922,1,2884.61,"2","1","2","4",17304.8145,4262.9425
2023,8,45,61,"Male","1","43",40,31.25,0,1250,"1","1","2","1",11625.4314,2927.0858
2023,5,13,58,"Male","1","43",40,40.625,1,1625,"2","1","2","4",17620.9005,4327.8922
2023,8,24,29,"Male","1","41",40,36,0,1440,"2","1","2","4",17015.1841,4329.1798
2023,3,12,33,"Male","1","43",45,35.0222222222222,0,1576,"2","1","2","4",17365.9114,4303.5583
2023,1,54,27,"Male","1","42",40,24.03825,0,961.53,"2","1","2","4",5164.1677,1297.5933
2023,6,24,34,"Male","6","39",45,55.5555555555556,1,2500,"2","1","2","4",17950.5287,4481.9754
2023,7,24,59,"Female","1","42",40,48,1,1920,"2","1","4","4",20581.2752,5128.3114
2023,5,51,59,"Male","2","43",50,28.846,0,1442.3,"2","1","2","1",20739.5891,4915.651
2023,6,13,51,"Male","1","44",40,19.23075,0,769.23,"2","1","2","3",20642.2586,5167.4554
2023,4,12,38,"Female","2","39",40,14,0,560,"2","1","2","4",17519.7875,4680.0052
2023,10,12,32,"Female","1","44",40,37.5,0,1500,"1","1","4","4",21613.7851,5320.8549
2023,4,12,42,"Female","1","43",40,20,0,800,"2","1","2","4",27021.616,6777.9506
2023,6,13,55,"Female","2","42",40,16.5,0,660,"2","1","2","4",14799.4695,3360.5179
2023,1,51,27,"Male","1","42",40,39,0,1560,"2","1","2","4",21826.8377,5444.6453
2023,1,13,35,"Male","4","43",40,57.69225,1,2307.69,"2","1","2","4",30767.3984,7715.7584
2023,4,37,52,"Male","1","41",40,17,0,680,"2","1","2","4",15794.0288,3918.9701
2023,2,12,29,"Female","1","40",40,18.25,0,730,"2","1","2","4",19859.4281,4925.5858
2023,10,13,43,"Female","2","44",40,35.096,0,1403.84,"2","1","2","2",27375.2703,7135.2225
2023,4,37,37,"Female","1","43",60,11.8666666666667,0,712,"2","2","5","2",16978.6331,4237.3718
2023,9,37,52,"Female","1","39",40,20,0,800,"2","1","2","4",15528.2062,3859.7981
2023,11,37,64,"Female","1","39",40,30,0,1200,"2","1","2","3",16650.9616,4034.8883
2023,4,11,40,"Male","2","38",60,5,0,300,"1","1","2","4",2580.2727,670.7824
2023,4,10,48,"Female","1","39",40,16.5,0,660,"2","1","2","4",4288.098,1175.9419
2023,1,12,64,"Female","1","43",40,21.25,0,850,"2","1","2","4",14256.5846,3437.1305
2023,1,51,31,"Female","1","42",40,15,0,600,"2","1","2","4",25121.974,6226.1791
2023,5,12,58,"Male","2","44",60,48.6666666666667,1,2920,"2","1","2","3",25197.3693,6052.9347
2023,8,54,41,"Female","1","43",40,33.65375,0,1346.15,"2","1","2","4",3156.9131,803.6465
2023,3,12,54,"Female","1","43",40,24.025,0,961,"2","1","2","4",18986.7845,4581.078
2023,6,12,51,"Male","1","40",50,57.6,1,2880,"2","1","2","4",19643.8125,5003.5343
2023,3,45,51,"Female","2","39",40,23.075,0,923,"2","1","2","4",11894.8306,3202.8645
2023,1,37,30,"Male","1","39",40,14,0,560,"2","1","2","3",18833.054,4683.0041
2023,7,54,32,"Female","6","39",20,11.5,0,230,"2","2","10","4",4458.9074,1108.6015
2023,7,37,62,"Female","2","39",40,21.65,0,866,"1","1","2","3",12586.8188,3478.696
2023,11,37,51,"Female","2","39",40,20.625,0,825,"2","1","2","4",17601.828,4280.9551
2023,6,37,50,"Female","4","43",40,72.11525,1,2884.61,"2","1","2","4",15370.008,4026.7499
2023,7,51,49,"Male","1","39",40,18.75,0,750,"2","1","2","4",14449.1912,3585.0857
2023,10,12,26,"Male","6","33",40,8.75,0,350,"2","1","2","4",21288.5507,5237.452
2023,1,13,32,"Male","4","44",40,43.75,1,1750,"2","1","2","4",24165.8867,6129.4711
2023,5,10,38,"Male","1","44",40,28.846,0,1153.84,"2","1","2","3",3482.1716,882.9519
2023,6,13,61,"Male","1","43",40,43.269,1,1730.76,"2","1","2","4",19599.8115,4999.7199
2023,12,45,40,"Female","2","40",50,20.6,0,1030,"2","1","2","3",11423.3976,3024.3406
2023,5,13,48,"Female","1","40",45,26.9111111111111,0,1211,"2","1","2","4",17765.3015,4394.619
2023,11,13,44,"Female","6","43",40,17.5,0,700,"2","1","2","4",29872.3531,7527.7547
2023,1,13,51,"Female","1","39",40,18,0,720,"2","1","2","4",17137.9043,4275.3353
2023,3,13,58,"Female","1","42",24,40,1,960,"2","1","7","2",17125.0249,4337.8867
2023,1,45,60,"Male","2","39",62,17.741935483871,0,1100,"2","2","5","4",12147.2674,2728.1181
2023,9,51,46,"Female","1","43",40,18.5,0,740,"2","1","2","3",21546.1859,5327.8322
2023,6,12,31,"Male","2","40",30,13,0,390,"2","1","6","4",39414.6166,8391.0974
2023,5,13,29,"Female","2","39",40,19.37,0,774.8,"2","1","4","4",17338.2189,4502.3603
2023,10,12,39,"Male","1","40",40,18,0,720,"2","1","2","4",14049.2949,3444.1947
2023,5,45,60,"Female","1","40",40,23.075,0,923,"2","1","2","4",8529.2278,2257.8812
2023,11,37,39,"Female","1","43",45,64.1024444444444,1,2884.61,"2","1","2","4",16154.8717,3886.3958
2023,11,12,55,"Female","2","41",40,15,0,600,"2","1","2","4",23559.19,5797.3796
2023,4,13,45,"Female","1","40",40,21.75,0,870,"2","1","2","4",18064.8864,4767.9105
2023,7,54,38,"Male","1","43",40,36.0575,0,1442.3,"2","1","2","4",3756.7523,946.0259
2023,1,24,57,"Male","1","44",40,72.11525,1,2884.61,"2","1","2","4",22786.9756,5624.7268
2023,5,12,30,"Female","2","43",40,16,0,640,"2","1","2","4",21982.9717,5692.6969
2023,8,13,34,"Female","4","43",40,23.75,0,950,"2","1","2","4",20507.1099,5108.8202
2023,5,12,33,"Female","1","39",8,8,0,64,"2","1","7","4",16603.8835,4167.965
2023,11,37,46,"Male","4","44",40,72,1,2880,"2","1","2","4",18221.7373,4473.8476
2023,4,24,57,"Female","1","43",55,49.0909090909091,1,2700,"2","1","2","4",19333.1703,4753.8164
2023,6,24,39,"Male","1","43",35,17.1428571428571,0,600,"2","1","2","4",16193.5089,4122.8742
2023,1,54,59,"Female","1","41",40,15,0,600,"2","1","2","4",3208.8879,786.4531
2023,8,11,28,"Male","4","43",40,48,1,1920,"2","1","2","4",1559.705,385.3513
2023,12,45,29,"Female","2","44",40,28,0,1120,"2","1","2","2",15323.7305,3672.9466
2023,6,11,34,"Female","2","40",40,32.2115,0,1288.46,"2","1","2","1",3317.8318,827.2411
2023,5,24,44,"Female","1","43",40,39.025,0,1561,"2","1","2","3",22194.2714,5525.4732
2023,3,37,51,"Male","1","39",40,19.225,0,769,"2","1","2","4",15957.9484,3969.2338
2023,11,12,59,"Female","1","43",65,44.3786153846154,1,2884.61,"2","1","2","4",18521.7423,4714.4591
2023,3,37,45,"Female","1","44",40,31.25,0,1250,"1","1","2","4",13619.8243,3332.8425
2023,10,10,63,"Male","1","40",40,17,0,680,"2","1","2","4",3990.156,1006.9213
2023,11,37,46,"Male","1","43",60,48.0768333333333,1,2884.61,"2","1","2","4",20609.1414,5074.0562
2023,2,12,38,"Male","1","43",45,64.1024444444444,1,2884.61,"2","1","2","4",16775.9533,4112.3039
2023,1,13,35,"Male","1","42",40,19,0,760,"2","1","2","4",19942.6659,4928.1234
2023,3,12,38,"Female","1","40",30,8.33333333333333,0,250,"2","2","10","4",17298.0465,4296.9337
2023,5,12,32,"Female","1","40",40,13.45,0,538,"2","1","2","4",15893.2296,3989.5742
2023,12,37,48,"Male","1","39",50,24.2,0,1210,"2","1","2","4",15401.9164,3934.7946
2023,11,13,32,"Male","1","43",40,31.25,0,1250,"2","1","2","4",19242.2685,4760.8219
2023,4,11,30,"Female","1","43",40,72.11525,1,2884.61,"2","1","2","4",1479.9959,376.1927
2023,5,45,27,"Male","1","43",40,17.4,0,696,"2","1","2","4",10025.2003,2586.3342
2023,2,12,29,"Male","2","43",40,15,0,600,"1","1","2","4",47330.2572,11035.7026
2023,12,51,27,"Male","1","39",40,38,0,1520,"1","1","2","4",19729.1394,4869.7634
2023,3,13,34,"Male","1","39",60,20.8333333333333,0,1250,"1","1","4","4",17466.3468,4412.5084
2023,1,54,27,"Male","1","43",40,31.25,0,1250,"2","1","2","1",5164.1677,1297.5933
2023,5,10,63,"Female","1","40",40,21.65,0,866,"2","1","2","4",2628.0649,690.2025
2023,10,37,37,"Female","2","39",40,22.21875,0,888.75,"2","1","2","4",21607.2346,5458.2037
2023,3,37,34,"Male","2","40",40,20.4,0,816,"2","1","2","4",23469.4896,6182.8794
2023,4,12,31,"Female","2","43",40,36.05,0,1442,"2","1","2","4",21981.8339,5757.0484
2023,6,13,58,"Female","1","42",40,25,0,1000,"2","1","2","4",19760.0311,4875.4482
2023,10,37,42,"Female","1","39",40,18.75,0,750,"2","1","2","4",14301.2537,3679.9102
2023,3,37,34,"Female","1","39",40,20,0,800,"2","1","2","4",15055.2208,3789.2864
2023,7,54,25,"Female","1","39",40,20,0,800,"2","1","2","4",4268.6505,1073.9773
2023,2,12,35,"Male","4","43",40,25,0,1000,"1","1","2","3",15578.7155,3903.7863
2023,4,51,26,"Female","1","44",45,25.6444444444444,0,1154,"2","2","5","3",18531.8919,4652.2031
2023,1,12,56,"Female","4","37",40,14,0,560,"2","1","2","4",19665.4713,4785.0331
2023,11,51,54,"Female","2","39",40,26.45,0,1058,"2","1","2","4",19129.6388,4693.0466
2023,1,11,32,"Male","1","44",40,72.11525,1,2884.61,"2","1","2","4",1657.9905,408.2327
2023,6,45,42,"Female","1","43",30,20,0,600,"2","1","7","4",10255.2634,2669.0288
2023,2,12,33,"Male","1","33",40,28.6,0,1144,"2","1","2","4",20211.9443,4982.3743
2023,11,45,52,"Male","2","43",40,28.25,0,1130,"2","1","2","4",16528.6784,4008.6739
2023,6,24,38,"Male","2","43",40,82,1,3280,"2","1","2","1",34681.4373,7679.4529
2023,3,12,34,"Female","2","43",40,28.846,0,1153.84,"2","1","2","2",24083.9286,6277.4413
2023,9,13,39,"Male","2","39",40,18.5,0,740,"2","1","2","4",18087.4062,4900.9693
2023,9,37,47,"Male","3","39",40,38,0,1520,"2","1","2","4",22375.8217,5622.3977
2023,3,45,58,"Male","1","44",40,37.5,0,1500,"2","1","2","4",13852.2416,3436.6966
2023,5,13,43,"Female","1","43",45,16,0,720,"2","1","2","4",12828.7325,3189.7807
2023,12,12,35,"Female","1","39",40,25,0,1000,"2","1","2","4",15002.6944,3661.1648
2023,6,12,56,"Female","1","44",50,24,0,1200,"2","1","2","4",18809.8811,4722.2019
2023,4,12,50,"Female","1","44",40,57.69225,1,2307.69,"2","1","2","4",15678.79,4078.1305
2023,11,12,64,"Female","1","44",40,16.82675,0,673.07,"2","1","2","4",16111.4172,3934.8708
2023,7,12,61,"Female","5","39",40,15,0,600,"1","1","2","4",19859.5316,4798.5784
2023,8,24,62,"Female","1","44",45,38.4444444444444,0,1730,"2","1","2","1",14218.3831,3390.3627
2023,5,24,31,"Male","1","43",40,59.61525,1,2384.61,"2","1","2","1",22301.5708,5597.6017
2023,9,37,39,"Male","1","34",40,12.5,0,500,"2","1","2","4",15231.9334,3775.7779
2023,5,12,31,"Female","2","43",40,28.85,0,1154,"2","1","2","4",22157.9605,5738.0119
2023,1,54,48,"Male","1","40",55,9.09090909090909,0,500,"2","1","2","4",3858.3651,943.894
2023,3,54,28,"Male","1","42",40,14.90375,0,596.15,"2","1","2","4",4308.9521,1071.4416
2023,3,11,33,"Female","4","43",45,64.1024444444444,1,2884.61,"2","1","2","4",1775.7655,457.0302
2023,9,12,41,"Male","1","44",40,32.5,0,1300,"2","1","4","4",19184.9618,4799.6278
2023,8,12,46,"Female","1","45",40,34.125,0,1365,"2","1","2","1",18068.9582,4430.7904
2023,11,12,39,"Male","1","43",50,37.4,0,1870,"1","1","2","4",26000.671,6385.4463
2023,1,45,31,"Male","1","43",40,34.3,0,1372,"2","1","4","4",13158.5678,3380.7214
2023,4,12,27,"Female","2","43",40,22.825,0,913,"2","1","2","4",23936.2503,6063.9419
2023,12,51,54,"Male","4","43",40,20.625,0,825,"2","1","2","4",15887.4671,4064.9972
2023,4,54,37,"Male","1","39",42,15,0,630,"2","1","2","4",3624.9492,929.9777
2023,12,37,61,"Female","1","40",45,36.6888888888889,0,1651,"2","1","2","4",11390.403,2874.57
2023,5,12,59,"Male","1","39",40,28.85,0,1154,"2","1","2","4",17545.2285,4320.5713
2023,3,37,49,"Male","1","42",48,20.8333333333333,0,1000,"2","1","2","4",16335.1058,4023.5224
2023,10,24,30,"Female","1","46",40,71,1,2840,"1","1","4","2",26589.0769,6642.2021
2023,12,54,47,"Female","1","40",40,21.65,0,866,"2","1","2","4",3473.6347,833.7813
2023,3,51,50,"Female","1","39",34,17.5,0,595,"2","1","7","4",18040.5285,4450.9225
2023,4,54,48,"Female","1","42",40,23.1,0,924,"2","1","2","3",3241.2669,852.544
2023,4,13,61,"Female","2","39",25,8,0,200,"2","1","7","4",15080.2728,3373.3136
2023,8,13,32,"Female","1","39",40,13.85,0,554,"2","1","2","4",24953.7941,6353.8434
2023,6,51,38,"Male","1","43",41,70.2439024390244,1,2880,"2","1","2","4",18222.3451,4588.7602
2023,3,54,44,"Female","1","39",5,100,1,500,"2","1","7","4",3847.3029,976.4407
2023,6,12,39,"Female","1","41",40,27.65,0,1106,"2","1","2","4",18175.5088,4726.4763
2023,9,24,39,"Female","2","43",40,31.5,0,1260,"2","1","2","1",20977.7025,5363.6772
2023,5,54,59,"Female","1","42",40,72.11525,1,2884.61,"2","1","2","1",2895.1455,683.0983
2023,1,45,37,"Male","1","39",40,40,1,1600,"2","1","2","4",13356.4493,3333.9329
2023,7,12,35,"Female","2","42",25,14,0,350,"2","1","7","4",28535.7968,7518.0863
2023,3,12,54,"Female","2","41",40,25,0,1000,"2","1","2","4",19992.9842,5140.1601
2023,7,45,31,"Male","1","43",37,23.8918918918919,0,884,"2","1","2","2",15342.9077,3979.0637
2023,9,10,25,"Female","1","31",38,13.9473684210526,0,530,"2","1","2","4",4519.138,1115.4838
2023,11,12,32,"Male","2","43",40,22.5,0,900,"2","1","2","4",35252.5634,9384.3293
2023,7,12,30,"Male","10","43",45,18.6666666666667,0,840,"2","1","2","4",23291.7797,5787.6867
2023,2,13,31,"Male","2","40",40,15,0,600,"2","1","2","4",32793.1386,7668.342
2023,5,11,41,"Male","1","45",50,57.6922,1,2884.61,"2","1","2","4",1595.2698,397.7177
2023,6,12,35,"Female","2","39",40,12.5,0,500,"2","1","2","4",24661.8544,5756.7526
2023,12,12,43,"Male","4","44",40,72.11525,1,2884.61,"2","1","2","4",23608.5535,5670.6915
2023,11,54,56,"Female","1","41",40,25,0,1000,"2","1","2","4",3156.9204,805.0461
2023,8,37,47,"Male","1","39",40,20,0,800,"2","1","2","4",18117.9459,4376.1148
2023,1,12,49,"Male","1","39",25,12,0,300,"2","1","6","4",19209.128,4553.3178
2023,12,54,39,"Female","1","40",40,14.7,0,588,"2","1","2","4",4462.3734,1099.219
2023,12,45,28,"Male","1","39",40,28,0,1120,"2","1","2","4",13656.5239,3465.6628
2023,3,37,54,"Male","1","39",40,22,0,880,"2","1","2","4",15503.5737,3856.2168
2023,8,12,57,"Male","1","43",40,17.5,0,700,"2","1","2","4",16706.4024,4218.1865
2023,8,12,63,"Male","1","45",40,72.11525,1,2884.61,"2","1","2","4",18125.0373,4588.3748
2023,7,51,34,"Male","1","44",40,72,1,2880,"2","1","2","4",15575.3321,3875.6661
2023,4,45,33,"Female","4","44",40,8.65,0,346,"2","1","2","4",12366.5166,3214.8874
2023,11,13,44,"Female","1","41",40,14,0,560,"2","1","2","4",20451.8203,5148.4147
2023,5,11,32,"Male","1","42",40,31.25,0,1250,"2","1","2","4",1865.7313,475.4955
2023,2,37,61,"Female","2","44",20,18.75,0,375,"2","1","7","4",16547.8567,4416.2911
2023,8,45,35,"Male","1","44",40,50.5,1,2020,"2","1","2","4",11112.8417,2802.283
2023,3,11,32,"Male","1","44",40,33.65375,0,1346.15,"2","1","2","1",1924.6489,480.3541
2023,4,37,41,"Female","1","40",8,12.5,0,100,"2","1","7","4",22936.0419,5736.2762
2023,2,45,39,"Male","1","39",40,16,0,640,"2","1","2","4",13526.0881,3419.2235
2023,5,37,30,"Female","1","43",20,15,0,300,"2","1","2","4",14348.4217,3574.4038
2023,12,12,40,"Female","1","43",50,54,1,2700,"2","1","2","1",15024.3257,3681.6445
2023,12,37,39,"Female","1","43",50,28.06,0,1403,"2","1","2","2",15608.9359,3815.8021
2023,8,12,49,"Male","2","40",36,20.0555555555556,0,722,"2","1","2","4",24300.0851,6292.3022
2023,4,45,52,"Female","1","43",16,18.02875,0,288.46,"2","1","7","4",9755.2375,2628.5284
2023,11,13,36,"Female","1","34",40,16,0,640,"2","1","2","4",18013.4648,4471.0685
2023,7,11,29,"Female","1","44",50,32.3076,0,1615.38,"2","1","4","1",2433.0098,593.8336
2023,10,11,40,"Male","2","43",40,20,0,800,"2","1","2","4",3083.8862,766.931
2023,12,12,51,"Male","1","39",40,18.75,0,750,"2","1","2","4",18598.3492,4748.9469
2023,3,24,42,"Female","2","39",40,31.25,0,1250,"2","1","2","4",17959.2575,4716.7397
2023,9,12,35,"Male","1","42",40,35,0,1400,"2","1","3","4",20814.3052,5212.9745
2023,1,37,62,"Male","2","40",40,27.5,0,1100,"2","1","2","4",16819.4594,3724.2153
2023,9,37,42,"Male","1","32",40,37.5,0,1500,"2","1","2","4",13852.8707,3447.6274
2023,12,12,35,"Female","1","42",40,5.769,0,230.76,"2","1","2","4",15002.6944,3661.1648
2023,9,10,52,"Male","4","44",40,57.5,1,2300,"2","1","2","4",2624.9654,656.3882
2023,10,13,63,"Male","1","40",40,73,1,2920,"1","1","4","4",16461.9908,4178.3137
2023,9,37,38,"Male","1","40",55,30,0,1650,"2","1","2","4",15012.6779,3721.4276
2023,3,13,52,"Male","1","43",40,50.475,1,2019,"2","1","2","1",21132.8539,5294.7446
2023,11,13,26,"Male","1","39",40,23,0,920,"2","1","2","4",15210.2184,3750.9952
2023,4,12,40,"Male","1","40",40,18.5,0,740,"2","1","2","4",22753.0002,5848.0817
2023,9,37,27,"Male","1","39",40,16,0,640,"2","1","2","4",16903.5848,4188.2105
2023,5,45,55,"Female","1","44",40,31.75,0,1270,"2","1","2","2",9130.8629,2233.4853
2023,11,12,58,"Female","1","37",40,19.9,0,796,"2","1","2","4",14773.0664,3760.2843
2023,2,11,41,"Female","1","45",40,72.11525,1,2884.61,"2","1","2","1",1626.8948,412.1567
2023,8,10,56,"Female","1","40",40,26.39,0,1055.6,"2","1","2","4",3624.9577,898.875
2023,9,37,39,"Male","1","43",40,62,1,2480,"1","1","2","1",16703.8515,4151.1758
2023,2,51,29,"Female","1","44",40,57.69225,1,2307.69,"2","1","2","4",23782.9901,5969.8606
2023,12,54,37,"Male","1","39",40,17.5,0,700,"2","1","2","4",5186.5491,1274.923
2023,6,51,61,"Male","1","39",40,31.25,0,1250,"2","1","2","4",19035.6226,4920.6355
2023,12,51,39,"Female","1","43",50,57.6922,1,2884.61,"2","1","2","4",23677.3347,5800.8957
2023,4,54,44,"Female","2","44",80,14.4125,0,1153,"1","1","2","2",4669.8013,1184.751
2023,6,37,44,"Male","2","39",40,18,0,720,"2","1","2","4",23117.4275,5253.3222
2023,4,37,33,"Male","1","44",40,31.25,0,1250,"2","1","2","2",19804.4416,4871.0553
2023,4,12,38,"Female","1","39",40,14.675,0,587,"2","1","2","4",20573.5848,5149.669
2023,6,54,63,"Female","1","39",20,18.3,0,366,"2","1","7","4",3585.773,893.4785
2023,6,51,32,"Male","1","39",70,24,0,1680,"2","1","2","4",17057.4621,4216.7736
2023,12,12,48,"Female","1","44",40,29.76175,0,1190.47,"1","1","2","4",18870.4046,4468.9083
2023,6,54,41,"Male","1","39",40,50,1,2000,"2","1","2","4",2628.7522,672.8368
2023,12,51,49,"Male","1","39",40,19.23075,0,769.23,"2","1","2","4",18152.559,4637.0904
2023,5,54,46,"Female","1","44",40,48.075,1,1923,"2","1","2","4",2855.3836,701.834
2023,9,13,64,"Male","1","44",40,43.25,1,1730,"1","1","2","4",16590.2949,4103.8841
2023,6,12,58,"Female","1","40",40,23.075,0,923,"2","1","2","4",15342.9989,3910.3163
2023,5,37,31,"Male","1","41",20,19,0,380,"2","1","2","4",16738.5518,4174.9554
2023,7,12,34,"Male","1","39",40,19,0,760,"2","1","2","4",16142.111,4027.4066
2023,4,37,27,"Female","2","39",40,11,0,440,"2","1","2","4",24801.959,6264.8315
2023,12,54,25,"Female","3","39",40,14,0,560,"2","1","2","4",7068.922,1856.84
2023,10,11,41,"Female","1","40",40,43.269,1,1730.76,"1","1","4","1",1340.8047,347.0396
2023,5,51,52,"Female","1","44",40,54.8075,1,2192.3,"2","1","2","4",17773.7922,4300.796
2023,8,13,44,"Female","1","43",50,57.6922,1,2884.61,"2","1","2","4",16536.4382,4136.2533
2023,8,11,40,"Female","1","44",40,57.5,1,2300,"2","2","5","3",1362.0553,336.5988
2023,6,12,26,"Female","5","44",40,32.5,0,1300,"2","1","2","2",21761.2877,5240.2267
2023,7,51,27,"Female","1","43",40,33,0,1320,"2","1","2","3",21965.3054,5410.4323
2023,4,51,30,"Male","1","39",40,43.75,1,1750,"2","1","2","2",21309.0854,5315.4833
2023,1,12,30,"Male","1","41",40,20,0,800,"2","1","2","4",16483.626,3988.3678
2023,11,51,46,"Male","4","44",55,19.2363636363636,0,1058,"2","1","2","3",20256.3859,5016.7049
2023,10,12,60,"Female","1","43",40,67.3,1,2692,"2","1","3","4",15208.8766,3743.4769
2023,6,37,42,"Female","1","39",40,40.3845,1,1615.38,"2","1","2","4",17129.9983,4309.8578
2023,5,51,33,"Male","1","39",45,21.5555555555556,0,970,"2","1","2","4",20710.3993,5135.7921
2023,1,11,39,"Female","2","39",40,40.85,1,1634,"1","1","2","4",2614.7727,665.3675
2023,10,12,28,"Male","1","43",40,48.075,1,1923,"2","1","2","4",17073.4385,4260.2476
2023,7,37,26,"Male","8","44",40,25,0,1000,"2","1","2","4",24012.3248,5988.3112
2023,8,37,63,"Female","4","43",2,35,0,70,"2","1","7","4",18690.6943,4332.1517
2023,5,11,41,"Male","1","43",50,48,1,2400,"2","1","2","4",1606.0895,400.4152
2023,6,37,62,"Female","1","43",40,24.99,0,999.6,"2","1","2","4",17730.7301,4372.5771
2023,11,37,49,"Male","2","40",40,25,0,1000,"2","1","2","4",16620.7117,3973.0127
2023,6,45,30,"Male","1","40",20,17.1,0,342,"2","1","7","4",9059.8652,2327.3793
2023,4,10,28,"Male","1","39",48,23,0,1104,"2","1","2","3",3512.3233,909.4499
2023,4,24,48,"Female","1","43",40,69.23075,1,2769.23,"1","1","2","2",21802.7532,5727.7298
2023,6,37,28,"Female","1","43",40,17.3,0,692,"2","1","2","4",17494.3332,4210.6964
2023,10,51,48,"Male","1","42",40,67.3075,1,2692.3,"2","1","2","4",20889.22,5155.4502
2023,8,54,57,"Female","1","43",40,9.65,0,386,"2","1","2","4",2670.7433,680.4566
2023,8,51,59,"Male","1","40",40,13,0,520,"2","1","2","4",19198.4177,4731.6438
2023,4,51,59,"Male","1","39",40,22,0,880,"1","2","5","4",15572.9141,4052.6641
2023,1,11,55,"Female","2","34",40,16.325,0,653,"2","1","2","4",1455.7924,368.1431
2023,12,12,54,"Male","1","39",40,35,0,1400,"2","1","2","4",15727.8634,4006.8524
2023,3,12,28,"Female","8","43",65,23.6686153846154,0,1538.46,"2","1","2","4",29676.9412,7584.0036
2023,2,13,37,"Female","2","36",40,13,0,520,"2","1","2","4",33816.5086,8728.2017
2023,2,12,46,"Female","1","43",32,6.6103125,0,211.53,"2","1","6","4",21894.3444,5376.8889
2023,7,37,28,"Male","1","43",40,60.096,1,2403.84,"2","1","2","4",15504.6205,3880.7397
2023,7,12,41,"Female","2","43",36,36.9444444444444,0,1330,"1","1","4","4",22098.3761,5913.6805
2023,5,12,37,"Female","1","43",50,48,1,2400,"2","1","2","4",17665.9246,4431.1611
2023,2,45,44,"Male","1","42",50,25,0,1250,"2","1","2","4",12521.3922,3177.2112
2023,6,45,32,"Female","1","44",40,46.25,1,1850,"2","1","2","2",12075.4047,3042.8181
2023,8,13,58,"Female","2","39",20,12,0,240,"2","1","7","4",17737.2296,5135.6668
2023,7,12,41,"Male","1","43",70,48.8571428571429,1,3420,"2","1","2","4",22592.0361,5566.0599
2023,10,54,43,"Female","1","44",30,60,1,1800,"2","1","7","4",3240.5602,822.6916
2023,2,13,62,"Male","1","43",40,72.11525,1,2884.61,"2","1","2","4",22149.3999,5582.5517
2023,11,37,44,"Female","1","40",40,38.5,0,1540,"2","1","2","4",13784.2861,3376.316
2023,8,45,61,"Female","1","39",40,21.25,0,850,"2","1","2","4",10073.552,2396.119
2023,2,12,57,"Male","1","40",40,31,0,1240,"2","1","2","1",18253.4327,4284.4861
2023,5,54,48,"Male","1","41",40,46.625,1,1865,"2","1","4","2",3052.4017,751.0849
2023,12,12,56,"Female","1","43",40,31,0,1240,"2","1","2","4",19026.7048,4529.3457
2023,11,51,31,"Male","1","43",50,23.08,0,1154,"2","1","2","4",22141.346,5376.6545
2023,4,12,53,"Male","1","43",40,39.5,0,1580,"2","1","2","4",20963.259,5200.8707
2023,7,12,46,"Male","1","44",40,27,0,1080,"2","1","2","4",20059.8477,5030.6776
2023,8,12,51,"Male","1","44",40,72.11525,1,2884.61,"2","1","2","4",16126.9261,3980.737
2023,7,37,33,"Female","8","43",40,17,0,680,"2","1","2","4",17328.6273,4244.4877
2023,10,12,58,"Female","1","39",40,33.65375,0,1346.15,"2","1","2","4",20799.7061,5488.4839
2023,2,51,30,"Female","4","43",40,62.5,1,2500,"2","1","2","1",21407.6745,5456.8765
2023,12,12,26,"Female","2","41",32,16,0,512,"2","1","7","4",25118.8456,5809.1375
2023,3,12,28,"Male","1","38",40,20,0,800,"2","1","2","4",18290.8036,4583.6967
2023,1,12,38,"Male","1","39",25,21.5,0,537.5,"2","1","6","4",17309.2916,4144.9754
2023,11,54,29,"Female","1","40",20,12.5,0,250,"2","1","7","4",4897.8841,1237.0462
2023,9,12,35,"Male","1","44",40,35.5,0,1420,"2","1","2","2",21060.4478,5274.6213
2023,12,45,44,"Male","1","43",50,32,0,1600,"2","1","2","4",12487.1145,3132.6
2023,12,11,44,"Male","1","43",45,44.8888888888889,1,2020,"2","1","2","4",1522.6306,374.2844
2023,9,13,51,"Female","1","43",40,48.07675,1,1923.07,"2","1","2","4",22965.4111,5817.0131
2023,7,13,28,"Female","4","43",50,21,0,1050,"2","1","2","4",28110.6365,6864.429
2023,6,54,32,"Male","1","39",40,16,0,640,"2","1","2","4",2662.0983,667.9734
2023,6,37,57,"Female","6","43",40,48,1,1920,"2","1","2","4",25060.429,6450.3884
2023,5,11,42,"Male","4","43",40,16.85,0,674,"2","1","2","4",2153.7267,543.0606
2023,4,12,40,"Female","1","41",40,13.5,0,540,"2","1","2","4",21636.3289,5437.471
2023,3,12,46,"Female","1","39",40,72.11525,1,2884.61,"2","1","2","4",26919.8387,6624.228
2023,4,11,35,"Male","2","43",40,22,0,880,"1","1","2","2",2768.1744,726.4484
2023,11,12,33,"Male","2","44",40,57.5,1,2300,"2","1","2","4",36409.9621,9692.432
2023,9,13,36,"Female","2","44",40,20,0,800,"2","1","2","4",19655.6657,5123.7889
2023,8,13,37,"Female","1","39",40,18.75,0,750,"2","1","2","4",17098.3169,4294.6748
2023,6,54,62,"Male","1","39",45,16.6666666666667,0,750,"2","1","2","4",3079.7497,808.0509
2023,7,11,38,"Female","2","44",40,44.23075,1,1769.23,"1","1","2","3",3738.0563,973.2697
2023,12,51,62,"Male","1","32",40,12.2,0,488,"2","1","2","4",21180.1337,5371.6692
2023,12,45,28,"Female","1","43",40,62.5,1,2500,"2","1","2","4",13383.2385,3605.7411
2023,12,51,29,"Female","2","44",40,28.846,0,1153.84,"2","1","2","2",23479.3895,5473.8198
2023,7,37,35,"Female","1","39",40,22.25,0,890,"2","1","2","4",12425.0244,3020.3548
2023,5,13,35,"Female","1","39",40,17,0,680,"2","1","2","4",15524.3821,3883.843
2023,1,11,34,"Female","1","43",40,22.11525,0,884.61,"2","1","2","4",1755.7321,431.0545
2023,10,13,30,"Female","2","43",40,23.075,0,923,"2","1","2","4",28814.0472,7174.7806
2023,6,12,60,"Male","4","42",40,18.25,0,730,"2","1","2","4",21397.8084,5590.5767
2023,5,37,57,"Male","1","43",40,72.11525,1,2884.61,"2","1","2","4",14146.5419,3457.1446
2023,8,12,30,"Male","4","39",40,15,0,600,"2","1","2","4",17092.8083,4327.4916
2023,11,11,41,"Female","4","44",40,55.28825,1,2211.53,"2","1","2","1",1619.3306,402.1313
2023,7,12,58,"Male","1","39",40,33.63,0,1345.2,"2","1","2","4",20638.3022,5117.8999
2023,2,13,37,"Female","1","43",50,18,0,900,"2","1","2","4",23766.2379,5938.9129
2023,7,12,49,"Male","1","39",40,24.5,0,980,"2","1","2","4",16483.53,4100.7409
2023,4,37,45,"Male","1","44",40,57.5,1,2300,"2","2","5","4",16114.444,3975.0887
2023,2,54,49,"Male","1","40",40,18,0,720,"2","1","2","4",3723.3936,942.9744
2023,5,12,50,"Female","1","32",40,11.25,0,450,"2","1","2","4",16727.2486,4130.8505
2023,11,13,52,"Male","1","40",40,57.5,1,2300,"2","1","2","4",21686.785,5538.2554
2023,8,37,26,"Male","1","39",40,17,0,680,"2","1","2","4",15326.3161,3837.9858
2023,8,13,25,"Male","2","39",35,11.4285714285714,0,400,"2","1","4","4",32084.53,8274.3721
2023,4,12,57,"Male","1","39",40,38.45,0,1538,"2","1","2","4",19351.122,4980.0636
2023,4,37,39,"Female","1","40",25,17.8,0,445,"2","1","6","4",16862.3621,4208.3539
2023,5,12,56,"Male","1","39",40,19.23075,0,769.23,"2","1","2","4",19137.5613,4712.6886
2023,7,13,60,"Male","1","39",50,34.6,0,1730,"2","1","2","4",17250.7412,4425.671
2023,6,11,30,"Male","2","40",40,17.3,0,692,"2","1","2","4",5768.9596,1221.7414
2023,7,24,41,"Male","1","38",40,25,0,1000,"2","1","2","4",20470.6985,5012.1463
2023,10,12,27,"Male","1","39",40,16,0,640,"2","1","2","4",15771.3819,3935.3521
2023,5,51,60,"Female","1","43",40,33.65,0,1346,"2","1","2","3",18607.9595,4730.5788
2023,12,54,52,"Male","1","39",40,26.45,0,1058,"2","1","2","4",3230.9393,836.1795
2023,9,11,37,"Female","1","44",40,43.2625,1,1730.5,"1","1","4","3",1720.8366,432.2032
2023,5,37,31,"Female","2","43",40,28.85,0,1154,"2","1","2","4",18871.8304,4849.8776
2023,8,51,27,"Male","1","41",65,22.1892307692308,0,1442.3,"2","1","2","4",17315.5168,4328.945
2023,5,10,52,"Female","1","43",37,38.9189189189189,0,1440,"2","1","2","4",2831.9767,707.9186
2023,10,11,47,"Female","1","39",35,17,0,595,"2","1","4","4",1509.4874,369.0223
2023,1,13,41,"Female","1","44",40,11,0,440,"1","1","2","3",15146.4233,3743.0064
2023,5,12,61,"Female","1","39",35,20.8571428571429,0,730,"2","1","2","4",17478.2739,4503.4357
2023,3,12,44,"Female","1","44",40,48.07675,1,1923.07,"2","1","2","4",20605.0659,5307.6377
2023,2,45,56,"Male","2","39",49,22.2116326530612,0,1088.37,"2","1","2","4",14648.4563,3289.1626
2023,3,37,25,"Male","2","39",35,15,0,525,"2","1","2","4",20393.0753,5452.3841
2023,7,37,57,"Male","1","40",40,62.5,1,2500,"2","1","2","4",18028.1638,4450.926
2023,1,51,54,"Male","1","45",50,57.6922,1,2884.61,"2","1","2","4",17095.8371,4201.047
2023,9,24,45,"Male","1","41",40,22,0,880,"2","1","2","3",19359.1283,4845.6111
2023,6,51,48,"Male","1","43",45,22.6666666666667,0,1020,"2","1","2","4",19875.2243,5089.6845
2023,1,51,33,"Male","1","40",40,72.11525,1,2884.61,"2","1","2","2",21497.807,5329.3802
2023,12,12,43,"Female","1","43",40,24.025,0,961,"2","1","2","4",17213.3192,4218.0476
2023,12,54,35,"Female","1","39",40,16.25,0,650,"2","1","2","4",4558.992,1123.0191
2023,5,12,29,"Female","2","44",40,20,0,800,"2","1","2","4",19813.7221,5158.6451
2023,12,12,53,"Female","1","40",40,37,0,1480,"2","1","2","4",18108.0147,4321.0276
2023,11,45,45,"Male","2","45",20,10,0,200,"2","1","7","4",11380.1061,2759.9989
2023,1,11,58,"Male","1","43",40,60.57675,1,2423.07,"1","1","2","4",1709.7567,411.4305
2023,12,37,35,"Male","1","46",36,80.1280555555556,1,2884.61,"2","1","2","4",17638.2537,4302.8408
2023,2,10,30,"Female","2","43",40,31.25,0,1250,"2","1","2","4",9141.2186,2280.4088
2023,10,45,37,"Male","1","42",40,18,0,720,"2","1","2","4",19248.9168,4757.6394
2023,11,11,36,"Male","1","44",40,33.65375,0,1346.15,"2","1","2","4",1766.9317,436.0547
2023,1,37,26,"Female","6","39",40,23.07675,0,923.07,"2","1","2","4",20683.1212,5172.3141
2023,10,13,48,"Female","2","41",40,33.65,0,1346,"2","1","2","4",23876.4347,5817.4056
2023,6,12,35,"Female","1","44",40,43.25,1,1730,"2","1","2","4",14012.4016,3585.7717
2023,1,37,57,"Male","1","44",40,72.11525,1,2884.61,"2","1","2","4",19688.3903,4784.653
2023,11,24,37,"Female","1","35",40,16,0,640,"2","2","5","4",20465.9903,5050.1453
2023,9,12,63,"Female","1","39",50,57.6,1,2880,"1","1","2","4",17144.4693,4449.5224
2023,6,11,26,"Male","1","43",40,30.28825,0,1211.53,"2","1","2","1",2074.5324,511.533
2023,12,10,26,"Male","1","43",40,14,0,560,"2","1","2","4",4501.0937,1109.4479
2023,2,12,54,"Male","1","43",40,20,0,800,"2","1","2","4",19623.5505,4966.9422
2023,3,37,46,"Male","2","42",40,31.625,0,1265,"2","1","2","4",20729.9034,5377.2035
2023,9,10,35,"Female","1","43",50,57.6922,1,2884.61,"2","1","2","4",3847.9747,958.5892
2023,3,51,48,"Male","1","39",40,32.2,0,1288,"2","1","2","4",20361.5435,5131.1527
2023,12,13,33,"Male","1","43",40,53,1,2120,"2","1","2","4",30709.8217,7809.9429
2023,11,12,45,"Female","1","43",50,25,0,1250,"2","1","2","4",15561.8273,3976.7121
2023,5,12,39,"Male","1","39",32,14.0625,0,450,"2","1","7","4",17569.4,4398.8629
2023,11,24,42,"Male","4","43",40,25,0,1000,"2","1","4","4",11207.8278,2806.2156
2023,6,54,36,"Female","1","39",35,14.2857142857143,0,500,"2","1","2","4",2843.9511,735.682
2023,8,45,33,"Male","1","41",40,28.846,0,1153.84,"2","1","2","2",13078.0481,3325.7956
2023,9,12,33,"Male","2","43",40,37.5,0,1500,"1","1","2","3",40581.2427,9559.6197
2023,1,12,56,"Female","1","33",40,16.5,0,660,"2","1","2","4",18390.122,4367.2021
2023,8,54,52,"Male","1","44",24,35,0,840,"2","1","7","4",2615.9498,652.3406
2023,4,45,35,"Female","1","43",15,35,0,525,"2","1","7","4",11229.3528,2929.4037
2023,11,45,30,"Male","1","43",40,36.225,0,1449,"2","1","2","4",13164.9268,3215.5378
2023,1,13,59,"Female","2","37",40,16.325,0,653,"2","1","2","4",11685.3961,2996.6297
2023,2,10,47,"Male","2","40",32,22,0,704,"2","1","7","4",3672.8555,933.1318
2023,11,51,47,"Male","1","40",40,41.75,1,1670,"2","1","4","2",18142.6858,4505.6987
2023,3,45,45,"Male","1","44",40,72.11525,1,2884.61,"2","1","2","4",14801.2736,3820.3231
2023,2,45,55,"Male","1","43",50,55.76,1,2788,"2","1","2","4",12963.5279,3137.8681
2023,6,12,62,"Male","1","40",40,31.73075,0,1269.23,"2","1","2","4",15519.8881,4028.2271
2023,1,13,52,"Female","1","42",50,57.6922,1,2884.61,"2","1","2","4",19704.0711,4915.5083
2023,9,13,62,"Male","1","39",40,19.23075,0,769.23,"2","1","2","4",17479.4382,4323.8284
2023,2,54,55,"Male","1","40",40,26,0,1040,"2","1","2","4",3899.4181,923.4637
2023,5,13,31,"Male","1","39",20,10,0,200,"2","1","6","4",17299.8395,4336.6774
2023,12,12,47,"Male","1","42",36,27,0,972,"2","1","2","4",18667.6209,4741.2653
2023,2,12,49,"Male","1","44",24,32.05125,0,769.23,"2","1","7","4",18135.3325,4552.1928
2023,2,37,28,"Male","1","41",40,22.11525,0,884.61,"2","1","2","4",18000.5334,4423.6967
2023,4,11,32,"Female","1","44",40,43.75,1,1750,"1","1","4","1",1490.0337,378.7442
2023,8,10,46,"Male","2","40",40,30,0,1200,"2","1","2","4",3182.4295,802.2468
2023,2,13,27,"Female","1","45",40,24.03825,0,961.53,"2","1","2","2",23268.4462,5843.1379
2023,2,13,33,"Male","2","43",32,9.375,0,300,"2","1","2","2",32793.1386,7668.342
2023,12,12,43,"Female","1","40",10,36,0,360,"2","1","7","4",17676.6146,4331.5761
2023,11,13,28,"Male","2","40",40,22.11525,0,884.61,"2","1","2","4",16328.6648,4308.4511
2023,10,12,51,"Male","1","39",40,15,0,600,"2","1","2","4",18797.0068,4719.1351
2023,10,51,35,"Female","1","44",40,29.8075,0,1192.3,"2","1","2","2",17507.5319,4437.8794
2023,4,54,52,"Female","1","39",45,32.9333333333333,0,1482,"2","1","4","1",2944.7055,761.027
2023,3,51,61,"Male","1","40",40,30,0,1200,"2","1","2","4",21855.9633,5739.9217
2023,8,54,40,"Male","1","39",24,46.6666666666667,1,1120,"2","1","7","4",4070.6238,1046.4362
2023,1,12,59,"Female","1","40",40,20,0,800,"2","1","2","4",18775.4238,4510.2916
2023,10,13,39,"Male","2","44",40,32,0,1280,"2","1","2","4",30333.6494,7603.6945
2023,3,54,30,"Male","1","39",40,13,0,520,"2","1","2","4",4220.8228,1037.8653
2023,1,13,35,"Male","1","31",40,10,0,400,"2","1","2","4",21625.0906,5429.3664
2023,9,45,31,"Female","1","42",20,11,0,220,"2","1","7","4",12052.1183,2990.982
2023,9,24,25,"Male","1","39",40,16,0,640,"2","1","2","4",22943.957,5682.0068
2023,9,24,30,"Female","2","40",40,16.85,0,674,"2","1","2","4",31910.8235,7422.0822
2023,11,12,31,"Female","1","42",40,17.2,0,688,"2","1","2","4",15426.5436,3904.206
2023,9,10,52,"Male","1","41",40,45.125,1,1805,"2","1","2","4",3065.0416,758.7463
2023,12,24,38,"Female","1","33",40,13,0,520,"2","1","2","4",17909.9018,4356.6928
2023,10,51,59,"Female","1","43",40,12,0,480,"2","1","2","1",19578.219,5175.0907
2023,11,12,43,"Female","2","39",40,15,0,600,"2","1","2","4",20975.228,4779.9789
2023,11,12,27,"Female","1","39",40,20.6,0,824,"2","1","2","4",25551.1418,6441.4051
2023,9,37,31,"Male","2","43",40,20,0,800,"2","1","2","4",22838.5384,5338.4405
2023,5,10,50,"Male","2","42",40,20,0,800,"1","1","2","4",3749.7605,942.1441
2023,12,13,47,"Male","4","39",40,25,0,1000,"2","1","2","4",26698.6085,7007.8368
2023,12,11,42,"Female","1","44",40,64,1,2560,"2","1","2","1",1604.5103,399.2931
2023,10,54,41,"Male","1","43",40,35.25,0,1410,"2","1","2","4",3363.5782,843.9943
2023,5,12,30,"Female","1","40",30,16.6666666666667,0,500,"2","1","7","4",17316.798,4346.9233
2023,9,13,25,"Male","1","39",40,26.45,0,1058,"1","1","2","3",21162.4453,5343.1583
2023,2,51,28,"Female","2","45",40,31.25,0,1250,"2","1","2","3",35925.5032,8617.5257
2023,1,11,42,"Female","2","44",40,66.346,1,2653.84,"1","1","2","1",2448.141,634.0768
2023,6,24,47,"Male","1","44",35,65.7142857142857,1,2300,"1","1","4","3",15392.2859,3985.1986
2023,11,13,35,"Male","1","43",45,64,1,2880,"2","1","2","4",18877.2078,4727.4034
2023,4,54,46,"Male","1","40",40,29,0,1160,"2","1","2","4",3986.0025,985.7871
2023,1,51,31,"Female","2","43",40,32.5,0,1300,"2","1","2","1",22249.5174,5483.3486
2023,2,45,41,"Male","1","39",40,25,0,1000,"2","1","2","4",12429.7761,3153.9643
2023,1,45,33,"Male","1","39",45,37.6066666666667,0,1692.3,"2","1","2","4",11952.5974,3014.5876
2023,11,37,61,"Male","1","43",40,72.11525,1,2884.61,"2","1","2","4",20388.4992,4560.131
2023,8,11,29,"Female","1","44",60,32.05,0,1923,"2","2","5","4",1599.7378,400.6715
2023,8,54,54,"Male","1","39",40,20.4,0,816,"2","1","2","4",2615.9498,652.3406
2023,12,13,59,"Female","2","43",40,33.75,0,1350,"2","1","2","4",13585.2443,3884.6264
2023,12,12,62,"Female","1","39",35,8.57142857142857,0,300,"2","1","3","4",16579.2459,4093.5317
2023,9,12,46,"Female","1","43",40,33.75,0,1350,"2","1","2","4",16946.5144,4251.7744
2023,3,10,35,"Male","1","44",40,30,0,1200,"2","1","2","4",3115.7646,787.4444
2023,3,10,44,"Female","1","44",20,45,1,900,"2","1","9","3",3388.1648,912.0584
2023,10,54,41,"Male","1","39",40,35,0,1400,"2","1","4","4",3325.7544,834.5035
2023,1,12,29,"Male","1","40",40,36.0575,0,1442.3,"2","1","2","4",19974.3972,4863.0907
2023,2,45,25,"Male","2","43",40,19.23075,0,769.23,"2","1","2","3",29393.6925,7067.6096
2023,10,11,34,"Male","4","42",60,28.846,0,1730.76,"2","1","2","4",1042.9176,261.3275
2023,5,13,48,"Male","1","39",45,22.2666666666667,0,1002,"2","1","2","4",18763.7117,4646.7015
2023,5,10,26,"Female","1","43",20,32.692,0,653.84,"2","1","7","4",3393.2211,860.3055
2023,5,13,58,"Male","1","43",50,57.6922,1,2884.61,"2","1","2","4",18461.5441,4534.3638
2023,10,54,32,"Female","1","43",40,23.1,0,924,"2","1","2","3",3329.1351,826.1036
2023,3,11,39,"Male","1","45",40,72.11525,1,2884.61,"2","1","2","1",1801.9766,435.8147
2023,3,54,48,"Female","1","39",40,14.51525,0,580.61,"2","1","2","4",3104.709,754.2463
2023,10,54,54,"Male","1","39",40,22.5,0,900,"2","1","2","4",2826.0472,721.0246
2023,7,13,36,"Male","1","43",8,50,1,400,"2","1","7","4",20121.4244,4976.6364
2023,3,13,32,"Female","1","39",40,72.11525,1,2884.61,"2","1","2","4",15895.9502,4008.0571
2023,9,24,40,"Male","1","44",40,72,1,2880,"2","1","2","4",18628.4096,4633.8297
2023,10,45,50,"Female","1","44",40,91.5,1,3660,"2","1","2","3",11782.5577,2848.1158
2023,1,24,35,"Male","1","45",80,36.057625,0,2884.61,"2","1","2","4",24448.4314,6111.2424
2023,10,51,56,"Female","1","44",40,65.3845,1,2615.38,"2","1","2","1",19899.0661,5259.8998
2023,2,11,33,"Male","1","46",40,60.57675,1,2423.07,"2","1","2","4",1765.8053,432.05
2023,11,54,51,"Female","1","43",50,19.5,0,975,"2","1","2","1",3340.7498,873.167
2023,10,45,30,"Female","2","43",40,48.075,1,1923,"2","1","2","4",12675.7845,3109.4524
2023,1,10,30,"Female","2","43",40,28.825,0,1153,"2","1","2","4",6463.2133,1579.4739
2023,3,51,33,"Male","1","44",40,36.0575,0,1442.3,"2","1","2","3",19913.8849,5046.2715
2023,4,51,40,"Female","1","40",40,14.05,0,562,"2","1","2","4",16751.9471,4257.1668
2023,10,13,57,"Male","1","42",50,21.16,0,1058,"2","1","2","4",19200.6346,4781.1743
2023,3,51,35,"Female","2","44",40,31.25,0,1250,"2","1","2","4",23049.5866,6208.4153
2023,10,45,48,"Female","1","42",40,20.6,0,824,"2","1","2","4",14505.8678,3523.3716
2023,5,12,37,"Male","1","43",60,14.4333333333333,0,866,"1","1","2","3",19298.5165,4831.783
2023,12,51,39,"Male","1","33",40,25,0,1000,"2","1","2","4",19243.8434,4700.7595
2023,7,12,58,"Male","2","40",40,43.25,1,1730,"2","1","2","4",15920.7482,4452.4919
2023,10,12,48,"Female","1","44",40,28.85,0,1154,"2","1","2","4",20012.2246,4781.3176
2023,10,54,27,"Female","1","43",36,41.6666666666667,1,1500,"2","1","2","4",3722.0543,926.4797
2023,4,10,41,"Female","1","39",40,30,0,1200,"2","1","2","4",3774.1389,988.5279
2023,11,12,32,"Female","1","39",40,11,0,440,"2","1","2","4",15177.8103,3841.2556
2023,3,10,45,"Male","1","44",55,41.958,1,2307.69,"2","1","2","2",3105.2757,805.3827
2023,11,51,39,"Male","1","44",60,38.4615,0,2307.69,"2","1","2","4",22439.0532,5515.3348
2023,7,12,38,"Female","1","43",45,64.0888888888889,1,2884,"2","1","2","4",21514.0222,5210.9213
2023,8,12,31,"Male","4","44",40,60.096,1,2403.84,"2","1","2","4",19595.4183,4961.0928
2023,10,13,29,"Female","1","41",32,7.8125,0,250,"2","1","7","4",16804.3009,4212.3458
2023,5,51,56,"Female","1","39",40,19.5,0,780,"2","1","2","4",16751.6564,3935.0766
2023,8,12,29,"Female","2","43",24,86.5383333333333,1,2076.92,"2","1","7","4",32621.9763,8697.256
2023,1,10,33,"Female","1","46",40,25,0,1000,"2","1","2","2",4749.4664,1164.1642
2023,7,13,63,"Male","1","41",40,18.25,0,730,"2","1","2","4",20256.9378,5238.8011
2023,2,51,44,"Female","1","44",40,38.94225,0,1557.69,"2","1","2","3",19258.6826,4939.8502
2023,2,13,63,"Male","1","39",40,48.07675,1,1923.07,"2","1","2","4",20138.359,5075.6875
2023,11,10,30,"Female","2","40",40,17.5,0,700,"2","1","4","4",3964.526,1102.8047
2023,7,24,41,"Female","4","44",52,48.0769230769231,1,2500,"2","1","2","2",21347.8116,5104.5622
2023,11,54,62,"Male","1","43",40,36.05,0,1442,"2","1","3","4",3785.8485,855.0016
2023,2,54,36,"Male","7","40",60,16.0255,0,961.53,"2","1","2","4",4828.9391,1220.8771
2023,12,37,48,"Male","1","44",50,22.5,0,1125,"2","1","2","3",14842.9531,3791.9938
2023,2,24,57,"Male","1","44",40,30.28825,0,1211.53,"2","1","2","4",18430.822,4430.4851
2023,2,12,52,"Female","1","39",35,13,0,455,"2","1","2","4",20808.9971,5022.6788
2023,9,12,45,"Male","1","43",40,53.846,1,2153.84,"2","1","2","4",17490.7313,4414.2422
2023,8,45,31,"Male","1","40",40,21,0,840,"2","1","2","4",11838.2292,3010.5051
2023,12,10,27,"Female","1","39",40,22,0,880,"2","1","2","4",4024.9631,1053.2657
2023,10,24,43,"Female","1","43",40,32.5,0,1300,"2","1","2","4",25356.5307,6480.5602
2023,10,12,50,"Female","1","40",40,35.096,0,1403.84,"2","1","2","4",21076.8187,5053.2532
2023,11,13,57,"Male","4","41",40,30.72,0,1228.8,"1","1","2","4",19428.796,4917.5648
2023,12,12,51,"Male","1","40",40,30.25,0,1210,"2","1","2","4",21799.6299,5566.3696
2023,4,24,57,"Male","1","39",55,70.5454545454545,1,3880,"2","1","2","4",21980.8184,5647.8127
2023,8,51,25,"Male","2","43",40,48.075,1,1923,"2","1","2","4",41272.2088,10518.6961
2023,9,13,38,"Female","1","42",40,17,0,680,"2","1","2","4",18515.8341,4723.1472
2023,4,54,59,"Male","1","39",40,13,0,520,"2","2","5","4",3645.3368,937.7886
2023,6,54,53,"Male","1","39",40,16.85,0,674,"2","1","2","4",3401.5524,875.8429
2023,3,51,59,"Female","1","40",48,31.44,0,1509.12,"2","1","2","4",18543.5678,4770.9274
2023,7,10,48,"Female","1","39",40,10.57675,0,423.07,"2","1","2","4",3212.6623,816.6739
2023,6,10,31,"Male","2","39",40,16.25,0,650,"2","1","2","2",8407.1272,1777.4405
2023,7,37,31,"Female","2","42",40,12.5,0,500,"2","1","2","3",16472.8703,4031.9198
2023,1,51,33,"Male","1","46",40,72.11525,1,2884.61,"2","1","2","1",17971.8955,4455.2946
2023,7,54,54,"Female","1","43",40,12.5,0,500,"2","1","2","4",3040.5326,788.2344
2023,5,12,34,"Male","1","44",40,49,1,1960,"2","1","2","4",17541.5999,4408.7762
2023,8,54,26,"Female","1","39",40,27,0,1080,"2","1","2","4",3758.5815,969.7243
2023,11,11,41,"Female","1","44",45,30.7691111111111,0,1384.61,"2","1","2","4",1824.4195,452.5875
2023,12,37,48,"Female","1","43",45,40.6666666666667,1,1830,"2","1","2","4",12481.4075,2925.9535
2023,6,12,56,"Female","1","43",36,53.3333333333333,1,1920,"2","1","2","4",20556.5576,5160.7032
2023,7,13,27,"Female","2","43",40,33,0,1320,"2","1","2","4",31489.0046,7410.8285
2023,3,24,51,"Female","1","44",40,72.11525,1,2884.61,"2","1","2","1",20543.4134,5042.1703
2023,6,51,39,"Male","7","43",40,25,0,1000,"2","1","2","4",25580.3213,6545.609
2023,1,51,27,"Female","1","41",36,26,0,936,"2","2","5","4",23482.3298,5848.5749
2023,12,37,58,"Female","1","39",40,19,0,760,"2","1","2","4",14613.0647,3499.0908
2023,8,12,38,"Female","2","39",40,31.25,0,1250,"2","1","2","4",34216.9736,8117.39
2023,11,11,44,"Male","1","45",40,72.11525,1,2884.61,"2","1","4","1",1605.1293,399.2852
2023,11,54,44,"Male","1","39",40,21.65,0,866,"1","1","2","4",4012.0879,995.0301
2023,2,13,41,"Male","1","40",40,22.575,0,903,"2","1","2","4",31356.4813,7811.7999
2023,4,12,39,"Female","1","40",40,16.5,0,660,"2","1","2","4",21231.5715,5314.3664
2023,1,10,56,"Female","2","39",40,21.56,0,862.4,"2","1","2","4",3389.6606,855.7934
2023,6,37,49,"Female","2","40",40,15,0,600,"2","1","2","4",14644.8242,3754.5471
2023,5,45,48,"Male","1","42",40,18.47,0,738.8,"2","1","2","4",10252.8926,2615.4848
2023,5,24,34,"Male","1","43",40,46.25,1,1850,"2","1","4","4",21173.2398,5314.3953
2023,3,51,27,"Male","1","43",40,60.075,1,2403,"1","1","2","3",21309.7309,5460.6654
2023,7,12,63,"Male","1","43",40,26.44225,0,1057.69,"2","1","2","3",17602.2,4513.3384
2023,10,54,52,"Female","1","44",40,39.423,0,1576.92,"2","1","2","3",2801.0721,682.4758
2023,5,45,53,"Male","1","41",45,20,0,900,"2","1","2","4",10737.8438,2729.8524
2023,4,24,39,"Female","1","44",40,50.595,1,2023.8,"2","1","2","3",16889.2974,4220.7402
2023,12,54,33,"Female","1","43",40,30,0,1200,"1","1","2","3",4656.0485,1214.5077
2023,6,37,54,"Female","1","43",60,48.0768333333333,1,2884.61,"2","1","2","4",17296.8201,4401.2016
2023,7,12,26,"Male","1","39",36,15,0,540,"2","1","2","4",18873.4782,4771.3814
2023,8,12,51,"Male","1","43",40,25,0,1000,"2","1","2","4",15866.9,3916.5527
2023,9,37,32,"Male","1","39",50,21.52,0,1076,"2","1","2","4",15816.6354,3911.683
2023,2,51,37,"Male","1","44",50,57.6922,1,2884.61,"2","1","2","1",17310.825,4294.5962
2023,12,10,64,"Female","1","42",40,28.846,0,1153.84,"2","1","4","4",2344.2181,592.0667
2023,5,54,45,"Male","1","39",42,53.0952380952381,1,2230,"2","1","2","4",3131.5369,770.5572
2023,6,12,52,"Female","2","39",48,13.5416666666667,0,650,"2","2","5","4",20956.8167,5451.73
2023,9,37,35,"Female","2","40",35,20.8571428571429,0,730,"2","1","2","4",18917.3198,4839.278
2023,1,12,38,"Female","2","39",40,15.45,0,618,"2","1","2","4",19112.9074,4779.3746
2023,6,12,53,"Male","1","43",40,21.85,0,874,"2","1","2","4",17805.3411,4600.9674
2023,1,24,27,"Female","1","44",40,43.269,1,1730.76,"2","1","2","4",20655.2638,5241.256
2023,11,45,64,"Male","1","40",40,33.75,0,1350,"2","1","2","4",14267.5789,3237.6851
2023,6,24,59,"Female","2","39",50,18.27,0,913.5,"2","1","2","4",23980.0104,5578.7613
2023,6,12,30,"Male","2","39",40,16.25,0,650,"2","1","2","4",39728.3648,8457.8922
2023,4,37,54,"Female","2","41",45,18.2222222222222,0,820,"1","1","2","4",20146.3142,4869.4897
2023,4,10,37,"Female","1","44",40,33.75,0,1350,"2","1","2","2",3897.8752,1016.8455
2023,7,54,36,"Male","1","39",40,21.65,0,866,"2","1","2","4",3761.932,947.3302
2023,5,24,42,"Male","1","40",40,15.85,0,634,"2","1","2","4",18239.1574,4547.7322
2023,5,11,31,"Male","1","44",50,57.6922,1,2884.61,"2","1","2","4",1823.9813,457.7597
2023,4,45,53,"Male","1","39",40,40,1,1600,"2","1","2","3",10927.812,2825.5671
2023,1,13,64,"Male","1","43",40,72.11525,1,2884.61,"1","1","2","4",19558.9758,4864.0449
2023,7,13,40,"Female","2","40",40,10.81725,0,432.69,"2","2","5","4",21136.3494,5659.3676
2023,6,12,46,"Male","1","40",40,19,0,760,"2","1","2","4",16058.4962,4129.0957
2023,8,51,60,"Male","1","44",40,64.90375,1,2596.15,"2","1","2","4",17619.0325,4353.7732
2023,1,51,37,"Male","1","33",40,12.5,0,500,"2","1","2","4",22113.5632,5512.3189
2023,2,12,26,"Female","1","43",40,19.57,0,782.8,"2","1","2","4",19184.7836,4758.2588
2023,3,13,54,"Male","1","40",45,24,0,1080,"2","1","2","4",19106.271,4786.9931
2023,2,12,35,"Female","2","39",40,14,0,560,"2","1","2","4",21140.577,5349.954
2023,9,45,42,"Female","2","42",40,19.4,0,776,"2","1","2","4",12472.2296,3397.7327
2023,8,37,46,"Male","1","40",45,30,0,1350,"2","1","2","4",18516.3181,4472.3355
2023,8,12,30,"Female","1","39",40,17.5,0,700,"2","1","2","3",18128.5311,4673.2994
2023,2,51,43,"Male","1","44",40,72.11525,1,2884.61,"2","1","2","4",16025.005,3990.6252
2023,6,12,41,"Male","2","43",40,48,1,1920,"2","1","2","4",33334.3637,7571.4523
2023,9,11,33,"Female","1","43",60,46.6666666666667,1,2800,"2","1","2","4",1829.9932,453.7006
2023,10,54,60,"Female","1","34",8,15,0,120,"2","1","7","3",2430.0963,607.8529
2023,3,54,36,"Male","1","39",40,40,1,1600,"2","1","2","4",3826.428,911.7592
2023,5,10,59,"Female","2","35",37,13.5135135135135,0,500,"2","1","2","4",3561.5962,878.6731
2023,7,13,43,"Male","1","39",40,26.44225,0,1057.69,"2","1","2","4",23315.4068,5747.4595
2023,2,12,35,"Female","1","41",40,21.6345,0,865.38,"2","2","5","4",15804.5623,3900.6895
2023,2,37,47,"Female","1","33",40,13,0,520,"2","1","2","4",19691.3162,4881.8569
2023,7,51,47,"Female","2","42",40,31.25,0,1250,"2","1","2","2",16825.1557,4371.817
2023,3,11,59,"Male","1","44",40,72.11525,1,2884.61,"2","1","2","4",1573.0289,375.2809
2023,12,12,59,"Male","1","43",40,43.25,1,1730,"2","1","4","2",16558.2241,4264.7144
2023,1,54,28,"Male","1","40",40,43.25,1,1730,"2","1","2","4",5166.8746,1298.2735
2023,5,13,48,"Female","1","42",40,18.75,0,750,"2","1","2","4",15927.6919,3940.0478
2023,6,13,57,"Male","1","39",40,37,0,1480,"1","1","2","1",21644.9005,5386.2623
2023,6,12,36,"Female","1","43",40,38.45,0,1538,"2","1","2","4",14367.602,3736.2437
2023,12,45,38,"Male","1","42",40,27,0,1080,"2","1","2","4",13439.9131,3378.2538
2023,6,45,28,"Female","1","40",40,13.75,0,550,"2","1","2","4",13033.6866,3245.0742
2023,12,45,37,"Male","1","44",40,36.0575,0,1442.3,"2","1","2","4",12994.2787,3266.2392
2023,2,13,46,"Female","1","43",40,62.019,1,2480.76,"2","1","2","1",26967.5988,6705.4664
2023,7,11,33,"Female","1","45",40,79.5,1,3180,"1","1","2","1",1850.1913,452.7395
2023,11,12,43,"Female","1","43",10,20,0,200,"2","1","7","4",17939.4075,4428.6508
2023,10,54,41,"Male","1","40",48,21.5833333333333,0,1036,"1","1","2","4",3363.5782,843.9943
2023,2,13,30,"Female","1","39",35,10.7142857142857,0,375,"1","1","2","4",21860.689,5468.8445
2023,10,12,25,"Female","1","40",50,20,0,1000,"2","1","4","4",19328.8021,4734.3587
2023,8,37,36,"Female","1","43",32,22.5,0,720,"2","1","7","4",16460.7028,4156.0658
2023,1,51,25,"Male","1","44",40,72.11525,1,2884.61,"2","1","2","4",25105.5505,6379.4562
2023,10,37,26,"Female","1","39",40,23,0,920,"2","1","2","4",18431.3839,4629.9798
2023,7,37,27,"Female","2","43",40,16,0,640,"2","1","2","4",22415.5662,5291.5747
2023,4,54,56,"Female","1","39",25,14.48,0,362,"2","1","7","4",2919.6139,718.7794
2023,9,37,53,"Female","1","43",38,50.5263157894737,1,1920,"2","2","5","4",15277.8337,3797.5638
2023,1,12,42,"Female","1","39",35,14.1428571428571,0,495,"2","1","2","4",21172.5244,5070.2273
2023,10,54,50,"Male","1","39",50,41.6,1,2080,"2","1","2","4",2826.0472,721.0246
2023,11,12,33,"Female","1","44",50,22.16,0,1108,"2","1","2","4",17197.9103,4308.5589
2023,10,45,45,"Female","1","42",40,20.6,0,824,"2","1","2","4",12545.2845,3047.16
2023,12,45,34,"Male","1","43",40,40.86525,1,1634.61,"2","1","2","4",13161.2232,3354.4667
2023,8,12,36,"Female","1","41",40,35.5,0,1420,"2","1","2","4",14231.5296,3619.0082
2023,9,12,51,"Female","1","40",40,55.275,1,2211,"2","1","2","4",18656.504,4673.5053
2023,5,45,32,"Female","1","44",40,22.75,0,910,"2","1","2","4",9797.9053,2526.9321
2023,3,11,47,"Female","1","45",40,58.675,1,2347,"2","1","2","4",1335.2465,329.2455
2023,7,10,37,"Male","1","43",40,46.75,1,1870,"2","1","2","2",3065.8582,751.15
2023,1,37,56,"Male","1","39",35,32.9668571428571,0,1153.84,"2","1","3","4",18654.6854,4533.443
2023,2,24,29,"Male","1","43",40,41.346,1,1653.84,"2","1","2","4",23242.0483,5794.4947
2023,12,12,40,"Male","1","40",45,27.7777777777778,0,1250,"2","1","2","4",20468.53,4954.4034
2023,3,45,36,"Female","1","43",40,43.25,1,1730,"2","1","2","4",11316.2126,2944.0417
2023,7,13,35,"Female","1","36",40,9,0,360,"2","1","2","4",18417.7371,4463.4389
2023,11,45,27,"Male","1","39",40,27.5,0,1100,"2","1","2","4",14545.8434,3541.2736
2023,7,10,35,"Male","1","43",40,37.5,0,1500,"2","1","2","4",3123.4869,765.2693
2023,1,13,36,"Female","1","42",45,8.54688888888889,0,384.61,"2","1","2","3",13645.0687,3360.7171
2023,1,13,30,"Male","2","39",40,26.9,0,1076,"2","1","2","4",29949.8737,7492.1033
2023,11,54,56,"Male","1","43",20,13,0,260,"2","1","7","4",3166.2118,789.6421
2023,8,45,43,"Female","1","43",40,36,0,1440,"2","1","2","1",10143.0986,2554.7198
2023,3,13,43,"Female","2","39",40,17,0,680,"2","1","2","4",22932.9726,5960.8368
2023,5,10,43,"Male","1","39",40,20,0,800,"1","1","2","4",3117.7452,793.429
2023,1,54,31,"Female","1","43",30,14,0,420,"2","1","7","4",4692.1487,1168.3205
2023,5,11,51,"Female","1","45",40,72.11525,1,2884.61,"2","1","2","4",1376.3977,337.0629
2023,8,24,32,"Male","1","44",50,45.2306,1,2261.53,"2","1","4","4",16113.2952,4107.78
2023,3,24,52,"Male","1","40",40,72.11525,1,2884.61,"2","1","2","4",21032.8731,5324.6629
2023,5,10,44,"Male","1","41",40,25,0,1000,"1","1","4","1",3117.7452,793.429
2023,4,51,53,"Male","1","43",50,61.6,1,3080,"2","1","2","4",17633.6585,4423.863
2023,1,54,44,"Male","1","39",40,17.33,0,693.2,"2","1","2","4",4694.3772,1162.1608
2023,6,11,34,"Female","1","43",50,44.2306,1,2211.53,"2","1","2","4",1848.8147,447.7955
2023,1,11,48,"Male","1","44",50,57.6922,1,2884.61,"2","1","2","4",1623.2387,391.5489
2023,6,10,57,"Male","2","40",40,17.5,0,700,"2","1","2","4",2924.1266,758.4079
2023,6,24,42,"Female","1","44",40,50.48075,1,2019.23,"2","1","2","1",12914.4057,3270.1623
2023,9,12,31,"Male","1","35",40,21,0,840,"2","1","2","4",21631.9818,5416.081
2023,3,12,41,"Female","1","44",40,23.75,0,950,"2","1","2","4",17636.778,4511.2301
2023,4,12,56,"Female","1","42",40,28.846,0,1153.84,"1","1","2","4",19212.7747,4760.4788
2023,11,13,38,"Male","1","39",40,48,1,1920,"2","1","2","4",18877.2078,4727.4034
2023,2,13,58,"Female","1","43",10,17.5,0,175,"2","1","7","4",20840.7292,5209.5571
2023,10,37,49,"Male","1","39",35,17,0,595,"2","1","2","4",14786.7404,3705.8491
2023,6,51,42,"Female","2","39",40,34.5,0,1380,"2","1","2","4",24206.1364,5676.778
2023,7,12,53,"Male","1","39",40,20,0,800,"2","1","2","4",19401.1955,4818.999
2023,7,12,57,"Female","1","40",20,15,0,300,"2","1","7","4",18858.1679,4735.7054
2023,4,11,32,"Male","2","45",45,55.5555555555556,1,2500,"2","1","2","4",3250.1936,838.3347
2023,3,11,50,"Female","2","39",25,38.4612,0,961.53,"2","1","6","4",3036.3889,786.2059
2023,7,12,47,"Male","1","43",40,20,0,800,"2","1","2","4",18968.0528,4718.8358
2023,9,45,33,"Male","2","43",40,16,0,640,"2","1","2","2",21607.2343,5072.4592
2023,5,54,43,"Male","1","43",40,38.45,0,1538,"2","1","2","1",3523.3465,871.7968
2023,12,12,51,"Male","1","43",50,28.846,0,1442.3,"2","1","2","4",17047.3389,4352.9082
2023,7,51,58,"Female","1","43",20,47.619,1,952.38,"1","2","10","2",15857.0674,3971.476
2023,3,24,62,"Male","2","39",45,22,0,990,"2","1","2","4",25107.7686,6028.2238
2023,9,10,54,"Male","1","39",40,32,0,1280,"2","1","2","4",3065.0416,758.7463
2023,11,13,37,"Female","1","43",40,21.6345,0,865.38,"2","1","2","4",21390.7093,5288.7307
2023,12,45,50,"Female","1","39",40,10,0,400,"2","1","2","4",11936.4845,2905.1756
2023,5,12,39,"Female","1","39",36,13.8888888888889,0,500,"2","1","2","4",15560.4263,3932.4638
2023,6,37,34,"Female","1","43",40,34,0,1360,"2","2","5","2",21796.7865,5309.6507
2023,1,54,44,"Female","4","43",40,24.6,0,984,"2","1","4","4",4858.1278,1190.4114
2023,5,37,44,"Female","2","43",40,36.05,0,1442,"2","1","2","4",22066.2858,4902.8384
2023,5,37,47,"Male","1","44",40,69,1,2760,"2","1","2","4",14182.8475,3494.6877
2023,11,37,25,"Male","1","39",40,22,0,880,"2","1","2","4",16908.0944,4035.2679
2023,9,51,28,"Male","1","41",40,25,0,1000,"2","1","2","4",18125.0803,4460.5571
2023,6,10,25,"Male","1","43",40,57.5,1,2300,"2","1","2","4",5623.6319,1384.3183
2023,1,12,55,"Male","2","39",40,60.075,1,2403,"2","1","2","4",16777.8415,4783.6595
2023,2,12,46,"Male","1","40",40,48.075,1,1923,"2","1","2","4",18052.0956,4531.2993
2023,9,24,49,"Female","2","43",40,19.35,0,774,"2","1","2","4",30006.8806,7536.4879
2023,9,11,32,"Female","1","45",60,48.0768333333333,1,2884.61,"2","1","2","4",1874.4079,464.712
2023,5,12,32,"Male","2","43",40,72.11525,1,2884.61,"2","1","4","4",26459.1437,6636.7417
2023,6,11,27,"Male","1","45",40,59.61525,1,2384.61,"1","1","4","1",2074.5324,511.533
2023,12,10,51,"Female","1","43",40,24.03825,0,961.53,"2","1","2","2",2911.9729,699.4946
2023,4,45,31,"Female","1","43",40,21.65,0,866,"2","1","2","4",11335.978,2951.7111
2023,1,11,32,"Female","2","41",40,13,0,520,"2","1","2","4",2772.3881,678.6135
2023,12,11,60,"Female","1","44",40,72.11525,1,2884.61,"2","1","2","4",1536.6842,391.5424
2023,9,12,47,"Female","1","41",40,21.625,0,865,"2","1","2","4",18150.2149,4555.0046
2023,8,12,30,"Female","4","44",40,30,0,1200,"2","1","2","4",18570.658,4683.8666
2023,3,12,29,"Male","2","40",40,22,0,880,"2","1","2","4",24054.9468,6434.9234
2023,4,10,56,"Male","1","39",40,12.85,0,514,"2","1","2","4",3776.1244,1012.821
2023,12,24,42,"Female","2","43",40,30,0,1200,"2","1","4","4",16302.8121,4151.1987
2023,6,54,38,"Male","1","43",40,94,1,3760,"2","1","2","4",3045.5555,778.443
2023,7,12,53,"Female","1","44",25,19.04,0,476,"2","1","7","4",16850.6841,4288.1458
2023,10,24,53,"Male","2","39",40,25.4,0,1016,"1","1","2","2",27176.9892,7653.0108
2023,9,10,34,"Male","1","43",40,30,0,1200,"2","1","2","4",4810.7174,1184.0063
2023,9,11,40,"Female","1","45",40,72.11525,1,2884.61,"2","1","2","4",1496.1154,374.1826
2023,7,51,42,"Male","1","43",36,50.8333333333333,1,1830,"2","1","2","4",16269.9248,4004.0877
2023,8,10,49,"Male","2","39",40,59,1,2360,"2","1","2","1",3213.1604,814.0264
2023,7,51,27,"Female","2","39",40,18.5,0,740,"2","1","2","2",30730.967,7209.2075
2023,4,24,45,"Male","1","33",40,20,0,800,"2","1","2","4",20739.9319,5138.7713
2023,1,45,25,"Male","1","39",40,22.5,0,900,"2","1","2","4",12694.6984,3221.6937
2023,11,13,45,"Female","2","39",36,20,0,720,"2","1","2","4",24179.0104,6043.7177
2023,6,37,43,"Male","1","39",45,23.0222222222222,0,1036,"2","1","2","4",17494.8815,4431.8049
2023,8,24,32,"Female","2","43",40,15,0,600,"2","1","2","1",25247.3327,6812.2291
2023,8,51,42,"Male","2","40",45,38.4166666666667,0,1728.75,"2","1","2","4",30794.3675,7392.0347
2023,11,45,56,"Male","1","40",40,33.75,0,1350,"2","1","2","2",14293.5472,3556.9462
2023,1,24,62,"Male","2","39",40,38.4615,0,1538.46,"2","1","2","4",19180.5284,4313.7783
2023,12,24,30,"Male","1","43",50,57.6922,1,2884.61,"2","1","4","4",19211.6476,4709.4201
2023,12,37,30,"Female","1","39",40,15,0,600,"2","1","2","4",13314.2723,3467.4986
2023,5,51,48,"Female","1","39",40,27,0,1080,"2","1","2","4",17413.1715,4261.1856
2023,5,13,54,"Female","1","44",38,36.4371052631579,0,1384.61,"2","1","2","4",18830.7101,4606.0804
2023,2,24,36,"Female","2","44",40,27.40375,0,1096.15,"2","1","2","2",23529.2763,6098.0947
2023,9,24,38,"Male","1","39",40,36.0575,0,1442.3,"2","1","2","3",17606.0659,4373.2124
2023,7,45,41,"Male","1","39",40,13.75,0,550,"1","1","2","3",14370.5479,3636.2097
2023,3,12,57,"Male","1","40",40,24.03825,0,961.53,"2","1","2","4",21849.6248,5235.9668
2023,11,13,27,"Male","1","39",40,24.5,0,980,"2","1","2","4",16479.2024,4063.9396
2023,11,51,57,"Male","1","46",40,72.11525,1,2884.61,"2","1","2","2",16795.5951,4184.4587
2023,9,37,58,"Female","1","46",40,61.5,1,2460,"2","1","2","4",13977.5325,3502.4321
2023,1,12,29,"Female","1","44",40,36.05,0,1442,"2","1","2","4",19117.6648,4647.3312
2023,7,12,55,"Female","1","40",40,25,0,1000,"2","1","2","4",16868.8337,4236.1394
2023,8,11,45,"Male","1","43",40,45.25,1,1810,"2","1","4","4",1849.3502,445.8284
2023,5,51,29,"Male","2","39",48,15.2241666666667,0,730.76,"2","1","2","1",37901.2524,9683.1963
2023,6,37,47,"Female","2","42",40,24.05,0,962,"2","1","2","4",14761.4,3784.4341
2023,3,10,63,"Female","1","43",10,31.25,0,312.5,"2","1","7","2",2872.3742,778.3932
2023,5,45,59,"Male","1","40",44,23.5,0,1034,"2","1","2","4",10384.0307,2627.2056
2023,3,45,47,"Female","1","41",20,25,0,500,"2","1","6","4",11990.9493,3074.7753
2023,6,45,46,"Male","1","43",40,57.675,1,2307,"2","1","2","4",8136.5846,2165.2126
2023,9,13,51,"Female","1","39",35,11.4857142857143,0,402,"2","1","2","4",20136.6869,5101.8895
2023,6,12,39,"Male","1","39",40,17.3,0,692,"2","1","2","4",20563.3158,5199.4271
2023,4,24,41,"Male","1","43",40,52.8845,1,2115.38,"2","1","2","4",19052.2328,4889.0934
2023,9,51,33,"Male","4","39",40,50.5,1,2020,"2","1","2","4",16568.02,4036.5096
2023,3,12,46,"Female","2","41",40,55.28825,1,2211.53,"2","1","2","4",25470.0377,6548.3007
2023,5,10,42,"Female","1","44",40,24.98,0,999.2,"2","1","4","4",2589.7117,658.0476
2023,6,45,26,"Male","1","39",40,23.375,0,935,"2","1","2","4",10712.368,2748.0644
2023,8,12,55,"Female","1","42",40,48,1,1920,"2","1","2","4",16937.3018,4292.7567
2023,9,12,40,"Male","1","43",40,57.5,1,2300,"2","1","2","4",17205.128,4304.3198
2023,1,45,48,"Male","1","43",40,34.6,0,1384,"2","1","2","4",11991.1478,2962.813
2023,9,12,58,"Female","1","39",40,33.65,0,1346,"2","1","2","4",15918.6687,4018.8141
2023,10,11,52,"Male","2","39",40,28.85,0,1154,"2","1","2","3",1635.23,460.5513
2023,9,24,29,"Male","2","44",40,37.5,0,1500,"2","1","2","4",31509.9526,7450.9531
2023,12,37,56,"Female","2","41",40,13.45,0,538,"2","1","2","4",15596.0751,4337.6816
2023,5,51,28,"Male","1","44",40,51.923,1,2076.92,"2","1","2","4",27349.8655,6880.9915
2023,7,37,57,"Male","1","43",40,60.075,1,2403,"2","2","5","4",17199.4204,4246.3197
2023,3,45,59,"Female","1","44",40,36.425,0,1457,"2","1","2","2",12081.4246,3183.6434
2023,5,45,51,"Male","2","40",40,13.75,0,550,"2","2","5","4",16001.1396,4052.4313
2023,1,54,52,"Female","1","39",40,15,0,600,"2","1","2","4",3152.5223,786.5286
2023,8,37,44,"Female","1","43",50,57.6922,1,2884.61,"2","1","2","4",15124.1289,3744.7199
2023,11,37,52,"Male","1","42",50,22,0,1100,"2","1","2","4",16794.8769,4173.2258
2023,3,10,44,"Female","1","44",38,27.8339473684211,0,1057.69,"1","1","2","2",3388.1648,912.0584
2023,8,37,44,"Male","1","37",40,20,0,800,"2","1","2","4",15222.9885,3806.2582
2023,3,45,26,"Male","4","46",20,30,0,600,"2","1","7","2",10759.7143,2822.9811
2023,7,12,40,"Female","1","44",40,23,0,920,"2","1","2","4",20414.0474,4833.6767
2023,2,37,39,"Female","2","44",40,25,0,1000,"2","1","2","4",19326.3354,4937.3499
2023,7,13,34,"Male","1","43",40,52.8845,1,2115.38,"2","1","2","4",18085.7749,4514.8434
2023,5,12,63,"Male","1","43",40,38.5,0,1540,"2","1","2","4",15274.9981,3858.3567
2023,6,24,53,"Male","1","43",50,57.6922,1,2884.61,"2","1","2","4",16703.0367,4283.9393
2023,11,12,41,"Male","1","42",40,28.846,0,1153.84,"2","1","2","3",18392.7919,4553.0911
2023,11,11,38,"Female","1","44",40,63.63825,1,2545.53,"1","1","2","1",1877.4069,457.4261
2023,10,51,57,"Female","2","44",40,48.075,1,1923,"2","1","4","3",19926.9144,4771.4797
2023,11,54,58,"Male","1","42",40,53,1,2120,"2","1","4","4",3144.9118,784.33
2023,9,12,43,"Female","1","45",40,31.25,0,1250,"2","1","2","4",16370.0167,4179.4527
2023,6,45,37,"Male","2","39",40,14.4,0,576,"1","1","2","4",18886.3938,4298.2709
2023,2,51,57,"Male","4","40",40,24.03825,0,961.53,"2","1","2","4",22365.0515,5242.941
2023,3,11,27,"Female","1","45",40,38.4615,0,1538.46,"2","1","2","1",1705.9918,432.0949
2023,10,11,36,"Male","1","44",40,72.11525,1,2884.61,"2","1","2","4",1310.8568,328.8208
2023,1,54,63,"Female","1","42",15,30,0,450,"2","2","10","4",2790.7431,694.3844
2023,1,51,47,"Male","2","39",40,16.2,0,648,"2","1","2","4",20321.6525,4743.9275
2023,7,13,60,"Female","2","43",36,8.33333333333333,0,300,"2","1","2","4",18827.7521,5187.661
2023,11,51,50,"Male","1","43",40,43.269,1,1730.76,"2","1","4","2",17625.4039,4417.7316
2023,8,12,38,"Female","1","43",60,16.9666666666667,0,1018,"2","1","2","4",16315.2111,4148.8782
2023,1,37,35,"Male","1","39",40,12.5,0,500,"2","1","2","4",17878.8815,4399.9156
2023,9,12,45,"Female","1","39",40,14.5,0,580,"2","1","2","4",18897.2008,4742.4693
2023,9,45,51,"Male","1","39",40,27.55,0,1102,"2","1","2","4",10696.3012,2672.2216
2023,6,12,60,"Male","4","41",40,86.5,1,3460,"2","1","2","1",20900.1945,5460.5658
2023,7,13,45,"Female","1","45",50,55.6,1,2780,"2","1","2","2",19543.2258,5015.1322
2023,10,12,32,"Female","1","42",40,17,0,680,"2","1","2","4",18156.3034,4433.3658
2023,6,37,43,"Female","1","39",40,22,0,880,"2","1","2","4",14267.9191,3589.767
2023,9,51,56,"Female","1","40",40,38.5,0,1540,"2","1","2","4",17088.6213,4251.9534
2023,9,13,47,"Male","2","39",40,24.03825,0,961.53,"2","1","2","4",23781.3262,5994.9827
2023,2,12,36,"Female","1","39",40,16.15375,0,646.15,"2","1","2","3",15209.8185,3781.448
2023,3,24,33,"Male","2","44",40,49.03825,1,1961.53,"2","1","2","4",21290.2077,5637.6689
2023,11,12,28,"Male","2","40",40,18,0,720,"2","1","2","4",24903.9407,6444.0717
2023,4,13,31,"Male","1","43",40,25.2,0,1008,"2","1","2","4",17949.4697,4441.37
2023,7,54,42,"Female","1","43",40,29.5,0,1180,"2","1","2","4",3776.266,910.8875
2023,2,37,27,"Male","2","43",40,72.11525,1,2884.61,"2","1","2","2",38760.8667,9123.5905
2023,11,37,57,"Male","1","39",40,17,0,680,"2","1","2","4",15183.5177,3750.1712
2023,11,12,45,"Female","2","43",30,22,0,660,"2","1","7","4",20314.9025,4979.6886
2023,4,13,40,"Female","1","44",20,38.5,0,770,"2","1","7","3",20173.8316,5085.4705
2023,4,37,40,"Female","4","39",40,25,0,1000,"2","1","2","4",18753.8859,4796.1028
2023,1,37,34,"Male","2","40",40,18.75,0,750,"2","1","4","4",26226.2396,6413.7981
2023,1,12,41,"Male","1","39",40,48.07675,1,1923.07,"2","1","2","4",16283.1422,3905.9517
2023,6,11,39,"Female","4","44",40,33.75,0,1350,"2","1","2","4",1664.9612,424.0628
2023,11,54,44,"Female","1","39",40,12,0,480,"2","1","2","4",4058.3779,1003.7439
2023,6,12,55,"Female","2","39",40,14.4,0,576,"2","1","2","4",19926.4677,4603.8585
2023,5,13,46,"Male","1","39",40,72,1,2880,"2","1","2","4",17666.1227,4374.8913
2023,3,51,48,"Female","1","40",40,39.66325,0,1586.53,"2","1","2","4",18540.3544,4641.7429
2023,12,12,26,"Female","1","43",40,36,0,1440,"2","1","2","4",16203.7583,4212.219
2023,7,12,42,"Male","2","40",40,47.25,1,1890,"2","1","2","4",24713.5022,6101.4688
2023,4,13,56,"Female","4","39",20,20,0,400,"2","1","7","4",23803.6251,5914.3118
2023,7,37,52,"Female","1","40",40,30,0,1200,"2","1","2","4",15060.5728,3846.4608
2023,8,12,26,"Male","1","32",40,11.55,0,462,"2","1","2","4",15877.542,4051.6847
2023,8,12,62,"Female","4","39",40,16,0,640,"2","1","2","4",20140.8635,4774.5623
2023,8,37,57,"Female","1","44",40,31.818,0,1272.72,"2","2","5","3",15273.4079,3784.8681
2023,11,37,40,"Female","1","43",50,50,1,2500,"2","1","2","4",15445.7961,3783.2854
2023,2,13,35,"Male","2","41",40,21.625,0,865,"2","1","2","4",34420.7258,8581.6217
2023,9,45,53,"Female","2","42",40,36,0,1440,"2","1","2","4",14012.609,3536.3618
2023,4,13,48,"Male","2","39",40,21.65,0,866,"2","1","2","4",20907.532,4935.3915
2023,3,11,52,"Male","2","39",40,38.4615,0,1538.46,"2","1","2","3",2230.3764,582.9785
2023,3,54,64,"Female","1","39",40,20.25,0,810,"1","1","2","4",2995.2377,765.2806
2023,12,10,50,"Female","1","40",40,31.25,0,1250,"2","1","2","4",2911.9729,699.4946
2023,3,13,63,"Male","1","35",50,35,0,1750,"2","1","2","4",16186.7983,4137.3419
2023,10,54,59,"Male","1","39",40,28.125,0,1125,"2","1","2","4",3291.0318,813.7682
2023,10,12,32,"Male","1","43",40,36,0,1440,"2","1","2","3",13255.1152,3304.8529
2023,10,12,58,"Female","1","39",40,17,0,680,"2","1","2","4",25283.0877,6671.5279
2023,5,12,31,"Male","1","39",40,20,0,800,"2","1","2","1",19103.5508,4801.3455
2023,8,13,64,"Male","1","42",40,43.75,1,1750,"2","1","2","4",15115.281,3779.5069
2023,4,37,46,"Male","1","39",40,25,0,1000,"2","2","5","4",16291.8265,4018.8452
2023,11,51,44,"Female","10","41",40,17,0,680,"2","1","2","4",27842.7759,6886.3802
2023,12,12,41,"Female","4","43",24,83.3333333333333,1,2000,"2","1","2","4",16938.7941,4217.1907
2023,6,24,35,"Male","2","40",40,33.25,0,1330,"2","1","2","4",33302.2733,7374.0669
2023,10,12,39,"Male","1","34",24,15,0,360,"2","1","6","4",15790.7728,3884.2177
2023,9,11,36,"Female","2","44",40,72.11525,1,2884.61,"2","1","2","1",2895.5952,743.1928
2023,10,54,30,"Female","1","42",40,52,1,2080,"2","1","2","4",3543.5033,879.2977
2023,9,51,41,"Female","1","43",40,47.95,1,1918,"2","1","2","4",14633.5825,3623.1468
2023,12,37,29,"Female","1","39",35,8.57142857142857,0,300,"2","1","2","4",17287.7651,4520.3916
2023,8,54,33,"Male","1","42",40,20.75,0,830,"2","1","2","4",4289.2622,1102.4656
2023,12,11,31,"Male","2","45",40,24.05,0,962,"2","1","2","4",4780.5104,1198.5589
2023,7,12,57,"Female","2","43",40,72.11525,1,2884.61,"1","1","2","3",20700.3312,5054.6851
2023,12,54,64,"Female","1","42",40,48,1,1920,"2","1","2","4",3062.4531,778.7696
2023,4,12,30,"Male","1","39",55,49.0909090909091,1,2700,"2","1","2","2",26406.1155,6513.8908
2023,6,37,45,"Female","1","37",50,18,0,900,"2","1","2","4",17844.9529,4620.3451
2023,9,13,41,"Female","1","40",40,31.725,0,1269,"2","1","2","4",19604.2993,4979.7739
2023,10,12,51,"Male","1","44",40,18.75,0,750,"2","1","2","4",22257.9643,5516.6562
2023,6,12,52,"Male","1","43",40,84,1,3360,"2","1","2","4",16742.6057,4264.5592
2023,4,54,43,"Male","1","44",50,50,1,2500,"2","1","2","3",3920.0725,1007.1807
2023,1,12,52,"Female","1","32",20,7.5,0,150,"2","1","6","4",21864.1186,5285.5325
2023,10,13,62,"Male","1","43",40,22.5,0,900,"2","1","2","4",17319.8538,4396.0529
2023,1,12,56,"Male","1","43",40,72.11525,1,2884.61,"2","1","2","4",19964.7917,4823.2231
2023,7,12,55,"Female","1","39",40,16.82675,0,673.07,"1","2","5","3",22141.5918,5560.2462
2023,11,11,43,"Female","2","45",40,52,1,2080,"2","1","2","4",3585.0568,820.9748
2023,8,11,37,"Female","2","44",40,54.5,1,2180,"2","1","2","3",3317.5526,768.0406
2023,3,12,33,"Female","1","43",40,26.44225,0,1057.69,"2","1","2","4",18015.7968,4536.8981
2023,6,12,36,"Male","1","43",40,72,1,2880,"2","1","2","4",22875.816,5826.2693
2023,6,12,46,"Female","2","40",40,23.07675,0,923.07,"2","1","2","4",20675.7486,5298.1851
2023,4,12,60,"Male","1","42",40,30,0,1200,"2","1","2","4",20776.6059,5085.5348
2023,7,45,43,"Male","1","42",40,17,0,680,"2","1","2","4",14680.449,3714.6246
2023,4,13,33,"Female","4","44",40,48,1,1920,"2","1","2","4",23503.3172,5880.6016
2023,1,37,42,"Male","1","42",44,19.2306818181818,0,846.15,"2","1","2","1",17420.8773,4294.5731
2023,7,13,51,"Male","4","43",40,34.5,0,1380,"2","2","5","4",15732.9018,3967.6746
2023,3,37,29,"Female","1","42",36,35,0,1260,"2","1","2","4",15637.6255,3930.5913
2023,6,12,31,"Male","1","34",40,12.5,0,500,"2","1","2","4",18209.5274,4636.5004
2023,2,24,53,"Female","1","44",40,36.0575,0,1442.3,"1","1","4","2",21843.1543,5399.4807
2023,7,11,47,"Male","1","40",48,19.2291666666667,0,923,"2","1","2","4",2531.3378,627.3632
2023,10,45,45,"Male","1","43",40,60.25,1,2410,"2","1","2","4",12350.5779,3067.8501
2023,9,45,57,"Male","1","40",40,71.5,1,2860,"2","1","2","3",10249.2343,2679.103
2023,8,12,63,"Female","1","43",24,16,0,384,"2","1","7","4",16417.7942,3926.3965
2023,1,12,54,"Female","1","39",40,18,0,720,"2","1","2","4",18048.7729,4363.1933
2023,11,12,53,"Female","1","39",40,19.4,0,776,"2","1","2","4",17008.249,4437.1678
2023,8,12,61,"Male","1","36",40,18,0,720,"2","1","2","4",15312.0213,3876.2565
2023,7,13,43,"Male","2","39",48,29,0,1392,"2","1","2","4",22030.4522,5442.0676
2023,7,51,47,"Female","1","40",40,27.548,0,1101.92,"2","1","2","3",16135.274,4127.2992
2023,5,13,48,"Female","1","44",40,72.11525,1,2884.61,"2","1","2","4",17765.3015,4394.619
2023,2,51,43,"Male","4","42",40,67.5,1,2700,"2","1","4","1",15670.4558,3974.1349
2023,7,45,51,"Male","2","40",40,19.225,0,769,"2","1","2","4",18755.8769,4672.1197
2023,12,51,29,"Male","1","39",35,19.2571428571429,0,674,"2","1","2","4",19658.73,4852.3842
2023,12,13,56,"Male","1","39",60,32.0511666666667,0,1923.07,"2","1","2","4",26568.5877,7076.6243
2023,4,12,47,"Female","1","39",60,37,0,2220,"2","1","2","4",20280.1847,5336.2405
2023,2,12,34,"Female","1","40",40,23.5575,0,942.3,"2","1","2","4",14624.8885,3613.5718
2023,8,12,43,"Female","2","40",40,16.15,0,646,"2","1","2","2",22458.1024,5429.3492
2023,9,11,41,"Male","1","43",60,44.8716666666667,1,2692.3,"1","1","2","4",1705.5288,425.8751
2023,7,13,27,"Male","1","43",40,42.25,1,1690,"2","1","2","4",24621.431,6143.8313
2023,10,51,35,"Male","4","43",40,21.875,0,875,"2","1","2","4",18212.6406,4481.3752
2023,10,54,60,"Male","1","43",44,48.0681818181818,1,2115,"2","1","2","4",3017.9739,760.6481
2023,9,54,29,"Male","1","39",40,24.8,0,992,"2","1","2","4",4780.2666,1195.5611
2023,5,12,48,"Female","1","40",40,17.3,0,692,"2","1","2","4",15687.4728,3890.769
2023,5,13,57,"Female","1","39",40,36,0,1440,"2","1","2","4",17511.9816,4158.4052
2023,12,12,49,"Male","7","44",40,24.025,0,961,"2","1","2","4",25924.0759,6579.8677
2023,4,51,56,"Female","1","41",50,46.92,1,2346,"2","1","2","4",16565.0038,4125.3914
2023,11,10,45,"Female","2","42",40,21,0,840,"2","1","2","4",3279.6781,820.7505
2023,9,54,58,"Male","1","43",40,24,0,960,"2","1","2","4",3382.4563,888.6421
2023,2,12,53,"Female","1","39",40,22.596,0,903.84,"2","1","2","4",18861.8779,4552.7015
2023,3,11,34,"Female","1","44",40,53.90125,1,2156.05,"2","1","2","1",1642.4542,416.5611
2023,7,37,33,"Male","1","43",40,57.675,1,2307,"2","1","2","4",14980.0798,3751.0002
2023,6,51,28,"Female","2","43",40,24.05,0,962,"2","1","2","4",30537.3569,7222.7165
2023,11,12,42,"Female","1","39",40,33.75,0,1350,"2","1","2","4",16290.9517,4037.3611
2023,5,13,46,"Female","2","41",32,19.5,0,624,"2","1","7","4",13493.423,3261.0398
2023,8,37,61,"Female","1","40",40,68.75,1,2750,"2","1","2","4",14955.1032,3496.9667
2023,5,45,28,"Male","2","39",40,16.5,0,660,"2","1","2","4",21530.1766,5727.8101
2023,9,11,35,"Male","1","44",40,52.5,1,2100,"2","2","5","4",1975.4305,492.5598
2023,2,24,33,"Male","1","43",40,43.75,1,1750,"2","1","2","4",19616.4785,4881.6553
2023,6,37,40,"Male","1","39",50,55.2,1,2760,"2","1","2","4",14853.7247,3762.7468
2023,8,13,37,"Male","2","39",40,37.25,0,1490,"2","1","2","4",22190.4125,5362.4561
2023,6,45,54,"Female","1","44",45,33.3333333333333,0,1500,"2","1","2","2",9232.1174,2430.0048
2023,5,10,37,"Female","1","40",40,31.25,0,1250,"2","1","2","4",2877.5118,735.6873
2023,8,12,53,"Female","1","42",43,32.2002325581395,0,1384.61,"2","1","2","4",16957.1802,4189.5865
2023,10,12,41,"Female","1","39",50,23.0768,0,1153.84,"2","1","2","4",17927.9881,4478.696
2023,11,10,62,"Male","1","39",30,16.4,0,492,"1","1","7","4",3598.2911,828.105
2023,10,45,53,"Female","1","40",25,24,0,600,"2","1","7","4",12692.9049,3068.1677
2023,9,12,62,"Female","1","39",36,18,0,648,"2","1","2","4",17957.4082,4660.5053
2023,7,24,56,"Male","1","44",34,59.3891176470588,1,2019.23,"2","1","7","3",25603.6152,6249.5578
2023,4,37,46,"Female","2","42",50,21,0,1050,"2","1","2","4",20827.4446,5034.1232
2023,8,37,52,"Female","1","43",40,20.5,0,820,"2","1","2","4",15482.5137,3740.0873
2023,8,37,26,"Male","2","43",40,30,0,1200,"2","1","2","4",17048.5195,4352.21
2023,1,11,47,"Male","2","43",40,20,0,800,"2","1","2","1",2143.6284,497.0176
2023,9,13,37,"Male","2","39",40,40,1,1600,"2","1","2","4",22557.5802,6112.209
2023,8,12,61,"Female","4","39",40,20,0,800,"2","1","2","4",21920.6028,5196.4646
2023,9,51,43,"Female","3","44",40,67.78825,1,2711.53,"2","1","2","4",20964.1572,5313.5766
2023,7,37,48,"Female","1","39",40,35,0,1400,"2","1","2","3",16118.8252,4149.0332
2023,5,12,56,"Female","1","44",37,31.1891891891892,0,1154,"1","1","2","3",18089.0928,4306.6751
2023,7,13,52,"Female","1","46",50,57.6922,1,2884.61,"1","1","2","2",16048.2007,4086.1921
2023,10,24,64,"Male","1","39",40,31.25,0,1250,"2","1","2","4",22625.0458,5740.682
2023,6,54,28,"Female","1","39",40,30,0,1200,"2","1","2","4",3408.0246,828.7999
2023,8,24,47,"Female","2","44",40,17.3,0,692,"2","1","2","1",24078.2579,6702.1315
2023,8,13,37,"Male","1","40",40,14.25,0,570,"2","1","2","4",20300.0855,5083.6689
2023,4,12,41,"Male","1","46",40,57.69225,1,2307.69,"2","1","2","4",24435.0778,6280.4171
2023,12,11,35,"Female","1","44",40,72.11525,1,2884.61,"2","1","4","4",1690.4785,417.2368
2023,11,12,61,"Male","1","46",40,64.423,1,2576.92,"2","1","4","2",17716.7782,3993.7544
2023,9,13,31,"Male","6","39",60,12.1533333333333,0,729.2,"2","1","2","4",26186.4418,6545.3805
2023,6,11,27,"Female","1","43",40,37.019,0,1480.76,"2","1","2","1",1995.5332,477.5604
2023,3,37,33,"Male","1","36",40,12,0,480,"2","1","2","4",14432.3736,3619.6283
2023,2,24,35,"Male","2","39",40,24.73,0,989.2,"1","1","2","4",36022.0928,9084.1243
2023,10,45,37,"Female","2","37",40,16,0,640,"2","1","2","4",9814.9581,2426.8783
2023,12,12,54,"Female","1","39",40,25,0,1000,"2","1","2","4",23053.9424,5501.2503
2023,10,13,41,"Female","2","43",40,48.07675,1,1923.07,"2","1","2","4",27375.2703,7135.2225
2023,1,51,48,"Male","1","40",40,18.5,0,740,"2","1","2","4",18060.4585,4386.2075
2023,3,13,48,"Male","2","40",50,36.923,0,1846.15,"2","1","2","4",17063.1409,4458.363
2023,2,12,27,"Male","1","44",40,19.225,0,769,"2","1","2","4",19371.1086,4783.8531
2023,6,24,49,"Male","4","46",40,57.675,1,2307,"2","1","2","1",13541.5154,3526.1738
2023,8,51,54,"Female","1","44",25,12,0,300,"2","1","7","4",17326.9485,4178.721
2023,9,12,60,"Male","1","40",65,29.5856923076923,0,1923.07,"2","1","2","4",18065.2429,4419.4828
2023,7,45,27,"Female","2","39",40,12,0,480,"2","1","2","4",18584.5816,4482.5138
2023,10,11,25,"Female","1","43",40,31.25,0,1250,"2","1","4","1",1668.7225,418.2261
2023,10,37,41,"Female","2","40",40,10.5,0,420,"2","1","2","4",22368.5095,5795.0779
2023,9,45,28,"Male","1","39",50,22,0,1100,"2","1","2","4",11666.8517,2903.1979
2023,11,37,45,"Male","1","43",50,73.2,1,3660,"2","1","2","4",20276.8452,4992.2435
2023,8,54,41,"Female","1","43",40,72.1,1,2884,"2","1","2","4",3277.8161,834.4244
2023,8,54,31,"Male","1","43",40,38.4615,0,1538.46,"2","1","2","4",4271.599,1097.9256
2023,8,51,47,"Female","1","43",40,48.075,1,1923,"2","1","2","4",19674.5629,4709.3064
2023,4,11,35,"Male","2","44",40,59.25,1,2370,"2","1","2","4",2749.5261,721.5546
2023,8,54,26,"Male","1","39",40,20,0,800,"2","1","2","4",4116.3278,1059.8125
2023,7,24,32,"Male","4","43",40,57.69225,1,2307.69,"2","1","2","4",16035.3224,3953.6386
2023,10,12,27,"Male","1","39",40,37.5,0,1500,"1","1","4","4",18098.9822,4537.0935
2023,3,51,43,"Male","1","43",40,31.25,0,1250,"2","1","2","4",17699.5094,4363.0966
2023,8,37,64,"Female","1","44",40,42.5,1,1700,"2","2","5","4",16855.654,3941.3744
2023,10,51,45,"Female","1","39",40,34.5,0,1380,"2","2","5","4",20241.3911,4884.8655
2023,1,12,26,"Male","4","40",40,16,0,640,"2","1","2","4",21635.6032,5317.8194
2023,8,54,28,"Female","1","38",49,10,0,490,"2","1","2","4",3605.0384,930.1097
2023,6,54,36,"Male","1","37",40,19.75,0,790,"2","1","2","4",2948.5098,753.6381
2023,9,51,39,"Female","2","44",35,88.5714285714286,1,3100,"2","1","2","4",25244.7485,6414.3329
2023,6,11,54,"Female","1","38",40,17,0,680,"2","1","2","4",1301.2287,334.2063
2023,5,12,51,"Male","1","39",40,28.85,0,1154,"2","1","2","4",17146.6766,4242.8344
2023,5,37,59,"Male","1","41",20,20,0,400,"2","1","7","3",14146.5419,3457.1446
2023,3,37,64,"Male","1","44",20,64,1,1280,"2","1","7","4",14125.9212,3584.429
2023,3,12,29,"Male","1","39",40,22,0,880,"2","1","4","4",18233.1144,4626.7423
2023,11,12,57,"Male","2","40",40,24.05,0,962,"2","1","2","4",22505.9855,6236.0126
2023,6,54,42,"Male","1","39",40,16,0,640,"2","1","2","4",2657.9365,680.3066
2023,12,45,36,"Male","1","43",40,57.5,1,2300,"2","1","2","4",13439.9131,3378.2538
2023,7,37,32,"Female","1","40",40,20,0,800,"2","1","2","4",12379.9585,3076.4419
2023,8,37,30,"Male","1","33",40,17.5,0,700,"2","1","2","4",15412.6294,3838.9744
2023,9,51,48,"Female","1","39",40,21.65,0,866,"2","1","2","4",20419.273,5049.1749
2023,4,51,46,"Female","1","43",40,60.096,1,2403.84,"2","1","2","4",17449.9712,4643.0161
2023,4,12,50,"Female","1","39",40,25,0,1000,"2","1","2","2",16152.3106,4201.2956
2023,9,11,51,"Male","1","44",55,41.958,1,2307.69,"2","1","2","4",1904.8588,475.413
2023,10,13,33,"Female","1","44",40,72.11525,1,2884.61,"2","1","2","4",17754.2923,4436.6672
2023,10,12,50,"Male","1","44",45,42.6666666666667,1,1920,"2","1","2","1",17449.6636,4380.8741
2023,9,12,52,"Male","1","43",40,22.1,0,884,"2","1","2","4",16765.1508,4202.8337
2023,8,51,38,"Female","4","43",40,29.8,0,1192,"2","1","2","4",14573.5896,3676.3733
2023,1,54,50,"Female","1","39",40,19.76,0,790.4,"2","1","2","4",3086.3053,770.008
2023,9,24,30,"Female","1","43",40,38.4615,0,1538.46,"2","1","2","4",16331.9023,4033.6448
2023,5,13,54,"Female","1","43",40,42,1,1680,"2","1","2","2",18116.3273,4431.339
2023,4,24,42,"Female","1","39",12,13,0,156,"2","1","7","4",15645.899,3925.7405
2023,4,11,31,"Male","1","43",45,57.3333333333333,1,2580,"2","1","2","4",1717.3553,431.0089
2023,2,51,34,"Male","1","44",40,72.11525,1,2884.61,"2","2","5","4",15987.8853,3931.7988
2023,6,12,61,"Male","1","39",40,20,0,800,"2","1","2","4",15463.5956,4071.7734
2023,3,45,44,"Male","1","39",40,24.03825,0,961.53,"2","1","4","4",10000.2083,2524.8723
2023,2,12,53,"Female","1","40",40,20,0,800,"2","1","2","4",21216.0694,5178.7551
2023,4,13,50,"Female","2","43",40,32.55,0,1302,"2","1","2","4",20241.4589,4921.9198
2023,10,10,41,"Male","1","39",40,28.75,0,1150,"2","1","2","4",3390.2192,851.7323
2023,7,12,62,"Male","1","44",40,66.5,1,2660,"2","1","2","4",17565.5507,4503.9412
2023,4,11,35,"Male","1","44",40,45.25,1,1810,"2","1","2","1",1432.1894,376.3543
2023,6,54,27,"Male","1","39",40,12.5,0,500,"2","1","2","4",3212.554,804.9733
2023,2,13,31,"Female","2","39",40,25,0,1000,"2","1","2","4",36417.5822,8985.2651
2023,1,51,58,"Male","1","43",40,40,1,1600,"2","1","2","4",19023.0732,4608.9253
2023,1,11,36,"Male","1","43",38,75.9107894736842,1,2884.61,"1","1","2","4",1727.2898,420.9119
2023,8,12,62,"Male","1","40",40,19,0,760,"2","1","2","4",15312.0213,3876.2565
2023,4,51,50,"Female","2","39",40,14.4,0,576,"2","1","2","4",22616.7256,5544.1513
2023,2,11,30,"Male","1","43",40,72.11525,1,2884.61,"2","1","2","4",1765.8053,432.05
2023,6,13,54,"Male","1","42",40,27,0,1080,"2","1","2","4",22092.4991,5530.4996
2023,9,11,44,"Female","1","39",30,26.6666666666667,0,800,"2","1","7","4",1465.781,372.5743
2023,3,37,56,"Female","1","41",40,20.725,0,829,"2","1","2","4",13820.1025,3475.3697
2023,12,45,33,"Female","1","39",40,19.25,0,770,"2","1","2","4",12663.2398,3377.6757
2023,8,12,62,"Male","2","43",40,24,0,960,"2","1","2","4",24193.113,6428.9523
2023,5,37,49,"Male","1","39",40,22.05,0,882,"2","1","2","4",16210.2003,4016.8031
2023,7,11,27,"Female","1","43",40,20,0,800,"2","1","2","4",2375.3586,579.7624
2023,7,12,46,"Female","2","39",40,25,0,1000,"2","1","2","4",17399.1088,4533.0029
2023,12,12,50,"Male","1","40",40,28.25,0,1130,"2","1","2","4",16462.2134,4203.5009
2023,11,12,42,"Male","1","39",50,26.6,0,1330,"2","1","2","4",19593.7761,4850.3918
2023,10,54,63,"Female","1","39",40,18.2,0,728,"2","1","2","4",2430.3184,607.9084
2023,11,12,33,"Female","2","44",40,84,1,3360,"1","1","2","2",26359.9194,7109.6985
2023,10,37,61,"Male","2","44",30,12.9166666666667,0,387.5,"2","1","7","4",21001.5998,5790.6911
2023,3,11,41,"Male","1","46",50,57.6922,1,2884.61,"2","1","2","1",1722.2348,418.1396
2023,3,37,32,"Female","1","39",10,18,0,180,"2","1","7","4",15175.0634,3819.4498
2023,5,13,37,"Female","2","43",40,31.75,0,1270,"2","1","2","2",28048.1084,6371.0905
2023,7,10,44,"Female","2","39",40,17.45,0,698,"1","1","2","1",4131.9576,1095.9512
2023,11,37,55,"Female","1","40",40,23.5,0,940,"2","1","2","4",18347.8655,4633.7334
2023,3,10,39,"Male","1","44",40,35.275,0,1411,"2","1","2","4",3139.8707,793.5367
2023,12,37,64,"Male","1","43",40,32.08,0,1283.2,"2","1","2","4",12085.4403,3065.3682
2023,7,11,42,"Female","2","43",40,64.90375,1,2596.15,"2","1","2","2",2902.8843,767.7101
2023,7,12,25,"Male","1","39",40,15,0,600,"2","1","2","4",19066.2817,4755.0115
2023,1,45,43,"Female","2","44",45,46.1537777777778,1,2076.92,"2","1","2","3",13652.9705,3622.2002
2023,9,37,57,"Female","1","39",40,29.35,0,1174,"2","1","2","2",14202.3555,3557.8069
2023,8,45,44,"Female","2","40",40,22,0,880,"2","1","2","4",12214.4443,2936.9384
2023,1,12,42,"Male","4","43",40,43.269,1,1730.76,"2","1","2","4",28602.2041,6950.7497
2023,5,37,41,"Female","1","43",40,52,1,2080,"2","1","2","4",17654.9222,4367.7906
2023,12,51,27,"Female","1","43",40,46.75,1,1870,"2","1","2","4",16864.9887,4446.2595
2023,3,12,62,"Female","1","39",40,18.5,0,740,"2","1","2","3",16070.8267,4138.2226
2023,1,24,27,"Male","1","39",40,18,0,720,"2","1","2","4",25534.7723,6489.4295
2023,11,45,45,"Male","1","40",40,24.05,0,962,"2","1","2","4",14345.9144,3583.5698
2023,6,51,53,"Female","1","44",50,57.6922,1,2884.61,"2","1","2","4",17930.1163,4541.6048
2023,8,24,44,"Female","2","45",40,17.3,0,692,"2","1","2","4",19806.9438,4774.2899
2023,12,12,46,"Female","1","39",40,5.75,0,230,"2","1","2","4",18249.475,4321.8591
2023,8,37,33,"Male","2","43",40,18,0,720,"2","1","2","4",18733.9093,4686.2864
2023,11,45,53,"Male","1","43",45,44.4444444444444,1,2000,"2","1","2","4",13597.4607,3428.0341
2023,5,12,46,"Female","1","40",40,15,0,600,"2","1","2","4",15940.9156,3953.6273
2023,9,51,41,"Female","1","39",40,21.65,0,866,"2","1","2","4",13660.5722,3382.238
2023,1,13,42,"Male","1","39",40,13.25,0,530,"2","1","2","4",18481.5247,4574.9056
2023,2,13,37,"Female","2","43",20,26,0,520,"2","1","7","1",28084.8829,7196.0377
2023,12,45,35,"Male","2","39",40,17,0,680,"2","1","2","1",15300.4945,4066.0168
2023,11,45,43,"Male","1","43",40,55,1,2200,"2","1","4","4",11609.1063,2892.9784
2023,5,13,30,"Female","1","41",32,15.625,0,500,"2","1","7","4",15341.1213,3840.9413
2023,11,51,37,"Male","1","40",40,27.635,0,1105.4,"1","1","4","1",22439.0532,5515.3348
2023,6,45,45,"Female","1","41",40,18.75,0,750,"2","1","2","4",9461.4182,2534.0551
2023,7,37,46,"Male","2","44",40,36.0575,0,1442.3,"2","1","2","2",20583.024,5018.2482
2023,3,12,42,"Male","1","42",40,50,1,2000,"1","1","2","2",18598.9173,4483.7021
2023,12,37,53,"Female","2","43",40,35,0,1400,"2","1","2","3",19416.4903,4384.5189
2023,6,10,48,"Female","2","43",40,19.25,0,770,"2","1","2","4",3188.7569,811.4715
2023,1,24,32,"Male","1","42",30,25.6666666666667,0,770,"2","1","7","4",23281.0577,5880.0498
2023,11,12,45,"Male","1","40",40,35,0,1400,"2","1","2","4",17908.5073,4443.8491
2023,5,11,29,"Male","1","43",50,57.6922,1,2884.61,"2","1","2","4",2158.7913,549.6734
2023,11,45,54,"Female","1","44",45,41.7777777777778,1,1880,"2","1","2","3",10607.5713,2785.7999
2023,10,37,33,"Female","2","39",40,14,0,560,"2","2","5","4",24219.2276,5994.2904
2023,5,11,47,"Female","4","45",40,57.5,1,2300,"2","1","2","4",1806.9039,447.8518
2023,2,45,42,"Male","2","41",40,22,0,880,"2","1","2","4",14340.9296,3678.5571
2023,10,12,35,"Female","1","43",60,22.5,0,1350,"2","1","2","4",19046.2039,4819.5825
2023,10,54,40,"Male","1","44",40,20.75,0,830,"2","1","2","2",3241.8666,813.4542
2023,10,45,27,"Male","1","43",40,14,0,560,"2","1","2","4",20485.3524,5177.4878
2023,3,12,36,"Female","1","39",40,17,0,680,"2","1","2","4",17608.164,4404.8102
2023,9,37,61,"Female","4","42",40,23,0,920,"2","1","2","4",16280.3865,4212.1467
2023,10,12,53,"Male","1","43",40,43.269,1,1730.76,"2","1","2","3",21124.7116,5303.5235
2023,10,24,37,"Male","1","43",45,47.5555555555556,1,2140,"2","1","2","4",24590.5337,6167.424
2023,4,10,42,"Male","1","37",35,9.31428571428571,0,326,"2","1","2","4",3014.2017,807.4298
2023,9,12,34,"Female","1","43",40,24.25,0,970,"1","1","2","4",20690.9305,5152.5988
2023,5,37,41,"Female","4","46",40,20.65,0,826,"2","1","2","2",23386.2335,5894.5521
2023,9,51,27,"Male","1","40",40,38.5,0,1540,"2","1","2","4",21738.1438,5349.727
2023,3,54,51,"Male","1","39",60,35,0,2100,"2","1","2","4",3309.2529,817.1628
2023,7,12,49,"Female","2","42",40,22,0,880,"2","1","2","4",17546.331,4571.3588
2023,6,51,56,"Female","4","39",30,20,0,600,"2","1","2","4",22217.0509,5692.5259
2023,6,51,41,"Male","1","43",40,25,0,1000,"2","1","2","1",16113.5712,4063.3355
2023,6,37,53,"Female","1","43",40,21.625,0,865,"2","1","2","4",17712.5016,4506.9724
2023,4,13,58,"Female","2","39",40,10.95,0,438,"2","1","2","4",14741.5269,4271.8323
2023,4,12,48,"Male","1","43",60,20,0,1200,"2","1","2","4",19089.7391,4737.4459
2023,6,37,34,"Male","1","39",40,36,0,1440,"2","1","2","4",17751.6386,4522.0731
2023,3,24,42,"Male","1","40",40,45.25,1,1810,"2","1","2","1",19563.4154,4797.582
2023,6,10,60,"Male","2","39",43,58.1395348837209,1,2500,"2","1","2","4",3147.4568,758.4079
2023,2,11,32,"Female","1","44",40,30.769,0,1230.76,"2","1","2","1",1526.238,379.7203
2023,10,13,27,"Female","1","43",40,31.25,0,1250,"2","1","2","4",19210.576,4815.5285
2023,5,51,37,"Female","2","39",40,33.65375,0,1346.15,"2","1","2","4",26972.6966,6060.9191
2023,5,13,41,"Female","2","43",36,45,1,1620,"2","1","2","4",27776.5852,6202.6643
2023,3,12,63,"Male","1","39",48,34.0416666666667,0,1634,"2","1","2","4",20098.1978,5161.8885
2023,1,11,29,"Male","1","43",40,52.8845,1,2115.38,"2","1","2","1",2142.3085,540.6785
2023,3,37,57,"Female","1","43",60,21.6666666666667,0,1300,"2","1","2","4",16997.9244,4274.5031
2023,1,12,28,"Female","2","39",40,24.025,0,961,"2","2","5","4",24640.1879,5796.0475
2023,11,10,54,"Female","1","43",38,16.9473684210526,0,644,"2","1","2","4",2581.0719,679.535
2023,6,12,47,"Female","1","39",40,38.4615,0,1538.46,"2","1","2","4",18465.2605,4778.6688
2023,6,24,45,"Female","1","44",40,14.4,0,576,"2","1","2","4",16560.0051,4315.2776
2023,11,13,53,"Female","1","43",40,17.5,0,700,"2","1","2","4",25495.5579,6782.4871
2023,2,37,46,"Male","1","39",40,18,0,720,"2","1","2","4",22387.4941,5672.987
2023,5,51,64,"Female","1","39",45,42.7333333333333,1,1923,"2","1","2","4",16494.0196,4193.1658
2023,4,13,53,"Female","1","44",40,48.07675,1,1923.07,"2","1","2","4",17334.2331,4495.2482
2023,10,13,49,"Female","1","41",40,26.45,0,1058,"2","1","2","4",21744.9576,5361.2813
2023,10,24,38,"Female","4","43",20,53,1,1060,"2","1","7","4",30986.322,7966.387
2023,2,12,64,"Male","2","39",40,16.82675,0,673.07,"2","1","3","4",20174.222,6000.2538
2023,11,13,41,"Female","1","43",40,38,0,1520,"2","1","2","4",15093.6156,3799.5734
2023,6,13,39,"Male","4","43",40,57.675,1,2307,"2","1","2","4",20445.2333,5125.3578
2023,5,51,42,"Female","1","43",40,28.85,0,1154,"2","1","2","4",13431.4737,3303.7309
2023,2,11,43,"Male","2","39",40,20.45,0,818,"2","1","2","4",3525.6185,883.0305
2023,3,12,28,"Female","1","43",30,28.8333333333333,0,865,"2","1","7","4",21085.6593,5302.8522
2023,6,37,43,"Female","2","43",40,57.2,1,2288,"2","1","2","4",19502.4042,4594.5538
2023,12,13,43,"Male","4","44",40,62.5,1,2500,"2","1","2","4",32217.64,8002.7977
2023,4,12,45,"Male","2","44",40,72,1,2880,"2","1","2","4",23365.8953,5498.8502
2023,1,12,44,"Female","1","39",30,25,0,750,"2","1","7","4",26457.8942,6251.8877
2023,5,45,27,"Male","1","40",2,10,0,20,"2","1","7","4",10025.2003,2586.3342
2023,6,12,51,"Male","1","43",40,36.0575,0,1442.3,"2","1","2","4",19488.6787,4964.0197
2023,9,12,56,"Male","2","35",40,10,0,400,"1","1","2","4",24365.8234,6191.6863
2023,7,11,27,"Male","1","43",40,64.90375,1,2596.15,"2","1","2","4",2633.7854,649.1365
2023,5,12,34,"Male","1","44",40,17.3,0,692,"2","1","2","4",18037.5827,4533.4329
2023,8,51,34,"Male","1","43",40,26.425,0,1057,"2","1","2","4",17656.4216,4406.6917
2023,12,11,29,"Male","4","39",60,24,0,1440,"2","1","2","1",1822.8342,452.1628
2023,4,13,47,"Female","1","38",40,20,0,800,"2","1","2","4",19556.9951,5161.7265
2023,9,51,31,"Female","1","43",50,44.8,1,2240,"2","1","2","3",18726.6793,4596.1838
2023,4,10,58,"Male","1","43",40,20,0,800,"2","1","2","4",3719.0153,1000.5796
2023,5,24,53,"Female","4","46",38,35.4210526315789,0,1346,"2","1","2","4",33571.2649,8321.7806
2023,1,37,59,"Male","1","45",40,72.11525,1,2884.61,"2","1","2","4",19688.3903,4784.653
2023,9,13,34,"Male","2","39",40,48.07675,1,1923.07,"2","1","2","4",46522.637,11081.3567
2023,3,24,36,"Male","2","43",40,72.11525,1,2884.61,"2","1","4","4",22397.7839,5839.5112
2023,8,51,37,"Female","1","44",40,30,0,1200,"2","1","2","3",16486.8265,4092.407
2023,5,12,57,"Male","1","43",45,85.3333333333333,1,3840,"2","1","2","4",19289.9001,4750.2026
2023,9,12,64,"Female","2","39",35,21.4285714285714,0,750,"2","1","2","4",19631.0281,4687.2095
2023,8,12,55,"Male","1","39",50,26,0,1300,"2","1","2","4",18243.7034,4606.3384
2023,6,12,32,"Female","1","39",40,19.25,0,770,"2","1","2","4",15162.6857,3691.8335
2023,10,12,56,"Male","1","39",40,25.9615,0,1038.46,"2","1","2","4",22365.3685,5441.8642
2023,7,51,56,"Female","1","46",40,72.11525,1,2884.61,"2","1","2","1",15647.5263,4003.924
2023,7,24,51,"Male","4","44",40,62.5,1,2500,"2","1","2","4",21828.3271,5459.1393
2023,11,11,56,"Male","4","46",40,72.11525,1,2884.61,"2","1","4","1",1871.2672,466.7414
2023,6,54,37,"Male","1","39",50,28.4614,0,1423.07,"2","1","2","4",3024.5703,773.0792
2023,4,24,34,"Female","1","39",40,10,0,400,"2","1","2","4",16068.6132,4008.1668
2023,9,51,26,"Female","1","44",40,20.65,0,826,"2","1","2","4",18589.0375,4573.0173
2023,9,12,27,"Male","1","44",40,19.25,0,770,"2","1","2","4",21133.0011,5276.9142
2023,6,45,25,"Female","1","42",40,19.25,0,770,"2","1","2","4",13033.6866,3245.0742
2023,12,12,45,"Female","1","43",40,17,0,680,"2","1","4","4",17202.4989,4009.1599
2023,4,12,50,"Female","1","43",40,18.5095,0,740.38,"2","1","2","2",18041.9683,4664.4837
2023,2,37,64,"Female","1","43",40,55.28825,1,2211.53,"2","1","2","4",14493.6729,3888.9401
2023,2,12,56,"Male","1","35",55,20.9636363636364,0,1153,"2","1","2","4",18736.6447,4467.1865
2023,3,51,33,"Female","1","46",40,72.11525,1,2884.61,"2","1","2","4",15596.6171,4016.2476
2023,10,37,49,"Female","1","44",25,15,0,375,"2","1","7","4",15472.4629,3791.7754
2023,12,12,39,"Male","1","40",40,28.85,0,1154,"2","1","2","4",20723.4732,5025.9738
2023,4,24,25,"Female","2","43",40,40.85,1,1634,"2","1","4","1",16873.9135,4267.9805
2023,3,12,26,"Female","1","39",40,15.8,0,632,"2","1","2","4",18515.0419,4656.3652
2023,5,24,57,"Male","2","43",40,25,0,1000,"2","2","5","2",26865.6876,6445.0521
2023,2,11,44,"Male","1","44",45,64.1024444444444,1,2884.61,"2","1","2","4",1755.9275,435.0511
2023,10,51,58,"Female","1","40",45,46.1537777777778,1,2076.92,"2","1","2","2",19574.4812,5174.1027
2023,10,11,28,"Male","2","39",40,19.4,0,776,"2","1","2","4",3191.872,840.7299
2023,4,45,29,"Male","7","43",40,19.25,0,770,"2","1","2","4",18946.773,4988.838
2023,4,54,28,"Male","1","40",50,29.7,0,1485,"2","2","5","4",4763.0817,1182.914
2023,9,37,52,"Female","1","43",40,62.5,1,2500,"2","1","2","3",16216.003,4030.7616
2023,9,10,58,"Female","2","39",50,23.08,0,1154,"2","1","2","3",3852.4547,911.2571
2023,5,11,28,"Female","1","44",40,57.5,1,2300,"2","1","2","4",2486.9758,625.6845
2023,12,54,63,"Female","1","44",40,36.72675,0,1469.07,"2","1","2","3",2898.0097,736.9523
2023,4,51,63,"Female","1","39",40,31.25,0,1250,"2","2","5","4",14961.6987,3592.978
2023,3,45,46,"Female","1","44",40,37.5,0,1500,"2","1","2","4",16502.7164,4253.0406
2023,10,37,57,"Male","1","44",38,26.7368421052632,0,1016,"2","1","2","2",17771.5023,4398.6182
2023,6,13,35,"Male","4","43",40,49.03825,1,1961.53,"2","1","2","4",20445.2333,5125.3578
2023,1,12,56,"Male","1","39",40,18.75,0,750,"2","1","2","3",21186.7092,5010.054
2023,9,24,51,"Female","4","33",40,15,0,600,"2","1","2","4",25413.9819,6375.1308
2023,10,45,50,"Female","2","43",46,24.2608695652174,0,1116,"2","1","2","2",13085.5049,3140.9069
2023,2,54,49,"Female","1","44",40,13.825,0,553,"2","1","2","3",3458.3023,847.3283
2023,2,11,54,"Male","1","45",60,48.0768333333333,1,2884.61,"2","1","2","4",2089.6989,532.5897
2023,7,10,38,"Male","1","43",20,77,1,1540,"2","1","7","2",3065.8582,751.15
2023,5,13,51,"Female","1","40",40,31.25,0,1250,"2","1","2","4",18237.7897,4461.0493
2023,3,24,58,"Female","2","40",40,15,0,600,"2","2","5","4",9493.067,2618.0198
2023,2,45,49,"Female","2","39",40,17.3,0,692,"2","1","2","2",12118.9806,3021.9042
2023,5,51,29,"Female","1","40",40,21.6345,0,865.38,"2","1","2","4",20391.6687,5004.5886
2023,8,12,36,"Female","1","43",12,15,0,180,"2","1","7","4",14231.5296,3619.0082
2023,7,51,31,"Female","2","43",40,34.1345,0,1365.38,"2","1","2","4",21751.79,5290.7067
2023,5,12,47,"Male","1","43",40,17.5,0,700,"2","1","2","4",19186.6759,4763.8665
2023,3,37,58,"Female","1","45",40,30,0,1200,"2","1","2","4",13820.1025,3475.3697
2023,3,37,54,"Female","1","40",48,22.0352083333333,0,1057.69,"2","1","2","4",13798.1295,3327.371
2023,2,11,52,"Female","2","39",16,33.75,0,540,"2","1","7","4",3189.8813,776.6571
2023,10,13,33,"Male","1","39",40,31.73075,0,1269.23,"2","1","2","4",18556.065,4756.7639
2023,4,13,49,"Female","8","46",40,33.65375,0,1346.15,"2","1","2","3",18555.2584,4781.1602
2023,1,54,32,"Male","1","39",40,11.24,0,449.6,"2","1","2","4",4844.7984,1209.8116
2023,9,12,46,"Female","1","43",40,12.5,0,500,"2","1","2","4",16759.0225,4205.8689
2023,11,51,32,"Male","1","39",40,31.25,0,1250,"2","1","2","4",21721.3124,5274.6563
2023,5,45,56,"Male","1","43",50,27.4,0,1370,"2","1","2","3",10384.0307,2627.2056
2023,5,37,48,"Female","1","40",40,17.5,0,700,"2","1","2","4",16979.1987,4179.1192
2023,7,13,60,"Male","1","39",40,20,0,800,"2","1","2","4",16706.018,4285.9225
2023,5,11,32,"Male","1","45",75,38.4614666666667,0,2884.61,"2","1","2","4",1823.9813,457.7597
2023,9,12,42,"Male","1","39",40,31,0,1240,"2","1","2","4",15749.4221,3950.1568
2023,8,13,60,"Female","2","40",40,24,0,960,"2","1","2","4",21155.0795,5127.8895
2023,4,54,62,"Female","1","40",24,17,0,408,"2","1","7","1",3850.6258,914.1164
2023,4,51,48,"Male","7","43",40,17.5,0,700,"2","1","2","4",22720.749,5653.9258
2023,12,45,45,"Female","1","40",40,19.23075,0,769.23,"1","1","2","4",11672.3886,2864.957
2023,2,37,33,"Female","7","43",36,25.6408333333333,0,923.07,"2","2","5","3",24188.9267,6150.2933
2023,9,13,28,"Female","2","42",40,17.05,0,682,"2","1","2","4",32543.7083,7525.8521
2023,12,13,36,"Female","1","39",29,18,0,522,"2","1","7","4",22696.1261,5727.7391
2023,12,11,28,"Male","1","44",40,84.5,1,3380,"2","1","2","4",1759.4743,437.5154
2023,7,54,61,"Female","1","43",40,40.75,1,1630,"2","1","2","4",3020.4569,738.7919
2023,7,54,55,"Male","1","45",40,72.1,1,2884,"2","1","2","3",3372.9895,845.2784
2023,7,10,58,"Female","1","41",12,21.99,0,263.88,"2","1","6","4",3157.2692,785.8409
2023,9,45,33,"Male","1","39",40,29.8075,0,1192.3,"2","1","2","4",11152.0566,2769.9874
2023,4,11,26,"Male","2","43",40,32.69225,0,1307.69,"2","1","4","4",2767.3006,722.1022
2023,12,13,40,"Male","2","42",40,26.44225,0,1057.69,"2","1","2","4",23035.5073,6005.0869
2023,2,12,26,"Female","1","43",40,15,0,600,"2","1","2","4",19184.7836,4758.2588
2023,5,13,49,"Male","1","43",50,23.06,0,1153,"1","1","2","3",16333.3272,4044.8339
2023,5,13,54,"Female","2","40",40,17,0,680,"2","1","2","4",16416.934,3967.583
2023,1,12,41,"Female","2","41",40,50.225,1,2009,"2","1","2","4",21821.0715,5553.9019
2023,2,12,33,"Male","1","42",40,22.1,0,884,"2","1","2","4",17251.2334,4191.9281
2023,1,54,25,"Female","1","43",40,21,0,840,"2","1","2","4",4706.3616,1180.7383
2023,7,51,48,"Female","1","40",50,44.4,1,2220,"2","1","2","1",15414.3552,4028.3392
2023,6,13,40,"Male","1","40",40,15,0,600,"2","1","2","4",20081.1651,4997.1162
2023,8,54,34,"Female","1","43",40,33.65375,0,1346.15,"2","1","2","4",3765.8749,975.895
2023,12,54,42,"Female","1","39",40,23,0,920,"1","1","2","4",4581.8635,1137.9856
2023,5,12,44,"Female","1","43",40,43.269,1,1730.76,"2","1","2","4",14998.9744,3739.1463
2023,3,54,41,"Male","1","39",40,10,0,400,"1","1","2","4",3725.6282,891.1737
2023,3,13,30,"Male","1","43",40,38.4615,0,1538.46,"2","1","2","4",14944.6905,3775.4645
2023,2,12,41,"Female","1","43",50,57.6922,1,2884.61,"1","1","2","4",16879.709,4246.8839
2023,1,11,48,"Female","1","44",25,45.8,1,1145,"2","1","7","4",1154.2317,288.2734
2023,11,12,32,"Male","1","43",40,25,0,1000,"2","1","2","4",19978.2247,4847.3497
2023,7,13,43,"Female","1","40",40,25.9615,0,1038.46,"2","1","2","4",21053.9726,4987.9599
2023,6,12,47,"Male","1","38",25,50,1,1250,"2","1","7","4",24225.4918,6319.3213
2023,12,24,43,"Female","1","44",45,25.6444444444444,0,1154,"2","1","2","4",17194.3758,4199.9778
2023,11,54,36,"Female","1","39",40,25,0,1000,"1","1","2","4",4176.2471,1014.475
2023,6,51,54,"Female","1","44",40,38.4615,0,1538.46,"2","2","5","3",17930.1163,4541.6048
2023,7,54,59,"Female","1","39",40,32.5,0,1300,"2","1","2","4",3296.4585,843.3085
2023,3,13,35,"Male","1","39",40,37.5,0,1500,"2","1","2","4",16566.2997,4005.1645
2023,8,54,43,"Female","1","43",40,29,0,1160,"1","1","2","4",3115.3976,793.078
2023,12,45,60,"Female","4","39",40,18.7,0,748,"2","1","2","4",9359.8258,2390.5311
2023,6,24,25,"Male","1","40",40,27.8845,0,1115.38,"1","1","2","3",19049.1748,4754.513
2023,7,51,32,"Male","1","43",40,17,0,680,"2","1","2","4",17443.8295,4340.6111
2023,1,11,25,"Male","1","43",40,64.90375,1,2596.15,"2","1","2","4",1772.8734,439.2378
2023,5,12,45,"Male","1","39",40,24.03825,0,961.53,"2","1","2","4",17329.6328,4302.7806
2023,10,54,47,"Male","4","39",40,33.75,0,1350,"1","1","4","1",2935.0272,745.5944
2023,5,45,42,"Male","1","39",40,15.4,0,616,"2","1","2","3",8311.0085,2131.9259
2023,4,11,26,"Female","1","44",40,55.5,1,2220,"2","1","2","4",1731.9801,437.4516
2023,3,13,54,"Female","1","39",40,31.25,0,1250,"2","1","2","4",22509.6732,5467.7348
2023,8,12,29,"Male","1","39",40,14.4,0,576,"2","1","2","3",16072.1661,4101.3495
2023,2,10,42,"Female","1","40",40,20,0,800,"1","1","2","4",4816.5743,1240.5667
2023,12,12,32,"Female","1","42",24,13.46125,0,323.07,"2","2","10","4",16926.0901,4356.0378
2023,10,37,28,"Female","2","44",40,38.925,0,1557,"2","1","2","2",20001.3718,5089.993
2023,6,10,64,"Female","1","39",40,25,0,1000,"2","1","2","4",2663.489,651.989
2023,2,37,57,"Male","4","46",40,72.11525,1,2884.61,"2","1","2","4",22435.4895,5246.2045
2023,9,51,35,"Female","1","40",40,18,0,720,"2","1","2","4",16831.5922,4184.951
2023,12,54,32,"Female","2","39",40,12.5,0,500,"1","1","2","4",6241.6121,1411.153
2023,6,12,32,"Female","1","43",40,24.03825,0,961.53,"2","1","2","4",14036.3932,3482.3604
2023,4,54,50,"Male","1","43",40,30,0,1200,"2","1","4","3",3882.379,962.8391
2023,11,24,37,"Male","1","43",50,42.3,1,2115,"2","1","2","4",16168.9638,4025.5399
2023,10,12,62,"Male","1","39",40,45,1,1800,"2","1","2","4",17507.4019,4342.0322
2023,12,13,32,"Female","1","44",40,33.7,0,1348,"2","1","2","4",24610.4738,6549.9267
2023,12,54,40,"Female","1","44",40,33.65,0,1346,"2","1","2","1",4226.4672,1049.7168
2023,1,45,37,"Female","1","46",40,23.07675,0,923.07,"2","1","2","2",13181.7792,3279.4253
2023,10,12,40,"Male","1","33",40,17,0,680,"2","1","2","4",16035.1728,3959.2657
2023,7,13,61,"Male","1","44",15,62.5,1,937.5,"2","1","7","4",16979.7956,4356.16
2023,6,54,43,"Female","1","39",40,12,0,480,"2","1","2","4",2666.8419,677.9432
2023,8,12,54,"Male","3","36",40,31.25,0,1250,"2","1","2","4",29252.5175,7299.615
2023,11,12,45,"Male","1","45",44,15.3181818181818,0,674,"2","1","2","4",19505.2327,4840.0634
2023,12,13,25,"Female","4","44",20,31.7305,0,634.61,"2","1","7","4",35934.1379,9572.8306
2023,7,24,58,"Female","2","43",24,40,1,960,"2","1","7","4",22009.0689,5332.5558
2023,1,13,33,"Female","1","40",40,24.7375,0,989.5,"2","1","2","4",16751.9581,4170.7284
2023,10,51,47,"Female","1","40",40,19.25,0,770,"2","1","2","1",20241.3911,4884.8655
2023,3,12,45,"Female","1","43",40,69.7,1,2788,"1","1","2","4",19704.2496,4824.3459
2023,2,37,40,"Male","1","36",40,10,0,400,"2","1","2","4",13365.3299,3362.5052
2023,9,13,55,"Male","1","43",40,72.11525,1,2884.61,"2","1","2","4",19876.6131,5271.6868
2023,6,37,34,"Male","1","44",40,48,1,1920,"2","1","2","4",15323.8565,3805.5085
2023,6,12,50,"Female","2","41",40,16,0,640,"2","1","2","4",25538.2799,6544.2146
2023,5,51,64,"Female","1","40",65,56.3076923076923,1,3660,"2","1","2","3",19487.3268,4954.1346
2023,10,24,28,"Female","1","44",40,46.15375,1,1846.15,"2","1","2","4",29244.525,7328.304
2023,2,37,33,"Female","1","45",40,34.61525,0,1384.61,"2","1","2","2",16637.4787,4149.9496
2023,9,37,33,"Female","1","43",40,13.846,0,553.84,"2","1","2","4",19345.945,4780.4313
2023,5,54,47,"Male","1","39",40,25,0,1000,"2","2","5","4",3153.2643,775.9035
2023,6,13,33,"Female","1","39",40,22.6,0,904,"2","1","2","4",18631.6072,4542.9392
2023,7,51,63,"Female","1","44",50,57.6922,1,2884.61,"2","1","2","4",14930.5233,3575.3181
2023,9,13,53,"Female","2","38",40,15,0,600,"2","1","2","4",30080.0628,7702.3927
2023,3,24,25,"Female","1","43",40,72.11525,1,2884.61,"2","1","2","1",28022.0799,7168.8806
2023,2,12,35,"Male","1","42",40,28.825,0,1153,"2","1","2","1",17653.601,4382.9569
2023,1,10,26,"Male","1","44",40,36.0575,0,1442.3,"2","1","2","4",4922.7687,1217.6624
2023,6,24,39,"Male","1","33",45,33.3333333333333,0,1500,"2","1","2","4",18611.5475,4773.0196
2023,9,12,33,"Female","1","39",24,14,0,336,"2","1","6","4",15633.9928,3898.9064
2023,6,13,52,"Male","2","40",50,137.8378,1,6891.89,"2","1","2","3",22847.3604,5668.3611
2023,5,45,28,"Male","1","40",40,31.971,0,1278.84,"2","1","2","4",10025.2003,2586.3342
2023,11,45,39,"Female","2","39",40,7.85,0,314,"2","1","2","4",14993.2262,3340.1932
2023,1,51,46,"Male","1","45",20,144.2305,1,2884.61,"2","1","7","4",16972.2588,4121.9246
2023,5,12,28,"Female","1","39",40,15,0,600,"2","1","2","4",18573.361,4619.9366
2023,6,12,27,"Male","1","39",40,23,0,920,"2","1","2","4",22577.5063,5596.4041
2023,8,24,33,"Male","1","44",45,44.8666666666667,1,2019,"2","1","2","4",16113.2952,4107.78
2023,6,37,32,"Male","1","43",45,39.1111111111111,0,1760,"2","1","2","4",18048.6081,4482.1701
2023,2,12,42,"Female","1","40",40,19.02,0,760.8,"2","1","2","3",15402.5291,3875.2299
2023,8,54,27,"Male","1","39",40,22.5,0,900,"2","1","2","3",4116.3278,1059.8125
2023,8,37,44,"Female","1","39",40,16.346,0,653.84,"2","1","2","4",15450.7919,3825.6013
2023,8,12,51,"Female","1","39",40,22.13,0,885.2,"2","2","5","4",16783.7221,4146.7304
2023,5,12,46,"Female","2","42",40,16,0,640,"2","1","2","4",20558.0652,4981.384
2023,9,12,52,"Male","1","39",40,29,0,1160,"2","1","2","4",19059.7462,4778.0628
2023,4,13,44,"Male","1","44",40,31.75,0,1270,"2","1","2","3",17413.7985,4489.4966
2023,10,12,59,"Male","1","39",40,28.846,0,1153.84,"2","1","2","4",23004.1115,5597.281
2023,2,51,33,"Female","1","43",40,28.846,0,1153.84,"2","1","2","4",19239.5182,4811.1057
2023,2,12,49,"Male","1","42",60,22.4358333333333,0,1346.15,"2","1","2","4",23114.6838,5893.471
2023,11,24,60,"Male","1","39",40,46,1,1840,"2","2","5","4",27661.2924,6321.2697
2023,10,13,63,"Male","1","43",40,72.11525,1,2884.61,"1","1","2","4",16731.7692,4246.7877
2023,9,12,32,"Male","1","39",40,22.75,0,910,"2","1","2","4",23299.5989,5807.2052
2023,8,45,53,"Male","1","39",40,26.425,0,1057,"2","1","2","4",12333.5574,3043.0112
2023,7,13,32,"Female","1","39",40,23,0,920,"2","1","2","4",18511.843,4586.1875
2023,1,12,30,"Female","1","40",50,45.22,1,2261,"2","1","2","4",22895.6835,5538.3624
2023,12,51,42,"Male","1","43",40,67.5,1,2700,"2","1","2","3",17073.3908,4165.9707
2023,1,12,60,"Female","1","39",50,26.923,0,1346.15,"2","1","2","4",17698.5621,4266.9594
2023,3,13,45,"Male","1","39",40,20,0,800,"2","1","2","4",21459.6959,5386.1486
2023,10,37,25,"Male","6","39",40,15,0,600,"2","1","2","4",28711.4275,7152.1975
2023,12,10,63,"Male","2","43",40,28.846,0,1153.84,"2","1","2","4",4668.9132,944.9142
2023,1,12,25,"Male","1","40",40,20,0,800,"2","1","2","4",25403.3787,6300.3591
2023,8,37,42,"Female","1","42",40,29,0,1160,"2","1","2","4",14782.6032,3660.1584
2023,5,12,38,"Male","4","34",40,9.6,0,384,"2","1","2","4",17883.9226,4515.9811
2023,7,12,28,"Female","1","41",40,24.03825,0,961.53,"2","1","2","4",20525.5638,5200.0292
2023,9,37,48,"Male","1","39",40,40,1,1600,"2","1","2","4",15230.8988,3814.2095
2023,3,13,60,"Female","1","40",35,35.7142857142857,0,1250,"2","1","2","4",20551.3711,5327.6836
2023,1,37,51,"Male","4","44",40,72.11525,1,2884.61,"2","1","2","4",13344.2787,3283.3299
2023,11,37,37,"Female","1","46",45,32.0511111111111,0,1442.3,"2","1","4","4",14692.021,3534.4762
2023,5,13,35,"Female","1","43",40,50.75,1,2030,"2","1","2","4",15902.501,3978.4397
2023,4,12,47,"Male","6","46",40,72.11525,1,2884.61,"2","1","2","4",27027.8455,6651.1524
2023,2,13,62,"Female","1","43",24,32.05125,0,769.23,"2","1","7","4",22031.0314,5928.7623
2023,9,37,47,"Male","1","40",60,32,0,1920,"2","1","2","3",15090.9579,3779.1647
2023,12,37,27,"Male","1","43",40,17,0,680,"2","1","2","4",19056.5884,4693.4823
2023,11,45,31,"Female","1","34",40,12,0,480,"2","1","2","4",11220.9029,2858.7726
2023,8,24,53,"Female","2","40",39,17.5,0,682.5,"2","2","5","4",22660.3694,6307.4653
2023,2,37,42,"Female","1","41",40,24.03825,0,961.53,"2","1","2","4",16532.5089,4229.9046
2023,1,45,34,"Male","1","40",40,25,0,1000,"2","1","2","4",13198.0222,3328.6986
2023,10,13,32,"Male","1","39",40,16,0,640,"2","1","2","4",17660.7501,4506.3521
2023,8,13,47,"Female","1","46",40,30,0,1200,"2","1","2","2",16791.0102,4106.1188
2023,5,54,59,"Female","1","40",50,46.1538,1,2307.69,"2","1","2","4",2895.1455,683.0983
2023,1,24,25,"Male","2","39",30,17,0,510,"2","1","7","4",19316.7018,4915.492
2023,7,13,33,"Male","2","43",40,22.6,0,904,"2","1","2","4",30239.9444,7509.1907
2023,12,10,36,"Female","1","43",40,61.5,1,2460,"2","1","2","4",3838.7837,939.1718
2023,3,37,33,"Male","1","40",45,29.9111111111111,0,1346,"2","1","2","4",13913.7628,3446.1918
2023,4,54,63,"Female","1","39",40,20,0,800,"2","1","4","4",2686.7299,637.8142
2023,7,24,41,"Male","4","44",40,72.11525,1,2884.61,"2","1","2","4",17774.8057,4351.4833
2023,1,11,64,"Female","1","44",40,48.07675,1,1923.07,"2","1","2","4",1010.9098,248.014
2023,12,12,44,"Male","1","39",50,26,0,1300,"2","1","2","4",19254.3197,4660.504
2023,1,12,52,"Female","1","46",40,23.07675,0,923.07,"2","1","2","4",17809.4109,4305.3288
2023,1,12,57,"Female","1","40",36,16,0,576,"2","1","2","4",17830.8197,4234.3815
2023,9,54,51,"Female","1","39",40,17.5,0,700,"2","1","2","4",3665.3931,919.6738
2023,9,13,26,"Female","1","43",40,25,0,1000,"2","1","2","3",29719.9788,7500.9706
2023,7,12,40,"Male","1","39",40,20,0,800,"2","1","2","4",18289.0517,4513
2023,5,51,59,"Male","1","44",40,72,1,2880,"2","1","2","4",18196.9554,4446.2944
2023,8,12,42,"Male","2","39",40,14.4,0,576,"2","1","2","4",28777.8289,7076.9638
2023,2,13,58,"Female","1","39",20,16,0,320,"2","1","7","4",23935.469,5983.1492
2023,3,11,36,"Female","1","44",40,72.11525,1,2884.61,"1","2","5","1",1568.837,392.4816
2023,6,51,33,"Male","1","42",40,38.5,0,1540,"2","2","5","3",16623.5783,4109.5132
2023,3,37,50,"Female","1","42",40,40.85,1,1634,"2","1","2","2",13901.7547,3352.3598
2023,6,13,60,"Male","1","43",40,43.25,1,1730,"2","1","2","4",19458.6566,5035.6368
2023,7,54,43,"Female","1","46",40,72.11525,1,2884.61,"2","1","2","1",3873.9824,934.458
2023,2,13,45,"Male","2","43",50,18,0,900,"2","1","2","4",23554.7623,5918.7368
2023,9,37,30,"Male","2","39",40,48,1,1920,"2","1","2","4",23853.9793,5575.7968
2023,7,45,40,"Male","1","34",40,20.5,0,820,"2","1","2","4",16361.4837,4133.4875
2023,12,54,56,"Male","1","39",40,16.5,0,660,"1","1","2","1",3365.4757,878.558
2023,5,10,36,"Male","1","34",25,20,0,500,"2","1","7","4",3371.1685,860.3179
2023,10,13,37,"Female","2","43",40,28.85,0,1154,"2","1","4","4",14525.8183,3645.8218
2023,9,12,48,"Male","1","40",36,21.3888888888889,0,770,"2","1","2","4",17208.7155,4343.0681
2023,7,13,37,"Male","1","46",40,69,1,2760,"2","1","2","4",17684.0084,4373.7898
2023,5,12,41,"Female","1","39",40,17,0,680,"2","1","2","4",13995.1302,3488.8945
2023,10,51,48,"Female","1","44",60,48.0768333333333,1,2884.61,"1","1","2","1",19459.4417,4657.2782
2023,5,37,29,"Female","2","39",30,11.6666666666667,0,350,"2","1","7","1",19332.1183,4994.9842
2023,11,51,63,"Male","1","39",40,40,1,1600,"2","1","2","4",21754.2376,4873.7971
2023,12,12,30,"Male","1","39",40,25.6,0,1024,"2","1","2","4",21953.5918,5398.7681
2023,2,13,33,"Male","1","39",45,21.5384444444444,0,969.23,"2","1","2","4",33473.3366,8354.3922
2023,10,11,64,"Female","1","46",40,65.86525,1,2634.61,"2","1","4","1",1342.96,338.2299
2023,9,12,45,"Female","1","44",40,35.25,0,1410,"1","1","2","3",18647.0374,4678.425
2023,12,51,61,"Female","1","43",40,22,0,880,"2","1","2","2",16016.7147,4050.9504
2023,9,11,43,"Male","1","44",40,15,0,600,"2","1","2","4",1680.2263,418.4927
2023,1,12,33,"Female","2","40",40,17,0,680,"2","1","2","4",21770.3284,5236.6091
2023,9,12,60,"Male","1","44",40,72.11525,1,2884.61,"2","1","2","1",16731.6432,4093.2308
2023,4,10,31,"Female","1","40",40,21.6345,0,865.38,"2","1","2","4",3840.3313,1014.624
2023,11,54,45,"Female","1","44",40,54.8075,1,2192.3,"2","1","2","1",2784.3987,712.8564
2023,11,37,50,"Male","1","44",40,26.45,0,1058,"2","1","2","4",16772.5185,4167.6701
2023,1,11,61,"Female","1","45",45,8.54688888888889,0,384.61,"2","1","2","4",1059.3311,259.8936
2023,11,24,32,"Female","1","39",40,24.6,0,984,"2","1","2","4",17396.5133,4418.286
2023,2,37,38,"Male","4","40",40,18.5,0,740,"2","1","2","4",15045.4977,3806.0293
2023,5,51,44,"Male","1","39",40,19.5,0,780,"2","1","2","4",17120.8333,4217.6198
2023,10,11,38,"Female","1","43",55,52.4474545454545,1,2884.61,"2","1","2","1",1498.6497,388.0359
2023,9,11,46,"Male","1","43",40,53,1,2120,"2","1","2","4",1755.1095,440.9871
2023,4,45,60,"Male","1","40",40,21.65,0,866,"2","1","2","2",13495.5401,3442.7655
2023,3,11,60,"Female","2","44",40,45.673,1,1826.92,"2","1","2","3",2830.5057,672.3407
2023,7,45,44,"Male","1","40",45,27.7777777777778,0,1250,"2","1","2","4",13543.5043,3426.9411
2023,1,12,51,"Female","1","43",10,9.23,0,92.3,"2","1","7","4",18192.4447,4397.9252
2023,9,51,29,"Male","1","40",40,19.25,0,770,"2","1","2","4",19866.8761,4889.2106
2023,12,45,25,"Male","1","44",40,30,0,1200,"2","1","2","3",14429.4725,3661.8166
2023,6,45,51,"Male","1","39",40,31.25,0,1250,"2","1","2","4",9133.347,2407.628
2023,11,12,58,"Male","1","35",40,17,0,680,"2","1","2","4",19365.6856,4787.2096
2023,2,37,37,"Female","2","39",40,24.025,0,961,"2","1","2","4",20833.6661,5322.4317
2023,9,10,26,"Female","11","43",29,20,0,580,"2","1","7","2",5113.0249,1273.823
2023,9,54,63,"Female","1","41",40,65,1,2600,"2","1","4","4",2962.2463,770.0365
2023,5,10,45,"Female","16","44",40,44.7115,1,1788.46,"2","1","2","4",3433.8342,874.8257
2023,10,12,49,"Male","1","40",40,25.9615,0,1038.46,"2","1","2","4",21207.3525,5292.544
2023,9,51,50,"Male","1","43",40,48.075,1,1923,"2","1","4","3",16816.1057,4154.8034
2023,2,37,54,"Female","1","46",60,44.5511666666667,1,2673.07,"2","1","2","2",19352.0917,4715.4522
2023,9,37,29,"Female","1","34",40,15,0,600,"2","1","2","4",20492.964,5082.9732
2023,4,11,47,"Female","2","39",40,25.55,0,1022,"2","1","2","4",2963.9078,731.0014
2023,4,54,46,"Male","1","40",40,30,0,1200,"1","1","2","4",3958.5372,978.9946
2023,5,45,41,"Female","1","39",40,17.5,0,700,"2","1","2","4",9778.8043,2504.6244
2023,3,12,50,"Female","1","40",40,12.5,0,500,"2","2","5","4",19383.3615,4676.763
2023,1,12,29,"Female","1","40",40,18,0,720,"2","1","2","4",22559.6281,5498.4191
2023,3,11,53,"Male","2","40",40,57.69225,1,2307.69,"1","1","2","3",2230.3764,582.9785
2023,7,54,53,"Male","1","39",40,14.4,0,576,"2","1","2","3",3694.9551,934.9561
2023,7,12,44,"Male","2","44",40,32,0,1280,"2","1","2","4",22396.7816,5529.4981
2023,8,12,33,"Male","1","42",40,36.0575,0,1442.3,"2","2","5","4",15091.2717,3858.6204
2023,3,24,29,"Male","1","39",40,72.11525,1,2884.61,"2","1","2","4",20540.1729,5302.0911
2023,6,11,44,"Female","2","45",40,72.11525,1,2884.61,"2","1","2","4",2637.699,617.8645
2023,11,11,51,"Male","2","40",40,43.269,1,1730.76,"2","1","2","4",3175.8295,768.8588
2023,5,12,32,"Male","1","43",46,23.4782608695652,0,1080,"2","1","2","4",19670.8097,5020.5486
2023,2,13,50,"Male","1","33",40,11.75,0,470,"2","1","4","4",23816.2222,6199.5486
2023,11,37,28,"Male","1","43",40,57.5,1,2300,"2","1","2","4",17998.0706,4318.7122
2023,4,45,25,"Female","1","43",40,21.65,0,866,"2","1","2","2",13176.6742,3409.2424
2023,12,45,52,"Male","2","45",40,16.5,0,660,"2","1","2","2",11813.8967,3149.1263
2023,1,13,59,"Female","1","32",40,17,0,680,"2","1","2","4",19035.7504,4718.8978
2023,10,12,50,"Female","1","32",40,10.25,0,410,"2","1","2","4",22001.2155,5231.2109
2023,9,12,41,"Male","1","32",40,16,0,640,"2","1","2","4",19499.3642,4878.284
2023,6,45,41,"Female","2","43",40,69.225,1,2769,"2","1","2","4",16310.0994,3974.7756
2023,9,13,27,"Male","1","39",40,22,0,880,"2","1","2","4",17472.9232,4431.6748
2023,4,13,27,"Female","1","43",40,22.3,0,892,"2","1","2","4",23167.2812,5769.0109
2023,3,12,58,"Male","1","39",40,32.2115,0,1288.46,"2","1","2","4",16667.2511,3948.2426
2023,11,11,36,"Male","2","43",40,65,1,2600,"2","1","2","4",3526.465,933.2691
2023,5,12,29,"Female","2","41",40,25.5,0,1020,"2","1","2","4",17954.6253,4674.6158
2023,6,12,48,"Female","1","43",55,125.307090909091,1,6891.89,"2","1","2","4",16241.0857,4203.0693
2023,5,51,61,"Male","1","35",40,28.825,0,1153,"2","1","2","4",17620.4293,4416.2639
2023,12,24,55,"Male","4","45",40,67.5,1,2700,"2","1","2","4",14534.9559,3753.4623
2023,5,13,44,"Female","1","43",45,64.1024444444444,1,2884.61,"1","1","2","4",14422.7099,3586.1128
2023,8,12,46,"Male","2","39",40,30,0,1200,"2","1","2","4",28149.3316,7289.0322
2023,5,12,40,"Female","2","39",40,15,0,600,"2","1","2","4",23705.366,5307.3766
2023,4,54,43,"Male","1","43",40,62.5,1,2500,"2","2","5","4",3893.0615,1000.2408
2023,8,12,39,"Female","1","46",50,20,0,1000,"2","1","2","4",15483.7516,3937.4421
2023,9,10,42,"Female","1","43",40,34.61525,0,1384.61,"2","1","2","4",3345.4741,829.9044
2023,12,37,42,"Male","1","43",40,57.675,1,2307,"2","1","2","3",16879.7813,4109.7324
2023,4,11,29,"Female","1","44",50,45.2,1,2260,"2","1","2","4",1731.9801,437.4516
2023,7,54,64,"Female","1","43",14,9.89,0,138.46,"2","1","7","4",3172.0146,775.8623
2023,7,54,61,"Female","1","42",40,35.6,0,1424,"2","1","2","4",3098.6156,757.9092
2023,5,45,41,"Female","2","39",37,17.9459459459459,0,664,"2","1","2","4",13639.0608,3137.355
2023,3,51,49,"Male","1","39",40,23.07675,0,923.07,"2","1","2","4",20435.315,5149.7433
2023,6,45,25,"Male","1","39",40,19.5,0,780,"2","1","2","4",10712.368,2748.0644
2023,2,12,25,"Male","1","39",40,14.625,0,585,"2","1","2","4",19160.3995,4731.8168
2023,6,12,27,"Female","1","43",40,31.25,0,1250,"2","1","2","4",18457.3098,4440.3523
2023,4,51,55,"Female","1","43",40,60,1,2400,"2","1","2","4",16757.3586,4173.296
2023,10,12,38,"Male","1","43",40,26.25,0,1050,"1","1","2","3",16391.5896,4018.4099
2023,5,45,63,"Female","1","39",40,18,0,720,"2","1","2","4",8829.7663,2337.4406
2023,1,13,33,"Male","1","43",40,25,0,1000,"2","1","2","4",23907.1111,5969.3253
2023,9,12,54,"Female","1","42",40,55,1,2200,"2","1","2","4",16423.0214,4115.1224
2023,3,11,51,"Male","2","39",40,15,0,600,"1","1","2","3",2245.5036,586.9324
2023,2,12,63,"Female","1","43",40,44.7115,1,1788.46,"2","1","2","4",17657.215,4693.1433
2023,8,24,34,"Female","1","43",40,53.846,1,2153.84,"2","1","4","4",17211.2904,4423.7545
2023,12,54,54,"Female","1","39",40,20.85,0,834,"2","1","2","4",3695.0902,893.6944
2023,2,10,26,"Male","1","42",36,75,1,2700,"2","1","2","4",6353.9624,1583.4701
2023,8,37,34,"Male","1","39",40,30,0,1200,"2","1","2","4",16256.5826,4064.0422
2023,5,51,58,"Male","1","39",40,17.51,0,700.4,"2","1","2","4",20788.1166,5050.8841
2023,8,12,51,"Male","1","39",45,26.44,0,1189.8,"2","1","2","4",14952.8768,3709.3135
2023,11,10,62,"Female","1","42",55,29.0209090909091,0,1596.15,"2","2","5","4",2964.0274,739.046
2023,7,13,33,"Male","1","44",40,38.5,0,1540,"2","2","5","4",17794.1648,4442.0474
2023,7,10,59,"Male","1","45",40,25,0,1000,"2","2","5","4",3079.8669,750.9325
2023,11,13,31,"Male","4","43",40,36,0,1440,"2","1","2","4",19139.5089,4674.3261
2023,2,54,63,"Male","1","39",40,48.07675,1,1923.07,"2","1","2","4",3030.0598,761.0273
2023,7,37,43,"Male","1","39",40,22,0,880,"2","1","2","4",19068.645,4714.9832
2023,1,12,56,"Male","1","44",50,57.6922,1,2884.61,"2","1","2","4",20123.5601,4758.6495
2023,9,12,29,"Female","2","44",40,72,1,2880,"2","1","2","1",33149.6428,7581.4829
2023,9,12,36,"Female","1","40",20,12.5,0,250,"2","1","7","4",17662.7914,4455.8874
2023,11,12,54,"Female","1","43",40,32.2,0,1288,"2","1","2","4",15889.5091,4145.3073
2023,3,45,61,"Female","1","39",39,18.7374358974359,0,730.76,"2","1","2","4",11172.8304,3013.1456
2023,8,13,26,"Female","1","43",50,40.38,1,2019,"2","1","2","4",18961.8787,4806.9365
2023,5,11,64,"Female","2","43",40,72.11525,1,2884.61,"2","1","2","1",3352.2204,691.673
2023,12,12,57,"Female","1","43",20,25,0,500,"2","1","7","4",19338.5136,4603.5724
2023,2,10,32,"Female","2","40",40,26.425,0,1057,"2","1","2","4",9141.2186,2280.4088
2023,3,37,33,"Male","1","43",40,25,0,1000,"2","1","2","4",15562.0739,3854.4492
2023,7,12,28,"Female","1","39",30,10,0,300,"2","2","10","4",22956.9244,5669.7582
2023,9,51,64,"Female","1","43",40,62.5,1,2500,"2","1","2","4",15021.088,3842.2095
2023,6,24,40,"Female","1","39",70,15,0,1050,"2","1","2","4",13474.4582,3467.265
2023,12,10,41,"Male","2","39",40,13.825,0,553,"2","1","2","4",2414.8518,612.7896
2023,3,37,37,"Male","1","39",40,56.25,1,2250,"2","1","2","4",13111.8308,3147.0304
2023,8,54,56,"Female","1","44",40,14,0,560,"2","1","2","3",2604.0907,663.4747
2023,1,51,46,"Female","4","42",40,19.23075,0,769.23,"2","1","2","2",16892.8335,4273.5945
2023,3,45,35,"Male","1","39",32,19,0,608,"2","1","7","4",10457.1209,2630.0636
2023,6,12,52,"Male","1","45",70,40,1,2800,"2","1","2","4",19528.8007,5046.3159
2023,7,45,63,"Male","1","43",40,27.5,0,1100,"2","1","2","3",10244.8483,2693.6299
2023,8,37,40,"Male","1","46",40,57.675,1,2307,"2","1","2","4",17344.9042,4336.8084
2023,11,37,45,"Male","1","39",40,28.85,0,1154,"2","1","2","4",18095.6575,4455.226
2023,8,13,52,"Male","4","44",40,56.25,1,2250,"2","1","2","4",20407.7987,5030.0443
2023,6,51,26,"Female","1","43",40,20,0,800,"2","1","4","4",20364.025,4879.1189
2023,2,12,27,"Male","1","43",40,24.025,0,961,"2","1","2","4",20278.2336,4936.4973
2023,5,37,44,"Male","1","39",40,18,0,720,"2","1","2","4",15054.6944,3730.1772
2023,12,12,58,"Female","1","43",40,17.3,0,692,"2","1","2","4",21475.2356,5112.2234
2023,1,11,32,"Female","2","40",38,39.4736842105263,0,1500,"2","1","2","4",2772.3881,678.6135
2023,2,12,32,"Male","2","39",40,19,0,760,"1","1","2","1",21050.0304,4861.6491
2023,5,13,41,"Male","1","42",40,23.075,0,923,"2","1","2","4",22350.6868,5601.7164
2023,8,54,28,"Male","1","40",40,26.5,0,1060,"2","1","2","4",4116.3278,1059.8125
2023,8,12,29,"Male","1","39",40,26.65175,0,1066.07,"2","1","2","2",14701.5759,3765.362
2023,7,54,47,"Male","1","39",40,18.25,0,730,"2","1","2","4",3495.0486,885.766
2023,6,12,55,"Female","1","39",40,25,0,1000,"2","1","2","4",18819.4054,4724.5929
2023,5,12,31,"Female","2","37",40,12.75,0,510,"2","1","2","4",16245.4935,4206.923
2023,7,11,46,"Male","2","44",45,38.4444444444444,0,1730,"2","1","2","4",3647.0818,875.5696
2023,7,10,32,"Female","1","43",30,43.3333333333333,1,1300,"2","1","7","4",3212.2616,788.3344
2023,8,12,45,"Female","1","44",40,27,0,1080,"2","1","2","4",16629.131,4077.7223
2023,2,12,29,"Female","4","43",40,24.025,0,961,"2","1","2","4",13011.6354,3277.1773
2023,5,12,27,"Male","1","39",40,16,0,640,"2","1","2","4",18495.5912,4644.2315
2023,9,54,43,"Female","1","42",40,28.846,0,1153.84,"2","1","2","4",3570.0257,898.2911
2023,10,37,40,"Male","1","39",60,30,0,1800,"2","1","2","1",18350.9812,4609.1493
2023,8,24,28,"Male","1","43",35,17.6428571428571,0,617.5,"2","1","2","4",17040.8993,4351.63
2023,10,13,32,"Female","2","40",40,26.9,0,1076,"2","2","5","4",28349.4575,7059.0964
2023,5,13,50,"Female","1","44",40,44.75,1,1790,"2","1","2","4",18980.6063,4642.7457
2023,11,45,29,"Female","1","39",45,27.7777777777778,0,1250,"2","1","2","4",14472.4591,3672.826
2023,4,37,59,"Male","1","39",40,17.05,0,682,"2","1","2","4",12621.431,3238.6337
2023,6,37,64,"Female","2","39",40,36.19125,0,1447.65,"2","1","2","4",10631.2083,3219.6001
2023,2,54,33,"Female","1","44",40,57.675,1,2307,"2","1","2","4",3682.6192,918.051
2023,7,45,55,"Male","1","39",40,22.5,0,900,"2","1","2","4",10673.4484,2692.3857
2023,7,45,61,"Male","1","42",40,23,0,920,"2","1","4","4",10630.3335,2794.9837
2023,8,12,45,"Female","1","43",35,28.5714285714286,0,1000,"2","1","3","2",19384.8023,4799.2915
2023,2,10,31,"Male","1","42",42,27,0,1134,"1","1","2","3",5321.6237,1323.7753
2023,10,54,42,"Female","1","39",40,33.75,0,1350,"2","1","2","4",3136.2149,796.2012
2023,7,12,45,"Female","1","43",40,22,0,880,"2","1","2","4",16666.6018,4367.2076
2023,1,12,36,"Female","1","39",40,25,0,1000,"2","1","2","4",17116.1656,4085.1407
2023,5,11,31,"Male","1","43",40,72.11525,1,2884.61,"2","1","2","4",1823.9813,457.7597
2023,1,13,56,"Female","2","39",40,19,0,760,"2","1","2","4",19077.1348,4892.184
2023,1,12,57,"Male","1","39",40,18.75,0,750,"2","1","2","4",18670.9969,4415.1596
2023,6,54,47,"Female","1","40",25,14,0,350,"2","1","6","4",3578.0329,936.0386
2023,2,24,63,"Male","1","39",40,13.4615,0,538.46,"2","1","2","4",14841.1504,3783.5819
2023,9,54,59,"Female","1","39",50,57.6922,1,2884.61,"2","1","2","1",3230.8946,816.9863
2023,3,10,47,"Male","2","42",45,29.0597777777778,0,1307.69,"2","1","2","4",4615.7225,1260.7139
2023,1,12,41,"Male","1","40",40,11.775,0,471,"2","1","4","4",28448.2355,6933.2497
2023,10,51,61,"Female","2","39",40,15,0,600,"2","1","3","4",16991.5404,4729.1433
2023,9,45,36,"Male","1","40",40,33.75,0,1350,"2","1","2","4",11423.0678,2851.0875
2023,10,12,54,"Female","1","39",35,15.6,0,546,"2","1","2","3",24154.4323,5791.1236
2023,12,12,53,"Female","2","41",40,38.4615,0,1538.46,"2","1","2","4",25498.371,5724.2901
2023,9,37,27,"Female","1","43",40,61.77875,1,2471.15,"2","1","2","4",24033.5824,5952.5762
2023,12,12,33,"Female","5","42",40,15,0,600,"1","1","2","4",19906.1991,5127.9055
2023,9,13,44,"Female","1","43",50,57.6922,1,2884.61,"2","1","2","4",19604.2993,4979.7739
2023,12,12,25,"Female","1","44",40,36.0575,0,1442.3,"2","1","2","4",14621.6383,3823.9576
2023,11,12,25,"Male","1","39",40,18.75,0,750,"2","1","2","3",25911.7278,6232.7345
2023,10,54,57,"Male","1","40",45,36.2222222222222,0,1630,"1","1","2","2",3314.7541,819.6339
2023,11,12,47,"Male","1","46",40,25.95,0,1038,"2","1","2","3",21043.6964,5221.8206
2023,2,13,59,"Male","2","36",40,18,0,720,"2","1","2","4",22463.4526,4952.2243
2023,6,13,26,"Female","1","43",40,19.25,0,770,"2","1","2","2",20122.8905,4847.9712
2023,4,45,46,"Female","1","41",40,16,0,640,"2","1","2","4",12582.0587,3450.4072
2023,8,12,37,"Female","1","43",40,12,0,480,"2","1","2","4",16521.0728,4266.2818
2023,7,54,28,"Female","1","43",37,43.2432432432432,1,1600,"2","1","2","4",4160.9791,1046.8876
2023,8,12,43,"Female","1","43",40,20.2,0,808,"1","1","2","3",17256.3169,4369.9285
2023,7,37,60,"Male","1","40",40,32.56,0,1302.4,"2","1","2","4",16751.3237,4310.7008
2023,9,12,33,"Male","1","45",40,37.5,0,1500,"2","1","2","2",18288.7147,4558.2896
2023,10,12,27,"Female","4","43",40,37.5,0,1500,"2","1","2","2",21465.6068,5298.5374
2023,12,12,55,"Male","1","46",50,32.3076,0,1615.38,"2","1","2","2",17893.9011,4608.7296
2023,8,12,28,"Female","1","44",40,22,0,880,"2","1","2","3",16894.4744,4336.0349
2023,2,12,38,"Female","1","44",40,28.846,0,1153.84,"2","1","2","3",13800.7711,3431.1322
2023,4,12,64,"Male","1","40",40,20.35,0,814,"1","1","2","4",20942.0146,5126.0222
2023,4,37,48,"Male","1","39",40,32.5,0,1300,"1","1","2","4",16291.8265,4018.8452
2023,9,12,57,"Male","1","43",50,38.4,0,1920,"2","1","2","4",15935.5333,4179.8479
2023,9,37,25,"Female","1","42",5,22,0,110,"2","1","7","4",21465.8162,5324.2746
2023,3,37,37,"Male","2","40",55,19.0909090909091,0,1050,"2","1","2","4",19902.6239,5098.2119
2023,10,51,31,"Male","2","42",40,19.75,0,790,"2","1","2","4",25251.718,6609.4779
2023,1,12,30,"Male","1","40",40,26.9,0,1076,"2","1","2","4",16483.626,3988.3678
2023,2,10,43,"Male","1","39",40,16,0,640,"2","1","2","4",5291.855,1332.9705
2023,7,10,46,"Male","2","39",50,38.4,0,1920,"2","1","2","4",3210.2034,772.9396
2023,7,51,45,"Female","1","45",40,38.5,0,1540,"1","1","2","1",15875.1133,4060.7517
2023,10,37,58,"Female","1","39",40,26.55,0,1062,"1","1","2","4",15065.323,4043.8416
2023,9,11,39,"Female","1","44",40,66,1,2640,"2","1","2","1",1346.1952,343.6226
2023,9,45,54,"Female","2","39",40,44.25,1,1770,"2","1","2","4",12338.6331,3113.9006
2023,12,12,33,"Female","1","39",40,29.5,0,1180,"2","1","2","4",15662.6547,4030.8846
2023,10,12,25,"Female","1","43",40,38.45,0,1538,"2","1","2","4",21267.4636,5209.2106
2023,6,12,50,"Female","1","46",40,28.846,0,1153.84,"2","1","2","4",18929.9667,4814.4572
2023,3,45,41,"Male","1","34",40,27,0,1080,"2","1","2","4",12941.8003,3315.3131
2023,10,11,31,"Female","1","44",38,50,1,1900,"2","1","2","4",1542.2227,385.3222
2023,8,13,36,"Female","2","43",40,24.05,0,962,"2","1","2","3",21528.2984,5044.5619
2023,8,51,42,"Male","5","45",40,38.45,0,1538,"2","1","2","4",19107.2657,4800.6023
2023,8,54,56,"Male","1","43",40,19.25,0,770,"2","1","4","4",2841.3725,721.1859
2023,3,12,59,"Male","1","41",40,22,0,880,"2","1","2","4",18135.5968,4296.0735
2023,8,13,52,"Male","1","42",40,32.69225,0,1307.69,"2","1","2","4",18967.2739,4647.4277
2023,7,12,37,"Male","1","39",60,44.8666666666667,1,2692,"2","1","2","4",17789.7347,4397.504
2023,11,24,50,"Female","1","44",40,21.6345,0,865.38,"2","1","2","3",27861.1939,7368.5362
2023,11,11,27,"Male","1","46",45,34.2222222222222,0,1540,"2","1","2","1",1853.0282,450.3285
2023,11,12,32,"Female","1","44",40,34,0,1360,"2","1","2","4",15883.4809,3979.2575
2023,2,54,40,"Male","1","39",60,23.0666666666667,0,1384,"2","1","2","4",3512.722,872.0589
2023,6,12,56,"Male","6","42",40,72.11525,1,2884.61,"2","1","2","4",16423.8904,4189.2704
2023,10,13,60,"Female","1","40",45,29.7777777777778,0,1340,"2","1","4","4",17645.1236,4444.7781
2023,2,54,51,"Female","1","34",40,18.5,0,740,"2","1","2","4",3506.9277,854.0374
2023,3,24,28,"Male","2","39",40,37.4375,0,1497.5,"2","1","2","4",24654.7422,6709.159
2023,6,37,37,"Female","1","40",40,13,0,520,"2","1","2","4",15323.5206,3923.161
2023,9,37,40,"Female","2","41",40,19.5,0,780,"2","1","2","4",22106.5978,5996.4433
2023,12,51,51,"Male","2","43",40,27.875,0,1115,"2","1","2","4",17329.12,4492.9026
2023,8,45,37,"Male","1","44",40,33.75,0,1350,"2","1","2","4",11352.4903,2862.7143
2023,1,12,43,"Female","1","42",40,32.5,0,1300,"2","1","2","4",19415.8309,4649.5483
2023,3,45,38,"Female","2","43",40,28.25,0,1130,"2","1","2","4",14978.989,4132.348
2023,7,11,31,"Female","4","44",40,44.25,1,1770,"1","1","4","2",1996.2202,481.4729
2023,2,37,47,"Male","4","46",40,26.9,0,1076,"2","1","2","4",23026.5576,5762.2271
2023,10,24,44,"Male","2","44",40,75,1,3000,"2","1","2","4",32994.5601,8204.1228
2023,6,13,43,"Female","1","39",40,15,0,600,"2","1","2","4",17007.2273,4271.5048
2023,10,12,52,"Male","4","46",40,72,1,2880,"2","1","4","2",16463.9395,4115.5444
2023,10,37,59,"Female","1","44",40,43,1,1720,"2","1","2","3",14439.8151,3875.9424
2023,6,12,35,"Female","1","43",40,24.05,0,962,"2","1","2","4",13410.7815,3431.8172
2023,4,12,50,"Female","1","44",40,52.875,1,2115,"2","1","2","4",15678.79,4078.1305
2023,5,13,32,"Male","4","44",40,49,1,1960,"2","1","2","4",15710.6688,3947.278
2023,1,37,54,"Male","1","39",40,16,0,640,"2","1","2","4",15535.6192,3829.2787
2023,2,12,33,"Female","1","43",40,31.25,0,1250,"2","1","2","4",14547.5684,3594.4673
2023,4,10,40,"Female","2","44",40,60,1,2400,"2","1","2","4",4254.5181,1125.3773
2023,2,37,36,"Male","1","45",40,64.90375,1,2596.15,"2","1","2","4",15577.5426,3854.8556
2023,4,11,25,"Male","1","44",40,31.25,0,1250,"2","1","2","4",1766.8661,446.6017
2023,11,51,47,"Female","4","43",40,31.25,0,1250,"2","1","2","4",19965.4221,5165.4031
2023,6,37,48,"Male","1","43",40,72,1,2880,"2","1","2","4",16975.0756,4366.8603
2023,4,24,41,"Male","2","40",40,62.5,1,2500,"2","1","2","3",25783.0442,6577.605
2023,8,45,63,"Female","2","43",40,60.075,1,2403,"2","1","2","2",10141.9978,2475.4546
2023,2,37,33,"Female","1","40",40,24.375,0,975,"2","1","2","4",18376.3937,4583.6938
2023,8,45,53,"Male","16","39",28,8.92857142857143,0,250,"2","1","7","4",17714.6218,4396.5801
2023,1,24,55,"Female","2","42",40,57.69225,1,2307.69,"2","1","2","1",17863.5768,4633.8098
2023,10,11,28,"Female","1","43",40,33.65375,0,1346.15,"2","1","2","4",1709.223,428.3766
2023,3,13,56,"Female","1","43",32,38.46125,0,1230.76,"2","1","7","4",22399.5413,5673.958
2023,12,13,50,"Male","1","40",45,64.1024444444444,1,2884.61,"2","1","4","4",20626.5616,5446.6721
2023,2,54,38,"Male","1","39",60,23.0768333333333,0,1384.61,"2","1","2","4",3794.577,938.4847
2023,5,12,40,"Male","1","35",40,48.075,1,1923,"2","1","2","4",18055.5418,4537.0606
2023,5,54,32,"Male","1","43",40,16,0,640,"2","1","2","4",4092.9337,1035.264
2023,12,37,25,"Male","1","43",40,32.25,0,1290,"2","1","2","4",18749.3252,4617.8058
2023,8,12,51,"Female","1","42",20,9.6,0,192,"2","1","6","4",17239.5946,4300.4334
2023,11,24,33,"Male","1","39",40,21.25,0,850,"2","1","3","4",15952.7993,3923.9152
2023,11,12,30,"Male","1","44",40,50,1,2000,"2","1","2","4",20305.627,4926.7879
2023,7,24,63,"Male","2","44",42,35.7142857142857,0,1500,"2","1","2","3",17290.9003,4342.4907
2023,7,12,33,"Male","1","43",36,13.3544444444444,0,480.76,"2","1","3","4",22863.4433,5782.4703
2023,7,12,43,"Female","6","42",40,9.8,0,392,"2","1","2","4",20151.9985,4904.1843
2023,5,13,40,"Male","1","43",40,48,1,1920,"2","1","4","4",15622.4923,3890.3523
2023,12,37,46,"Male","1","40",40,17.5,0,700,"2","1","2","4",13680.2344,3486.9968
2023,4,11,63,"Female","1","44",40,62.5,1,2500,"2","1","2","4",1296.3696,313.2209
2023,7,12,44,"Male","1","43",50,41.5384,1,2076.92,"2","1","2","4",16861.9796,4160.8562
