Country or Area,Year,Value
Afghanistan,2023,2211.2806345400686
Afghanistan,2022,2122.9958151266474
Afghanistan,2021,2144.166570028188
Afghanistan,2020,2561.9817605862195
Afghanistan,2019,2583.485332398769
Afghanistan,2018,2432.276700833362
Afghanistan,2017,2335.795862344538
Afghanistan,2016,2213.181441047904
Afghanistan,2015,2284.0758478934936
Afghanistan,2014,2224.4907481521473
Afghanistan,2013,2133.241270986467
Afghanistan,2012,1988.429303815544
Afghanistan,2011,1744.0606232155817
Afghanistan,2010,1765.5380282889496
Afghanistan,2009,1570.698145186777
Afghanistan,2008,1333.7472665975106
Afghanistan,2007,1286.9498431073005
Afghanistan,2006,1121.8344707513686
Afghanistan,2005,1076.087352596243
Afghanistan,2004,971.633503058856
Afghanistan,2003,966.9620320475328
Afghanistan,2002,926.507941009788
Afghanistan,2001,747.6880454599286
Afghanistan,2000,813.5502559908928
Albania,2023,21208.21002545344
Albania,2022,19429.921316708136
Albania,2021,16113.136518723422
Albania,2020,14512.053775244976
Albania,2019,14792.26189292172
Albania,2018,13696.842745704498
Albania,2017,12771.003792910244
Albania,2016,12078.82771895488
Albania,2015,11662.005777403809
Albania,2014,11259.25595536022
Albania,2013,10570.980014015751
Albania,2012,10526.26437211863
Albania,2011,10207.745532650111
Albania,2010,9627.088652004546
Albania,2009,8812.755949536158
Albania,2008,8228.342267775119
Albania,2007,7285.027313503389
Albania,2006,6566.53515410888
Albania,2005,5865.305636720471
Albania,2004,5427.874773377319
Albania,2003,5000.343294670877
Albania,2002,4661.392818300218
Albania,2001,4300.812340824363
Albania,2000,3861.304136155105
Albania,1999,3471.661510725823
Albania,1998,3021.030931026115
Albania,1997,2717.1378376559423
Albania,1996,2979.818651844104
Albania,1995,2665.5503578014477
Albania,1994,2289.69204190376
Albania,1993,2057.2905763775348
Albania,1992,1823.1480930319965
Albania,1991,1908.9479573690369
Albania,1990,2549.249860948165
Algeria,2023,16824.487903298697
Algeria,2022,15836.094436887077
Algeria,2021,14496.865469729872
Algeria,2020,12676.5130564294
Algeria,2019,13892.533344620471
Algeria,2018,13727.126635785886
Algeria,2017,13493.560749483971
Algeria,2016,13437.846023216924
Algeria,2015,13807.351584147766
Algeria,2014,14694.14382738305
Algeria,2013,14370.820661674035
Algeria,2012,14441.32933988057
Algeria,2011,14639.877943626769
Algeria,2010,14201.3659904784
Algeria,2009,13651.447299612286
Algeria,2008,13666.218195837357
Algeria,2007,13320.964120613571
Algeria,2006,12791.3412603745
Algeria,2005,12246.26922417928
Algeria,2004,11431.685671615409
Algeria,2003,10802.750670129708
Algeria,2002,10080.18250035174
Algeria,2001,9543.520353410317
Algeria,2000,9186.815903377848
Algeria,1999,8776.442094636428
Algeria,1998,8502.888359520171
Algeria,1997,8128.798913744515
Algeria,1996,8052.768567079461
Algeria,1995,7746.716838611676
Algeria,1994,7462.647587504679
Algeria,1993,7537.93868239305
Algeria,1992,7704.51644322124
Algeria,1991,7582.071944816049
Algeria,1990,7602.187256543697
Andorra,2023,71730.66868216454
Andorra,2022,68470.07594838503
Andorra,2021,59332.20291001272
Andorra,2020,52095.841400462705
Andorra,2019,57475.0692842215
Andorra,2018,55244.65540881773
Andorra,2017,53084.86396409029
Andorra,2016,53110.14262708322
Andorra,2015,50733.23900117008
Andorra,2014,48505.601735479446
Andorra,2013,45609.23072209261
Andorra,2012,45503.04448352878
Andorra,2011,46436.115860501835
Andorra,2010,43853.17123894445
Andorra,2009,42522.994564958666
Andorra,2008,44838.99499935152
Andorra,2007,47501.43092939015
Andorra,2006,46852.65839004142
Andorra,2005,44577.819334642176
Andorra,2004,42717.23777489663
Andorra,2003,41147.88069598138
Andorra,2002,38787.05225415394
Andorra,2001,36895.44024450869
Andorra,2000,33458.11816319773
Andorra,1999,31589.958242984725
Andorra,1998,30072.72727341172
Andorra,1997,29121.603706417292
Andorra,1996,26541.58144646953
Andorra,1995,24934.3827736476
Andorra,1994,23509.459983698733
Andorra,1993,22958.325782004897
Andorra,1992,23816.84047089436
Andorra,1991,24510.246082966725
Andorra,1990,24908.87094324629
Angola,2023,8040.702449718117
Angola,2022,7924.888805839047
Angola,2021,7408.126591210588
Angola,2020,6450.74994625154
Angola,2019,7528.382417912175
Angola,2018,7347.799936350519
Angola,2017,6992.7288342812
Angola,2016,6843.735896605038
Angola,2015,7119.726442744006
Angola,2014,7990.27445672775
Angola,2013,7561.039204951789
Angola,2012,7354.942966312609
Angola,2011,6711.390257238831
Angola,2010,6607.022196965694
Angola,2009,6498.169282128252
Angola,2008,6651.377741054669
Angola,2007,6095.9992668013765
Angola,2006,5404.383830043967
Angola,2005,4876.287683891757
Angola,2004,4262.9060126412705
Angola,2003,3878.507954551122
Angola,2002,3824.284804364622
Angola,2001,3427.8539494850233
Angola,2000,3326.779913833108
Angola,1999,3262.9755288246156
Angola,1998,3254.244474666039
Angola,1997,3178.4948024613523
Angola,1996,3013.3328130446826
Angola,1995,2695.805984989586
Angola,1994,2374.0208209162824
Angola,1993,2369.2418315445484
Angola,1992,3143.4406103379984
Angola,1991,3372.59696858821
Angola,1990,3340.5984816713035
Antigua and Barbuda,2023,32149.14036488228
Antigua and Barbuda,2022,30031.747469874324
Antigua and Barbuda,2021,25733.29482696443
Antigua and Barbuda,2020,22356.76872248486
Antigua and Barbuda,2019,26533.73019369617
Antigua and Barbuda,2018,24524.21379538871
Antigua and Barbuda,2017,21370.309509162376
Antigua and Barbuda,2016,21321.709757914497
Antigua and Barbuda,2015,20989.38588963067
Antigua and Barbuda,2014,21673.394958834844
Antigua and Barbuda,2013,21759.368023987154
Antigua and Barbuda,2012,22377.36191219485
Antigua and Barbuda,2011,23692.724350004024
Antigua and Barbuda,2010,23958.42126231753
Antigua and Barbuda,2009,26034.52680983608
Antigua and Barbuda,2008,29837.970717213775
Antigua and Barbuda,2007,29710.925772514503
Antigua and Barbuda,2006,26823.302221668273
Antigua and Barbuda,2005,23374.93393265562
Antigua and Barbuda,2004,21527.454679196868
Antigua and Barbuda,2003,20033.21301958046
Antigua and Barbuda,2002,18724.75245832568
Antigua and Barbuda,2001,18481.793627642943
Antigua and Barbuda,2000,19228.49148313419
Antigua and Barbuda,1999,18003.74572735723
Antigua and Barbuda,1998,17414.28962763106
Antigua and Barbuda,1997,16757.299176288994
Antigua and Barbuda,1996,15942.011720349696
Antigua and Barbuda,1995,14991.90701152828
Antigua and Barbuda,1994,15662.50396167094
Antigua and Barbuda,1993,14650.671264068897
Antigua and Barbuda,1992,13843.355948770452
Antigua and Barbuda,1991,13594.574487024693
Antigua and Barbuda,1990,12935.22404738873
Argentina,2023,30082.30452473229
Argentina,2022,29597.69384292644
Argentina,2021,26300.274261175044
Argentina,2020,22393.347957535338
Argentina,2019,23516.82619808864
Argentina,2018,24410.39190633349
Argentina,2017,23385.07409049166
Argentina,2016,20105.761359796023
Argentina,2015,19899.149927524544
Argentina,2014,19487.418174886807
Argentina,2013,19928.989490167023
Argentina,2012,19430.417806811183
Argentina,2011,19104.990940522788
Argentina,2010,17847.611037143844
Argentina,2009,16182.075347842878
Argentina,2008,17276.757088402534
Argentina,2007,16455.11297991879
Argentina,2006,14843.5778656186
Argentina,2005,13464.812846900251
Argentina,2004,12117.6797424618
Argentina,2003,10933.392549066191
Argentina,2002,9953.46492878861
Argentina,2001,11117.754923303954
Argentina,2000,11499.982800269772
Argentina,1999,11463.853308120964
Argentina,1998,11835.67698711996
Argentina,1997,11403.480792312368
Argentina,1996,10495.839245367504
Argentina,1995,9890.924708830831
Argentina,1994,10103.029741348504
Argentina,1993,9472.445099468643
Argentina,1992,8667.852803530064
Argentina,1991,7960.978440425973
Argentina,1990,7158.308491279519
Armenia,2023,21342.514533488593
Armenia,2022,19161.370051419013
Armenia,2021,15921.705281964018
Armenia,2020,14706.317304342228
Armenia,2019,14975.753953815694
Armenia,2018,12877.493754355326
Armenia,2017,12066.004309381942
Armenia,2016,10570.272041393568
Armenia,2015,9756.84084836026
Armenia,2014,9736.234974627896
Armenia,2013,9454.878528365563
Armenia,2012,8942.635378971643
Armenia,2011,7624.2677262690495
Armenia,2010,7095.212679720938
Armenia,2009,6811.692479627414
Armenia,2008,7827.316667339001
Armenia,2007,7136.754055091636
Armenia,2006,6072.759244657182
Armenia,2005,5172.218920969605
Armenia,2004,4377.227596880463
Armenia,2003,3836.225567654009
Armenia,2002,3282.117063367112
Armenia,2001,2844.362663546494
Armenia,2000,2530.7439465758803
Armenia,1999,2376.519169423209
Armenia,1998,2239.427583220003
Armenia,1997,2039.7883227281568
Armenia,1996,1921.549989068926
Armenia,1995,1766.9101475377522
Armenia,1994,1591.478835101742
Armenia,1993,1440.3936776673097
Armenia,1992,1491.6126716851488
Armenia,1991,2476.603092125277
Armenia,1990,2760.2495001338325
Australia,2023,70340.21716222304
Australia,2022,65834.78489283574
Australia,2021,58145.55136417153
Australia,2020,53984.12469790749
Australia,2019,52673.06381762308
Australia,2018,50183.689812763376
Australia,2017,48371.1409956585
Australia,2016,47260.15299337473
Australia,2015,46263.731388771994
Australia,2014,46903.77030413898
Australia,2013,45930.85050815034
Australia,2012,42863.348316994525
Australia,2011,42022.7392158859
Australia,2010,39372.85110385423
Australia,2009,40312.39511869452
Australia,2008,37532.99904341326
Australia,2007,36653.84171794429
Australia,2006,34846.715630241844
Australia,2005,33036.583477024884
Australia,2004,31763.796092685396
Australia,2003,30121.81841773372
Australia,2002,29032.49095558881
Australia,2001,27645.81402897013
Australia,2000,26541.6653208437
Australia,1999,25485.391445939993
Australia,1998,24378.245310924452
Australia,1997,23124.963911723324
Australia,1996,22132.19290343562
Australia,1995,21038.666785302215
Australia,1994,20170.7847643535
Australia,1993,19216.306648767622
Australia,1992,18253.969760081414
Australia,1991,17835.83045647655
Australia,1990,17381.225272482283
Austria,2023,70296.66076415565
Austria,2022,70675.5146633219
Austria,2021,62912.17411405953
Austria,2020,58523.033781624414
Austria,2019,60354.9279422121
Austria,2018,56636.49530305386
Austria,2017,53869.832118355465
Austria,2016,52397.86351766728
Austria,2015,49562.59392579865
Austria,2014,48355.497762440704
Austria,2013,47519.852279657134
Austria,2012,46156.48320730371
Austria,2011,44171.5618687028
Austria,2010,41740.11492417584
Austria,2009,40665.504660501865
Austria,2008,41046.79003521116
Austria,2007,39193.81736409769
Austria,2006,37396.03509608662
Austria,2005,34776.66995352181
Austria,2004,33523.02049682828
Austria,2003,31962.92553310646
Austria,2002,30952.170823239823
Austria,2001,29556.40356004898
Austria,2000,29214.73864848129
Austria,1999,27500.08495453397
Austria,1998,26529.181568318774
Austria,1997,25294.723885165007
Austria,1996,24417.664296890016
Austria,1995,23588.456299075715
Austria,1994,22538.07426573821
Austria,1993,21632.31867480836
Austria,1992,21194.757397252353
Austria,1991,20522.18551490931
Austria,1990,19382.966474791436
Azerbaijan,2023,23597.837862175715
Azerbaijan,2022,22552.114937879032
Azerbaijan,2021,20111.37569521088
Azerbaijan,2020,15163.570332728228
Azerbaijan,2019,16675.31793615578
Azerbaijan,2018,15282.999523229812
Azerbaijan,2017,14315.929643106028
Azerbaijan,2016,14535.802021063304
Azerbaijan,2015,15075.272634791105
Azerbaijan,2014,17563.61224543851
Azerbaijan,2013,17267.511891953738
Azerbaijan,2012,15994.146650183631
Azerbaijan,2011,14804.574450791106
Azerbaijan,2010,14680.874144623058
Azerbaijan,2009,13972.730905238172
Azerbaijan,2008,12972.442712952125
Azerbaijan,2007,11734.76418648615
Azerbaijan,2006,9244.406455209974
Azerbaijan,2005,6741.200964711324
Azerbaijan,2004,5160.472625325776
Azerbaijan,2003,4640.134372906131
Azerbaijan,2002,4160.21616652063
Azerbaijan,2001,3771.270579393898
Azerbaijan,2000,3382.08308668081
Azerbaijan,1999,3001.305342518654
Azerbaijan,1998,2779.8069874417556
Azerbaijan,1997,2522.8437304076497
Azerbaijan,1996,2366.839809394217
Azerbaijan,1995,2317.7927988384745
Azerbaijan,1994,2603.8343864201493
Azerbaijan,1993,3217.9458748016896
Azerbaijan,1992,4150.126860443493
Azerbaijan,1991,5322.301561551421
Azerbaijan,1990,5253.928344414001
Bahrain,2023,63497.61693623331
Bahrain,2022,61562.14148378226
Bahrain,2021,54954.67578955323
Bahrain,2020,53436.03169997117
Bahrain,2019,56599.52143644114
Bahrain,2018,51993.13078186518
Bahrain,2017,50184.500576730126
Bahrain,2016,47428.90189076494
Bahrain,2015,48034.246888050344
Bahrain,2014,54299.05646132279
Bahrain,2013,56310.311745818915
Bahrain,2012,56712.56926561531
Bahrain,2011,52677.45111906679
Bahrain,2010,49254.57700794356
Bahrain,2009,48625.65683141057
Bahrain,2008,50330.32465125571
Bahrain,2007,49347.49449406695
Bahrain,2006,48009.49199348935
Bahrain,2005,47268.27214174142
Bahrain,2004,46317.028248490264
Bahrain,2003,45426.934859307476
Bahrain,2002,45091.489394382195
Bahrain,2001,46161.57581776104
Bahrain,2000,45687.522001808095
Bahrain,1999,43560.53772485584
Bahrain,1998,42281.29489593521
Bahrain,1997,40965.345740234225
Bahrain,1996,40105.8474937258
Bahrain,1995,38839.43639661567
Bahrain,1994,37579.16883532865
Bahrain,1993,37869.50486775794
Bahrain,1992,33648.22709904677
Bahrain,1991,31657.36418808376
Bahrain,1990,26902.061144721345
Bangladesh,2023,9147.77750665547
Bangladesh,2022,8450.549025339436
Bangladesh,2021,7441.069139612541
Bangladesh,2020,6640.584373310621
Bangladesh,2019,6047.124015041252
Bangladesh,2018,5490.158818651793
Bangladesh,2017,4882.606926156391
Bangladesh,2016,4579.13228682862
Bangladesh,2015,4212.235780894276
Bangladesh,2014,3972.5064773349054
Bangladesh,2013,3691.1043110211663
Bangladesh,2012,3434.2781509044744
Bangladesh,2011,3051.269832718111
Bangladesh,2010,2833.6954436610104
Bangladesh,2009,2675.2594592802666
Bangladesh,2008,2554.8578823460707
Bangladesh,2007,2388.1002515674745
Bangladesh,2006,2195.29485455883
Bangladesh,2005,2019.738395610923
Bangladesh,2004,1861.5125628779183
Bangladesh,2003,1746.127257808086
Bangladesh,2002,1658.8023093423672
Bangladesh,2001,1597.5874060749356
Bangladesh,2000,1511.905005890794
Bangladesh,1999,1429.9864524928832
Bangladesh,1998,1372.9538393713208
Bangladesh,1997,1315.469233257702
Bangladesh,1996,1260.754895228947
Bangladesh,1995,1206.3664670009316
Bangladesh,1994,1145.1101660587271
Bangladesh,1993,1099.3858880426942
Bangladesh,1992,1044.8918860901213
Bangladesh,1991,987.3131994777012
Bangladesh,1990,940.6544708006596
Barbados,2023,21336.157555301517
Barbados,2022,19786.361515620803
Barbados,2021,15683.884712809597
Barbados,2020,15824.491066139995
Barbados,2019,18760.370012993764
Barbados,2018,18551.16864911292
Barbados,2017,17898.899455127445
Barbados,2016,18013.673441590512
Barbados,2015,17804.749003836652
Barbados,2014,17752.517724070447
Barbados,2013,18004.669120299306
Barbados,2012,17936.993725974557
Barbados,2011,19165.010128762515
Barbados,2010,18977.54267965762
Barbados,2009,19253.26870124217
Barbados,2008,20250.114174819377
Barbados,2007,19846.04223545315
Barbados,2006,19019.133676311827
Barbados,2005,17478.130219162766
Barbados,2004,16387.82599298387
Barbados,2003,15826.663484356612
Barbados,2002,15283.41187186194
Barbados,2001,15030.006834071291
Barbados,2000,15075.950942636591
Barbados,1999,14089.915253368656
Barbados,1998,13851.245446763263
Barbados,1997,13207.178009515985
Barbados,1996,12400.822387996328
Barbados,1995,11723.094036448774
Barbados,1994,11273.682940161856
Barbados,1993,10845.006339014051
Barbados,1992,10541.23244291355
Barbados,1991,10966.138826110264
Barbados,1990,11071.647973422085
Belarus,2023,30763.019821595743
Belarus,2022,28429.494881453407
Belarus,2021,27611.18011351555
Belarus,2020,24872.339899371054
Belarus,2019,22301.576688637622
Belarus,2018,20026.030669869942
Belarus,2017,18413.71273771971
Belarus,2016,17832.477885581473
Belarus,2015,18133.56962888884
Belarus,2014,19037.820953059854
Belarus,2013,19014.0529737697
Belarus,2012,18114.75086067073
Belarus,2011,16563.201407820874
Belarus,2010,15339.099902490843
Belarus,2009,14034.19112074896
Belarus,2008,13886.131404818329
Belarus,2007,12320.024025771974
Belarus,2006,10994.598128337138
Belarus,2005,9636.891124076956
Belarus,2004,8482.920201738567
Belarus,2003,7361.721616015163
Belarus,2002,6697.154363922753
Belarus,2001,6238.098629931937
Belarus,2000,5795.652241826294
Belarus,1999,5331.41743687119
Belarus,1998,5061.334990203987
Belarus,1997,4596.486159638594
Belarus,1996,4039.3404241028406
Belarus,1995,3845.7068163535937
Belarus,1994,4190.323893243763
Belarus,1993,4640.856639412106
Belarus,1992,4917.121151749643
Belarus,1991,5329.797816340079
Belarus,1990,5220.474730930233
Belgium,2023,68894.39120319007
Belgium,2022,68080.35189348632
Belgium,2021,60611.52713501266
Belgium,2020,56120.095842046554
Belgium,2019,56712.46957197816
Belgium,2018,52466.733078459896
Belgium,2017,50256.06317727839
Belgium,2016,48414.55180656812
Belgium,2015,46084.24245517168
Belgium,2014,45147.64295340567
Belgium,2013,43864.120419683815
Belgium,2012,42483.525066678776
Belgium,2011,41244.84950352129
Belgium,2010,39844.40543864959
Belgium,2009,37885.90591256016
Belgium,2008,37883.331941781944
Belgium,2007,36799.53186863432
Belgium,2006,35258.98506320303
Belgium,2005,33177.89094581582
Belgium,2004,32063.98269498654
Belgium,2003,30934.582645457747
Belgium,2002,30282.288645028253
Belgium,2001,28796.57958044622
Belgium,2000,27788.090883225625
Belgium,1999,25440.841188863844
Belgium,1998,24368.757408823894
Belgium,1997,23727.89752081926
Belgium,1996,22736.75806859853
Belgium,1995,22431.459360451005
Belgium,1994,21504.011773890023
Belgium,1993,20459.18914783726
Belgium,1992,20258.54744614424
Belgium,1991,19587.8553500426
Belgium,1990,18675.31219479845
Belize,2023,13823.437951375803
Belize,2022,13465.980706986127
Belize,2021,11677.46100951715
Belize,2020,9618.016435299944
Belize,2019,10531.32343986264
Belize,2018,9527.709140052551
Belize,2017,9121.74716397996
Belize,2016,9401.532939600183
Belize,2015,9538.190541426142
Belize,2014,9489.94683154866
Belize,2013,9514.403542855429
Belize,2012,9266.091461456985
Belize,2011,9697.853439036033
Belize,2010,9734.89239719758
Belize,2009,9744.230205114194
Belize,2008,9985.978815597617
Belize,2007,10242.847558529736
Belize,2006,9924.68920121382
Belize,2005,9480.480681687024
Belize,2004,9258.882961206487
Belize,2003,8863.005407765677
Belize,2002,8165.866018581359
Belize,2001,7863.517144729821
Belize,2000,7555.134334193384
Belize,1999,6800.701347476021
Belize,1998,6342.855848529876
Belize,1997,6252.020013416669
Belize,1996,6096.384372061125
Belize,1995,6100.0704882725095
Belize,1994,6081.740728269238
Belize,1993,6083.967779984959
Belize,1992,5714.30621399446
Belize,1991,5060.510706059349
Belize,1990,4473.902908954394
Benin,2023,4129.979414932951
Benin,2022,3844.164933825845
Benin,2021,3464.2886286745
Benin,2020,3244.58772756805
Benin,2019,3148.979695978385
Benin,2018,2965.306281436642
Benin,2017,2885.8938398772107
Benin,2016,2842.0246258376046
Benin,2015,2725.3372481714405
Benin,2014,2670.4156139918723
Benin,2013,2511.653095883325
Benin,2012,2346.0841620454694
Benin,2011,2264.8418692638443
Benin,2010,2220.32854609324
Benin,2009,2213.328956218366
Benin,2008,2215.3516385597777
Benin,2007,2135.537878704932
Benin,2006,2020.605677300184
Benin,2005,1945.56414050042
Benin,2004,1915.3464434878535
Benin,2003,1841.602972823036
Benin,2002,1799.8826963913828
Benin,2001,1745.9825622010974
Benin,2000,1671.3572517311502
Benin,1999,1592.1378213659489
Benin,1998,1537.143825554728
Benin,1997,1507.9241539656384
Benin,1996,1443.9677128194378
Benin,1995,1395.2664443816905
Benin,1994,1316.2443253585589
Benin,1993,1311.344493393772
Benin,1992,1265.2524187017434
Benin,1991,1239.2249973844805
Benin,1990,1186.1160689779056
Bhutan,2022,15063.810569783253
Bhutan,2021,13458.812664292547
Bhutan,2020,12475.048004696397
Bhutan,2019,12909.10098322316
Bhutan,2018,11969.561497305844
Bhutan,2017,11677.414268679408
Bhutan,2016,11273.282379866563
Bhutan,2015,10213.813963043833
Bhutan,2014,9323.394489827177
Bhutan,2013,8666.910636400171
Bhutan,2012,8577.407319331896
Bhutan,2011,7935.467612032486
Bhutan,2010,7245.772638775501
Bhutan,2009,6466.097448794766
Bhutan,2008,6035.217410030706
Bhutan,2007,5728.915698007923
Bhutan,2006,4860.270174502825
Bhutan,2005,4523.35970452719
Bhutan,2004,4172.782169575402
Bhutan,2003,3942.2814481390433
Bhutan,2002,3662.809069651188
Bhutan,2001,3338.4924721412317
Bhutan,2000,3113.045439631619
Bhutan,1999,3017.4887627040157
Bhutan,1998,2818.99572748529
Bhutan,1997,2682.5947836526634
Bhutan,1996,2547.838123385739
Bhutan,1995,2373.5684680612
Bhutan,1994,2145.7456691181033
Bhutan,1993,2001.134673931759
Bhutan,1992,1840.090349083784
Bhutan,1991,1656.8417379999769
Bhutan,1990,1637.8718123647654
Bolivia,2023,10925.273051670554
Bolivia,2022,10371.962904094698
Bolivia,2021,9454.198147263478
Bolivia,2020,8293.991211844414
Bolivia,2019,9174.445634563355
Bolivia,2018,8952.587852831251
Bolivia,2017,8510.266855561516
Bolivia,2016,7547.903767781264
Bolivia,2015,7152.0446500867065
Bolivia,2014,7047.201529253392
Bolivia,2013,6589.671455437988
Bolivia,2012,5866.984141684447
Bolivia,2011,5388.512934775899
Bolivia,2010,5100.527572331108
Bolivia,2009,4919.810318613847
Bolivia,2008,4810.278582867865
Bolivia,2007,4521.679319959595
Bolivia,2006,4282.871647544355
Bolivia,2005,4032.7263979540808
Bolivia,2004,3808.218003832149
Bolivia,2003,3620.3377218649903
Bolivia,2002,3514.9142625897025
Bolivia,2001,3434.1441563546437
Bolivia,2000,3359.095105410901
Bolivia,1999,3259.829448149989
Bolivia,1998,3257.0491316313996
Bolivia,1997,3121.245298509896
Bolivia,1996,2976.766350400417
Bolivia,1995,2853.3941026013217
Bolivia,1994,2720.803788485385
Bolivia,1993,2594.87737375554
Bolivia,1992,2479.7102882232393
Bolivia,1991,2434.3470963923364
Bolivia,1990,2284.0126831833436
Bosnia and Herzegovina,2023,22391.097844669785
Bosnia and Herzegovina,2022,21099.487912572426
Bosnia and Herzegovina,2021,18270.33517795125
Bosnia and Herzegovina,2020,16369.929462280816
Bosnia and Herzegovina,2019,16428.72166537858
Bosnia and Herzegovina,2018,14858.59359271334
Bosnia and Herzegovina,2017,13627.13533172357
Bosnia and Herzegovina,2016,12899.382137387178
Bosnia and Herzegovina,2015,11848.644882683671
Bosnia and Herzegovina,2014,11167.867488123258
Bosnia and Herzegovina,2013,10808.311746360529
Bosnia and Herzegovina,2012,10121.15564283019
Bosnia and Herzegovina,2011,9761.51519578686
Bosnia and Herzegovina,2010,9086.748535159846
Bosnia and Herzegovina,2009,8693.618397468947
Bosnia and Herzegovina,2008,8586.77804781181
Bosnia and Herzegovina,2007,7686.4139346004995
Bosnia and Herzegovina,2006,6870.506527975202
Bosnia and Herzegovina,2005,5955.839206906499
Bosnia and Herzegovina,2004,5408.161504748432
Bosnia and Herzegovina,2003,4917.86402408479
Bosnia and Herzegovina,2002,4664.685120720001
Bosnia and Herzegovina,2001,4307.123118175152
Bosnia and Herzegovina,2000,4147.038135094009
Bosnia and Herzegovina,1999,3874.341356254291
Bosnia and Herzegovina,1998,3523.0824656942223
Bosnia and Herzegovina,1997,3040.395372902183
Bosnia and Herzegovina,1996,2268.080538421266
Bosnia and Herzegovina,1995,1506.5085305119585
Bosnia and Herzegovina,1994,1269.0276421184954
Bosnia and Herzegovina,1993,1066.7619924378675
Bosnia and Herzegovina,1992,982.2480422933346
Bosnia and Herzegovina,1991,974.9252235289748
Bosnia and Herzegovina,1990,1042.545319620786
Botswana,2023,20916.401545730125
Botswana,2022,19977.65085342672
Botswana,2021,17961.35762184573
Botswana,2020,15292.302842019872
Botswana,2019,15960.01561439028
Botswana,2018,15785.819633780991
Botswana,2017,15700.665047964108
Botswana,2016,16228.1231235664
Botswana,2015,14143.694073372764
Botswana,2014,15003.319751834926
Botswana,2013,13341.177006200443
Botswana,2012,12474.79251212696
Botswana,2011,13355.160841123565
Botswana,2010,12491.158084084442
Botswana,2009,11445.712798180572
Botswana,2008,13526.173643057917
Botswana,2007,13113.231845591856
Botswana,2006,12304.451224868772
Botswana,2005,11222.446015980897
Botswana,2004,10595.548545408468
Botswana,2003,10223.955024962426
Botswana,2002,9752.83566344882
Botswana,2001,9225.95858080616
Botswana,2000,9187.351864800044
Botswana,1999,8998.58735589737
Botswana,1998,8267.583392674122
Botswana,1997,8321.924871303569
Botswana,1996,7727.988139841511
Botswana,1995,7348.390893013195
Botswana,1994,6903.476051428492
Botswana,1993,6705.818633765331
Botswana,1992,6614.072311157256
Botswana,1991,6462.664268843873
Botswana,1990,5978.019273369266
Brazil,2023,21107.28210337913
Brazil,2022,19876.85335468866
Brazil,2021,18075.706006310756
Brazil,2020,16101.618305077032
Brazil,2019,16069.838016350051
Brazil,2018,15463.742639609723
Brazil,2017,14559.048889479393
Brazil,2016,14309.20614732971
Brazil,2015,14821.438318194989
Brazil,2014,15827.308162551404
Brazil,2013,15722.333525469756
Brazil,2012,15198.086332124793
Brazil,2011,15211.79203951294
Brazil,2010,14451.715839152996
Brazil,2009,13390.683131834196
Brazil,2008,13445.24546996128
Brazil,2007,12672.505116115266
Brazil,2006,11750.531244016693
Brazil,2005,11081.247473701034
Brazil,2004,10525.711378708009
Brazil,2003,9801.962124788652
Brazil,2002,9616.594855208696
Brazil,2001,9303.645291832105
Brazil,2000,9091.768513967145
Brazil,1999,8634.60784573779
Brazil,1998,8598.805692516822
Brazil,1997,8601.60903055747
Brazil,1996,8300.634141752183
Brazil,1995,8096.911491728335
Brazil,1994,7727.24541732654
Brazil,1993,7259.988857137202
Brazil,1992,6869.410005561918
Brazil,1991,6866.630381033521
Brazil,1990,6687.922948339046
Brunei Darussalam,2023,85267.55304985048
Brunei Darussalam,2022,81801.74590827925
Brunei Darussalam,2021,78248.79711014537
Brunei Darussalam,2020,69787.96333936049
Brunei Darussalam,2019,69353.6798666178
Brunei Darussalam,2018,65148.826452038214
Brunei Darussalam,2017,61657.680280974426
Brunei Darussalam,2016,56679.51857513062
Brunei Darussalam,2015,62707.82635824275
Brunei Darussalam,2014,81225.54847817695
Brunei Darussalam,2013,83237.14709182378
Brunei Darussalam,2012,87256.0422331538
Brunei Darussalam,2011,82735.39148388938
Brunei Darussalam,2010,79542.67787561205
Brunei Darussalam,2009,77957.14425640347
Brunei Darussalam,2008,80476.72489095993
Brunei Darussalam,2007,83693.3213426106
Brunei Darussalam,2006,86114.33721970565
Brunei Darussalam,2005,81534.1716607374
Brunei Darussalam,2004,80403.75792764107
Brunei Darussalam,2003,79632.17219626806
Brunei Darussalam,2002,76838.17585884326
Brunei Darussalam,2001,74253.88171612432
Brunei Darussalam,2000,73086.93198455789
Brunei Darussalam,1999,70584.60970880279
Brunei Darussalam,1998,68256.86997179604
Brunei Darussalam,1997,73980.4113416979
Brunei Darussalam,1996,70007.64124404374
Brunei Darussalam,1995,70440.02191153719
Brunei Darussalam,1994,69778.57688752208
Brunei Darussalam,1993,69387.25635330388
Brunei Darussalam,1992,70015.77111907143
Brunei Darussalam,1991,72609.80623561761
Brunei Darussalam,1990,70200.74061765613
Bulgaria,2023,37410.78004151641
Bulgaria,2022,34826.646721306235
Bulgaria,2021,29278.79498058165
Bulgaria,2020,25863.34414810139
Bulgaria,2019,25434.848873265735
Bulgaria,2018,22977.7790501903
Bulgaria,2017,21457.92497257922
Bulgaria,2016,20065.688407077618
Bulgaria,2015,18390.96423499888
Bulgaria,2014,17616.348565719156
Bulgaria,2013,16649.400864382602
Bulgaria,2012,16327.28773713652
Bulgaria,2011,15747.4201648316
Bulgaria,2010,14955.915778827515
Bulgaria,2009,14180.728070565265
Bulgaria,2008,14346.875879501416
Bulgaria,2007,12822.313048948809
Bulgaria,2006,11408.049515587463
Bulgaria,2005,10291.445877620312
Bulgaria,2004,9201.739738405344
Bulgaria,2003,8417.470733158792
Bulgaria,2002,7786.421745301975
Bulgaria,2001,6961.039968343281
Bulgaria,2000,6422.789329264799
Bulgaria,1999,5807.813190813722
Bulgaria,1998,6177.635605138132
Bulgaria,1997,5749.364608391298
Bulgaria,1996,6846.442882840041
Bulgaria,1995,7737.756817361229
Bulgaria,1994,7335.235046480555
Bulgaria,1993,7029.738724725453
Bulgaria,1992,6914.765040592583
Bulgaria,1991,7213.047829559748
Bulgaria,1990,7545.585203275992
Burkina Faso,2023,2754.713465434246
Burkina Faso,2022,2641.870112769691
Burkina Faso,2021,2486.4309314776174
Burkina Faso,2020,2380.722827818022
Burkina Faso,2019,2232.1628201658523
Burkina Faso,2018,2073.3235382155035
Burkina Faso,2017,2042.4029525991664
Burkina Faso,2016,1881.7589313440665
Burkina Faso,2015,1691.5793538740809
Burkina Faso,2014,1661.3177379375693
Burkina Faso,2013,1642.8921312577647
Burkina Faso,2012,1571.8388447731454
Burkina Faso,2011,1531.3433824398164
Burkina Faso,2010,1449.422163815085
Burkina Faso,2009,1359.692249079334
Burkina Faso,2008,1351.36041566959
Burkina Faso,2007,1290.499510154741
Burkina Faso,2006,1244.0024384142323
Burkina Faso,2005,1171.7643231823042
Burkina Faso,2004,1079.000091441055
Burkina Faso,2003,1037.8379937376733
Burkina Faso,2002,973.9839333812644
Burkina Faso,2001,947.9193746357712
Burkina Faso,2000,896.4774815122104
Burkina Faso,1999,886.4340906350247
Burkina Faso,1998,838.0793553048156
Burkina Faso,1997,793.9708414151692
Burkina Faso,1996,753.3091667485223
Burkina Faso,1995,683.6391515523359
Burkina Faso,1994,649.8424075826936
Burkina Faso,1993,644.0354643637515
Burkina Faso,1992,623.3849952683872
Burkina Faso,1991,623.2680017270926
Burkina Faso,1990,566.944147268755
Burundi,2023,919.9066462356394
Burundi,2022,888.5181583869276
Burundi,2021,836.6655713378286
Burundi,2020,786.5158306746484
Burundi,2019,779.1979906533633
Burundi,2018,753.4555160661947
Burundi,2017,761.2692572212898
Burundi,2016,771.9874337175411
Burundi,2015,797.4262344068833
Burundi,2014,724.3603574913845
Burundi,2013,687.3659200777057
Burundi,2012,638.8731816330085
Burundi,2011,628.6676779826371
Burundi,2010,613.6498489502115
Burundi,2009,604.3678509252921
Burundi,2008,608.6704383009256
Burundi,2007,593.4637559398475
Burundi,2006,579.5713213120658
Burundi,2005,552.9177672936665
Burundi,2004,551.4323525906541
Burundi,2003,531.6874052626065
Burundi,2002,544.7944965030772
Burundi,2001,528.3111615338125
Burundi,2000,519.115060397164
Burundi,1999,522.7524758190602
Burundi,1998,533.3456920963681
Burundi,1997,513.2123491356718
Burundi,1996,512.6244636376431
Burundi,1995,547.5608126215105
Burundi,1994,618.3740882537336
Burundi,1993,633.6631992904255
Burundi,1992,639.7262168665682
Burundi,1991,635.9966695027939
Burundi,1990,598.1641844431409
Côte d'Ivoire,2023,7197.690104362001
Côte d'Ivoire,2022,6707.947951521398
Côte d'Ivoire,2021,6045.204804908794
Côte d'Ivoire,2020,5543.850963189389
Côte d'Ivoire,2019,5516.3905512682895
Côte d'Ivoire,2018,4945.625205759153
Côte d'Ivoire,2017,4690.178018610959
Côte d'Ivoire,2016,4530.6484980848745
Côte d'Ivoire,2015,4403.642966189985
Côte d'Ivoire,2014,4074.2144553978937
Côte d'Ivoire,2013,3619.0179085486498
Côte d'Ivoire,2012,3290.723069494571
Côte d'Ivoire,2011,3175.9192237075954
Côte d'Ivoire,2010,3360.544088227785
Côte d'Ivoire,2009,3176.6324242209103
Côte d'Ivoire,2008,3115.8378918273206
Côte d'Ivoire,2007,2984.5347215705056
Côte d'Ivoire,2006,2941.8214116206373
Côte d'Ivoire,2005,2841.8230879488106
Côte d'Ivoire,2004,2794.173257228732
Côte d'Ivoire,2003,2701.7416848554703
Côte d'Ivoire,2002,2851.0304135626307
Côte d'Ivoire,2001,2961.762872613492
Côte d'Ivoire,2000,3040.575931858371
Côte d'Ivoire,1999,3064.7994478825167
Côte d'Ivoire,1998,3086.1276638887825
Côte d'Ivoire,1997,3039.524738877612
Côte d'Ivoire,1996,2831.79903714124
Côte d'Ivoire,1995,2683.3209761688777
Côte d'Ivoire,1994,2550.992224420981
Côte d'Ivoire,1993,2576.9934015063895
Côte d'Ivoire,1992,2624.524222600505
Côte d'Ivoire,1991,2677.074720094723
Côte d'Ivoire,1990,2693.361465896035
Cabo Verde,2023,10308.679167462764
Cabo Verde,2022,9481.073354056089
Cabo Verde,2021,7685.419213936686
Cabo Verde,2020,6852.576699303546
Cabo Verde,2019,8645.75646859343
Cabo Verde,2018,7916.421153261741
Cabo Verde,2017,7935.76176281072
Cabo Verde,2016,7350.753587267269
Cabo Verde,2015,6773.486799693858
Cabo Verde,2014,6416.833011509767
Cabo Verde,2013,6367.280013225015
Cabo Verde,2012,6318.061087233644
Cabo Verde,2011,6384.228440904148
Cabo Verde,2010,6038.585256497781
Cabo Verde,2009,5900.66086531882
Cabo Verde,2008,6010.851368378003
Cabo Verde,2007,5566.769490931702
Cabo Verde,2006,4758.377049846009
Cabo Verde,2005,4324.202324496304
Cabo Verde,2004,3968.65691709069
Cabo Verde,2003,3551.4638434578133
Cabo Verde,2002,3388.4481445159513
Cabo Verde,2001,3216.646511826267
Cabo Verde,2000,3124.494883555109
Cabo Verde,1999,2714.0965600746836
Cabo Verde,1998,2443.0365560203195
Cabo Verde,1997,2181.781400931877
Cabo Verde,1996,1962.921025059132
Cabo Verde,1995,1762.1588839057235
Cabo Verde,1994,1540.217583414979
Cabo Verde,1993,1291.310531351987
Cabo Verde,1992,1185.5808788334446
Cabo Verde,1991,1068.867384874564
Cabo Verde,1990,1044.4575244195842
Cambodia,2023,7425.511790631192
Cambodia,2022,6917.070129124215
Cambodia,2021,6225.532654747405
Cambodia,2020,5942.453803739287
Cambodia,2019,6153.994395284272
Cambodia,2018,5616.980870233031
Cambodia,2017,5050.063566151128
Cambodia,2016,4748.124285215278
Cambodia,2015,4433.64393500572
Cambodia,2014,4117.78868309006
Cambodia,2013,3890.948412052207
Cambodia,2012,3583.482297394369
Cambodia,2011,3223.102093516378
Cambodia,2010,2988.504014365433
Cambodia,2009,2854.032883778744
Cambodia,2008,2768.792376132201
Cambodia,2007,2566.1475972867456
Cambodia,2006,2296.768578699263
Cambodia,2005,2038.1459862276145
Cambodia,2004,1769.7623502746696
Cambodia,2003,1597.8822644492334
Cambodia,2002,1442.46481429555
Cambodia,2001,1357.4261110036746
Cambodia,2000,1255.6403784256793
Cambodia,1999,1134.1646401197988
Cambodia,1998,1009.3476157176644
Cambodia,1997,993.6373453932216
Cambodia,1996,1006.0903245912324
Cambodia,1995,1005.876095371262
Cambodia,1994,972.0563045023644
Cambodia,1993,1565.4298929608594
Cambodia,1992,1560.107713541999
Cambodia,1991,1504.3582944216407
Cambodia,1990,1409.7139168261274
Cameroon,2023,5405.574657428665
Cameroon,2022,5188.9775086608415
Cameroon,2021,4793.556282001956
Cameroon,2020,4365.447041283924
Cameroon,2019,4241.111749205922
Cameroon,2018,4010.763600695263
Cameroon,2017,3767.4307288382424
Cameroon,2016,3626.9993202857822
Cameroon,2015,3497.660675639586
Cameroon,2014,3422.261281583438
Cameroon,2013,3238.8682984373254
Cameroon,2012,3059.6422656825075
Cameroon,2011,2988.8172872551
Cameroon,2010,2913.9429275276498
Cameroon,2009,2878.95143887474
Cameroon,2008,2870.4410686198735
Cameroon,2007,2817.722281141217
Cameroon,2006,2704.437397940807
Cameroon,2005,2597.6803989021087
Cameroon,2004,2532.6474442739295
Cameroon,2003,2368.1011947534953
Cameroon,2002,2263.0551967390215
Cameroon,2001,2190.89640714648
Cameroon,2000,2108.494549600792
Cameroon,1999,2038.6637889534304
Cameroon,1998,1975.1559894332183
Cameroon,1997,1915.1176070656352
Cameroon,1996,1849.5065003802815
Cameroon,1995,1790.339149760827
Cameroon,1994,1751.685229673149
Cameroon,1993,1731.408731271144
Cameroon,1992,1890.0925309723093
Cameroon,1991,1962.5406377197412
Cameroon,1990,2031.90998837006
Canada,2023,63419.081740101225
Canada,2022,62707.94140299075
Canada,2021,56547.80056085608
Canada,2020,48590.6832121939
Canada,2019,50498.97310574482
Canada,2018,49982.5999118348
Canada,2017,48317.387445716515
Canada,2016,46470.64663911111
Canada,2015,44669.45136318384
Canada,2014,45758.10072973044
Canada,2013,44301.05625291326
Canada,2012,42291.972935709426
Canada,2011,41666.83745902785
Canada,2010,40098.253719113934
Canada,2009,38864.056695853826
Canada,2008,40376.0882836384
Canada,2007,39575.47700758761
Canada,2006,38119.390959354525
Canada,2005,36328.378994377046
Canada,2004,33927.66969525323
Canada,2003,32351.54569686976
Canada,2002,30963.921885668424
Canada,2001,30230.848768576154
Canada,2000,29362.084160978553
Canada,1999,27841.353349657475
Canada,1998,26319.674163510448
Canada,1997,25258.86056049478
Canada,1996,24050.175006217352
Canada,1995,23485.64192803954
Canada,1994,22632.834086308052
Canada,1993,21440.046985599052
Canada,1992,20626.20205858985
Canada,1991,20224.687331105637
Canada,1990,20229.755868162505
Central African Republic,2023,1259.8243997610164
Central African Republic,2022,1218.4342211474534
Central African Republic,2021,1128.5523799645855
Central African Republic,2020,1066.2900542315083
Central African Republic,2019,984.8431836788568
Central African Republic,2018,905.8177889410938
Central African Republic,2017,883.8107348760659
Central African Republic,2016,826.0133013831687
Central African Republic,2015,768.8708879991735
Central African Republic,2014,698.9637389230722
Central African Republic,2013,709.853481245446
Central African Republic,2012,1062.068099410489
Central African Republic,2011,980.1855209518516
Central African Republic,2010,936.4854973623358
Central African Republic,2009,877.2521311089507
Central African Republic,2008,797.6528061532423
Central African Republic,2007,783.3554452690901
Central African Republic,2006,743.2874801916795
Central African Republic,2005,702.4606245830959
Central African Republic,2004,690.4265140364204
Central African Republic,2003,648.1932153918008
Central African Republic,2002,688.1804510873413
Central African Republic,2001,668.4459392544321
Central African Republic,2000,639.8369970232651
Central African Republic,1999,659.5245630351423
Central African Republic,1998,645.1299944267565
Central African Republic,1997,626.0784538194384
Central African Republic,1996,600.772967871177
Central African Republic,1995,630.691681363119
Central African Republic,1994,592.1854375671904
Central African Republic,1993,570.2456378494892
Central African Republic,1992,573.1505892652758
Central African Republic,1991,618.1795179528717
Central African Republic,1990,620.3911764799585
Chad,2023,1863.9406212081603
Chad,2022,1808.838620231813
Chad,2021,1700.1669880613902
Chad,2020,1568.6005848842722
Chad,2019,1785.16732115453
Chad,2018,1633.6378888319366
Chad,2017,1571.069336001436
Chad,2016,1643.45900102802
Chad,2015,1788.1454856022206
Chad,2014,1638.9812137881925
Chad,2013,1530.0685081948743
Chad,2012,1683.1923850115447
Chad,2011,1742.2160166901065
Chad,2010,1766.8713490887972
Chad,2009,1591.4801707688132
Chad,2008,1572.9197252604122
Chad,2007,1550.801221796483
Chad,2006,1513.3049063932017
Chad,2005,1512.0074338961683
Chad,2004,1300.8713226445705
Chad,2003,991.184116982504
Chad,2002,881.8031747172987
Chad,2001,828.7192127486877
Chad,2000,750.7517195523021
Chad,1999,766.7034956248349
Chad,1998,788.4211045299735
Chad,1997,754.4984216712155
Chad,1996,726.6764694813306
Chad,1995,729.7688800896002
Chad,1994,737.8611067504315
Chad,1993,671.211558597245
Chad,1992,796.4331651128746
Chad,1991,752.2488360125591
Chad,1990,695.3912866407512
Chile,2023,32893.42796501005
Chile,2022,30944.635869463113
Chile,2021,29132.87798977509
Chile,2020,25350.863508297178
Chile,2019,25611.757826945843
Chile,2018,25305.090346261077
Chile,2017,24295.22376713044
Chile,2016,23256.503604689675
Chile,2015,22457.880061173342
Chile,2014,22553.616179362212
Chile,2013,22201.06606802953
Chile,2012,21366.177125964827
Chile,2011,20121.683420758534
Chile,2010,17917.895121855236
Chile,2009,15951.330487721469
Chile,2008,16375.964853653484
Chile,2007,16697.516021741594
Chile,2006,15510.77007400223
Chile,2005,12550.43480072787
Chile,2004,11612.399685294033
Chile,2003,10708.823647058189
Chile,2002,10133.40411418504
Chile,2001,9775.553235057996
Chile,2000,9375.590083927793
Chile,1999,8838.759171856182
Chile,1998,8850.491716119404
Chile,1997,8510.666985010295
Chile,1996,7895.436780844511
Chile,1995,7194.999039264094
Chile,1994,6426.142225690934
Chile,1993,5982.351655030067
Chile,1992,5492.869469399368
Chile,1991,4836.284282291946
Chile,1990,4405.914016318762
China,2023,24569.286511872593
China,2022,22509.63635141593
China,2021,20406.729658460514
China,2020,17891.480286997103
China,2019,17262.175903735508
China,2018,16006.913121000429
China,2017,14750.36583303786
China,2016,13882.028046207855
China,2015,13201.673828078245
China,2014,12700.444017392168
China,2013,12011.680585607914
China,2012,11233.972767878058
China,2011,10292.940478067503
China,2010,9256.10388205582
China,2009,8305.841100027066
China,2008,7583.348896201771
China,2007,6820.040846581416
China,2006,5843.353090989144
China,2005,5056.987525615944
China,2004,4427.657137739756
China,2003,3939.0188559060407
China,2002,3532.3156580344275
China,2001,3208.585838413541
China,2000,2917.6021545081994
China,1999,2650.5145238772147
China,1998,2448.650942879709
China,1997,2266.922351016435
China,1996,2061.0437010012065
China,1995,1860.6873080194805
China,1994,1660.4951205212396
China,1993,1454.624662129994
China,1992,1262.14112691821
China,1991,1093.6670345851255
China,1990,981.5092026381604
Colombia,2023,20675.75028651518
Colombia,2022,20643.293920348213
Colombia,2021,17352.08886818196
Colombia,2020,15519.210169465632
Colombia,2019,16181.590899066174
Colombia,2018,15239.404948827652
Colombia,2017,14400.6139849314
Colombia,2016,14026.839993105268
Colombia,2015,13332.055504821144
Colombia,2014,13355.362416219545
Colombia,2013,12779.886581831845
Colombia,2012,12093.075493917151
Colombia,2011,11707.46146247471
Colombia,2010,10841.127980025536
Colombia,2009,10367.348955799964
Colombia,2008,10307.064987719612
Colombia,2007,9909.290313887965
Colombia,2006,9154.089261752004
Colombia,2005,8432.333290685485
Colombia,2004,7909.34635165623
Colombia,2003,7420.460083589524
Colombia,2002,7108.823902845049
Colombia,2001,6934.882843084629
Colombia,2000,6775.93064419867
Colombia,1999,6543.86721151689
Colombia,1998,6853.841440291394
Colombia,1997,6861.091863408843
Colombia,1996,6638.839736328391
Colombia,1995,6505.565261938259
Colombia,1994,6173.636114639775
Colombia,1993,5826.183444238356
Colombia,1992,5509.3646489019275
Colombia,1991,5280.777797891587
Colombia,1990,5109.420000953436
Comoros,2023,3883.126475952326
Comoros,2022,3709.9000744369528
Comoros,2021,3441.2115558585756
Comoros,2020,3261.594967627454
Comoros,2019,3312.749570505441
Comoros,2018,3304.548451890249
Comoros,2017,3347.4565299748288
Comoros,2016,3139.0516074046536
Comoros,2015,2949.473422409941
Comoros,2014,2937.6119289498233
Comoros,2013,2832.5312154814414
Comoros,2012,2678.70262820601
Comoros,2011,2471.7872473150346
Comoros,2010,2372.413663344742
Comoros,2009,2303.9516441523397
Comoros,2008,2262.4992360180754
Comoros,2007,2177.9288480593286
Comoros,2006,2145.997073100903
Comoros,2005,2069.438077233682
Comoros,2004,1991.3884899718637
Comoros,2003,1939.133142432927
Comoros,2002,1898.644093315277
Comoros,2001,1866.1865357347936
Comoros,2000,1820.5457718615555
Comoros,1999,1637.134498839694
Comoros,1998,1612.2904219638915
Comoros,1997,1601.5259686361762
Comoros,1996,1539.6739712861754
Comoros,1995,1558.3842589388466
Comoros,1994,1498.996239176922
Comoros,1993,1577.0909893280889
Comoros,1992,1523.169698368766
Comoros,1991,1400.9589570052149
Comoros,1990,1467.7305364071285
Democratic Republic of the Congo,2023,6850.277706210926
Democratic Republic of the Congo,2022,6647.496817313924
Democratic Republic of the Congo,2021,6263.211612926363
Democratic Republic of the Congo,2020,4770.964497583653
Democratic Republic of the Congo,2019,5719.599773382912
Democratic Republic of the Congo,2018,5593.193705786856
Democratic Republic of the Congo,2017,4444.639002158245
Democratic Republic of the Congo,2016,4016.0490852531825
Democratic Republic of the Congo,2015,4715.134315816243
Democratic Republic of the Congo,2014,5733.18393561256
Democratic Republic of the Congo,2013,5833.863366514361
Democratic Republic of the Congo,2012,6058.0644941741175
Democratic Republic of the Congo,2011,5175.204390890355
Democratic Republic of the Congo,2010,5125.069913386469
Democratic Republic of the Congo,2009,4800.901598088313
Democratic Republic of the Congo,2008,4448.332617070957
Democratic Republic of the Congo,2007,4242.611268395902
Democratic Republic of the Congo,2006,4588.109248877836
Democratic Republic of the Congo,2005,4278.92538736364
Democratic Republic of the Congo,2004,3991.511247347733
Democratic Republic of the Congo,2003,3886.992067923168
Democratic Republic of the Congo,2002,3888.164023425672
Democratic Republic of the Congo,2001,3748.446749152697
Democratic Republic of the Congo,2000,3667.4248726690785
Democratic Republic of the Congo,1999,3463.8545297869605
Democratic Republic of the Congo,1998,3602.033519429269
Democratic Republic of the Congo,1997,3509.9988948570494
Democratic Republic of the Congo,1996,3547.2135394064726
Democratic Republic of the Congo,1995,3434.0678404826544
Democratic Republic of the Congo,1994,3326.9814001130317
Democratic Republic of the Congo,1993,3550.3857935968585
Democratic Republic of the Congo,1992,3607.671111914061
Democratic Republic of the Congo,1991,3536.080049979634
Democratic Republic of the Congo,1990,3436.7496979166303
Costa Rica,2023,28111.5894761283
Costa Rica,2022,25936.769412586684
Costa Rica,2021,23862.364871579342
Costa Rica,2020,22099.867812739423
Costa Rica,2019,23339.60913177869
Costa Rica,2018,21498.03507468363
Costa Rica,2017,20499.34421307783
Costa Rica,2016,19201.745323339597
Costa Rica,2015,17525.1404625145
Costa Rica,2014,16393.809542832332
Costa Rica,2013,15232.07715294966
Costa Rica,2012,14463.740444808696
Costa Rica,2011,13614.260399892411
Costa Rica,2010,12927.564592888924
Costa Rica,2009,12273.860395539545
Costa Rica,2008,12471.67231034263
Costa Rica,2007,11841.901171245674
Costa Rica,2006,10799.511402646698
Costa Rica,2005,9898.929193358566
Costa Rica,2004,9365.32775372372
Costa Rica,2003,8862.994120911806
Costa Rica,2002,8460.652295635255
Costa Rica,2001,8190.0744090628305
Costa Rica,2000,7879.477949679128
Costa Rica,1999,7563.244167081405
Costa Rica,1998,7306.038291203631
Costa Rica,1997,6890.1681929534825
Costa Rica,1996,6568.444186420337
Costa Rica,1995,6515.337094627109
Costa Rica,1994,6276.2495709455425
Costa Rica,1993,6025.465770421665
Costa Rica,1992,5635.082611524539
Costa Rica,1991,5174.632035666954
Costa Rica,1990,5020.6359407230975
Croatia,2023,45485.032983908386
Croatia,2022,41924.32543784258
Croatia,2021,36899.19559145212
Croatia,2020,31596.026486416897
Croatia,2019,33064.26939212615
Croatia,2018,29789.312108675706
Croatia,2017,27889.56660377633
Croatia,2016,25804.69991574121
Croatia,2015,23758.988163088114
Croatia,2014,22708.221491997658
Croatia,2013,22432.239638549432
Croatia,2012,21620.21265746413
Croatia,2011,21195.755764025696
Croatia,2010,20143.74955289813
Croatia,2009,20349.55163535002
Croatia,2008,21019.79798342803
Croatia,2007,19570.775583127423
Croatia,2006,17634.86555375506
Croatia,2005,15450.837211077403
Croatia,2004,14688.102908751349
Croatia,2003,13693.288508890277
Croatia,2002,12774.669520967858
Croatia,2001,11654.213527818196
Croatia,2000,10672.255998953478
Croatia,1999,9942.641666908006
Croatia,1998,9888.90637514599
Croatia,1997,9533.58913784242
Croatia,1996,8802.346487765248
Croatia,1995,8046.475222829402
Croatia,1994,7331.528067560258
Croatia,1993,6856.217851218422
Croatia,1992,7321.098986443938
Croatia,1991,7911.914132112793
Croatia,1990,9519.006924011735
Cyprus,2023,57065.87109375
Cyprus,2022,55972.41796875
Cyprus,2021,48740.36328125
Cyprus,2020,43354.08203125
Cyprus,2019,45116.68359375
Cyprus,2018,40925.5234375
Cyprus,2017,38415.109375
Cyprus,2016,35878.5
Cyprus,2015,31930.833984375
Cyprus,2014,30171.03125
Cyprus,2013,30451.755859375
Cyprus,2012,31923.98828125
Cyprus,2011,33406.11328125
Cyprus,2010,33505.8828125
Cyprus,2009,33883.72265625
Cyprus,2008,34830.15234375
Cyprus,2007,32889.08984375
Cyprus,2006,30015.19140625
Cyprus,2005,27763.203125
Cyprus,2004,25945.517578125
Cyprus,2003,24281.111328125
Cyprus,2002,23556.35546875
Cyprus,2001,22868.671875
Cyprus,2000,21291.2578125
Cyprus,1999,19662.7109375
Cyprus,1998,18758.634765625
Cyprus,1997,17777.359375
Cyprus,1996,17313.525390625
Cyprus,1995,17084.630859375
Cyprus,1994,15724.935546875
Cyprus,1993,14842.25390625
Cyprus,1992,14749.72265625
Cyprus,1991,13537.388671875
Cyprus,1990,13339.296875
Czechia,2023,53079.893609980725
Czechia,2022,51666.3927888807
Czechia,2021,47752.880147284486
Czechia,2020,44839.48220994562
Czechia,2019,45614.01711325313
Czechia,2018,41638.183107659774
Czechia,2017,39346.030564257235
Czechia,2016,36445.04857320645
Czechia,2015,34102.17698805803
Czechia,2014,32743.48977316901
Czechia,2013,31013.00829338312
Czechia,2012,29465.607401189383
Czechia,2011,29237.18709598468
Czechia,2010,28156.985472460092
Czechia,2009,27698.81061316626
Czechia,2008,27937.841568101976
Czechia,2007,26268.56531737988
Czechia,2006,23919.29270940882
Czechia,2005,22114.83630852016
Czechia,2004,20990.93282259872
Czechia,2003,19606.58938716002
Czechia,2002,18344.032942793787
Czechia,2001,17711.33552284802
Czechia,2000,16328.79792343952
Czechia,1999,15493.979668577787
Czechia,1998,15062.762044910549
Czechia,1997,14907.64045172253
Czechia,1996,14775.324305043972
Czechia,1995,13948.06198598098
Czechia,1994,12819.824812282912
Czechia,1993,12201.35068756574
Czechia,1992,11923.848770194158
Czechia,1991,11729.50982095272
Czechia,1990,12806.028359184062
Denmark,2023,73546.88883371145
Denmark,2022,77335.29961211866
Denmark,2021,69652.23300846627
Denmark,2020,62682.289947438905
Denmark,2019,60594.96640019123
Denmark,2018,57233.623168561535
Denmark,2017,55271.59760026619
Denmark,2016,51820.95213054884
Denmark,2015,48910.33243719005
Denmark,2014,47879.59555582332
Denmark,2013,46869.193288774935
Denmark,2012,44755.16242730184
Denmark,2011,44443.71638447256
Denmark,2010,43042.39463702105
Denmark,2009,40503.20463068214
Denmark,2008,41467.38618797774
Denmark,2007,39111.51902576163
Denmark,2006,37400.30752133335
Denmark,2005,34238.32181474373
Denmark,2004,33019.97729465643
Denmark,2003,30868.04561322233
Denmark,2002,30666.59676740218
Denmark,2001,29462.123290561784
Denmark,2000,28641.699043415552
Denmark,1999,26642.221558861747
Denmark,1998,25797.125622368152
Denmark,1997,24881.243595470536
Denmark,1996,23713.94518752547
Denmark,1995,22661.557684060812
Denmark,1994,21654.902568941605
Denmark,1993,20203.67593879074
Denmark,1992,19817.868707792797
Denmark,1991,19054.94217345536
Denmark,1990,18227.417105437555
Djibouti,2023,7103.691089846601
Djibouti,2022,6517.375893440386
Djibouti,2021,5947.8608837047905
Djibouti,2020,5599.100761260027
Djibouti,2019,5398.00419189126
Djibouti,2018,5083.114388867046
Djibouti,2017,4676.71336058903
Djibouti,2016,4431.565885561759
Djibouti,2015,4263.962888904554
Djibouti,2014,3967.671130545586
Djibouti,2013,3759.294719103362
Dominica,2023,19333.76460587224
Dominica,2022,17738.114488275754
Dominica,2021,15594.285345754506
Dominica,2020,13577.826654651964
Dominica,2019,15206.901156929374
Dominica,2018,13307.451499265033
Dominica,2017,11754.076609885791
Dominica,2016,12174.24349630986
Dominica,2015,11212.683514089313
Dominica,2014,10988.977647938458
Dominica,2013,10312.92686059156
Dominica,2012,10199.797100994674
Dominica,2011,10473.698431259829
Dominica,2010,10313.951017209723
Dominica,2009,10121.292774707796
Dominica,2008,10179.771878051575
Dominica,2007,9324.366643386242
Dominica,2006,8541.19870218583
Dominica,2005,7925.094921508411
Dominica,2004,7643.544797773704
Dominica,2003,7235.470231652935
Dominica,2002,6687.53713614823
Dominica,2001,6784.692651261855
Dominica,2000,6617.914224348474
Dominica,1999,6290.38406702666
Dominica,1998,6158.014955748024
Dominica,1997,5853.282212906451
Dominica,1996,5621.979122183818
Dominica,1995,5350.136404092635
Dominica,1994,5085.525692194783
Dominica,1993,4980.647631757883
Dominica,1992,4769.807943404882
Dominica,1991,4572.685455257098
Dominica,1990,4343.536732068252
Dominican Republic,2023,25624.009772421818
Dominican Republic,2022,24379.873351579772
Dominican Republic,2021,21912.25896140373
Dominican Republic,2020,19070.38117771347
Dominican Republic,2019,19721.360927265017
Dominican Republic,2018,18113.539179722047
Dominican Republic,2017,17043.872309821905
Dominican Republic,2016,16314.892095745934
Dominican Republic,2015,14845.410630846174
Dominican Republic,2014,13498.070929005657
Dominican Republic,2013,12439.061522387676
Dominican Republic,2012,11799.938201413885
Dominican Republic,2011,11711.114295164534
Dominican Republic,2010,11267.891852508948
Dominican Republic,2009,10408.033252720914
Dominican Republic,2008,10378.012721564695
Dominican Republic,2007,9987.773899615706
Dominican Republic,2006,9163.897090424922
Dominican Republic,2005,8245.232328999644
Dominican Republic,2004,7402.163695279544
Dominican Republic,2003,7124.952021269797
Dominican Republic,2002,7185.029280635152
Dominican Republic,2001,6873.183618393007
Dominican Republic,2000,6664.482135555431
Dominican Republic,1999,6328.3146243068495
Dominican Republic,1998,5986.418962259789
Dominican Republic,1997,5639.898216592035
Dominican Republic,1996,5181.357248865145
Dominican Republic,1995,4889.318544269886
Dominican Republic,1994,4616.98844275587
Dominican Republic,1993,4491.2495599604135
Dominican Republic,1992,4167.030273991925
Dominican Republic,1991,3737.224171510712
Dominican Republic,1990,3655.620967231329
Ecuador,2023,16062.016364834086
Ecuador,2022,15280.096372305028
Ecuador,2021,13539.710848479415
Ecuador,2020,11526.801180688422
Ecuador,2019,12543.014707817174
Ecuador,2018,12186.884721827337
Ecuador,2017,11793.4797426944
Ecuador,2016,10881.48907067323
Ecuador,2015,10877.750746138814
Ecuador,2014,11835.609127653775
Ecuador,2013,11295.612780441888
Ecuador,2012,10244.517781618391
Ecuador,2011,9768.692010804043
Ecuador,2010,8968.940408301996
Ecuador,2009,8662.106726949994
Ecuador,2008,8662.607362681369
Ecuador,2007,8112.44824461401
Ecuador,2006,7884.516935761415
Ecuador,2005,7457.465535979286
Ecuador,2004,6980.091263651244
Ecuador,2003,6475.065973382137
Ecuador,2002,6281.522151498494
Ecuador,2001,5998.875086225475
Ecuador,2000,5728.252498580264
Ecuador,1999,5637.916932535309
Ecuador,1998,5940.441975458564
Ecuador,1997,5792.649691239569
Ecuador,1996,5559.978153015414
Ecuador,1995,5469.148435142252
Ecuador,1994,5339.397261814526
Ecuador,1993,5112.218770595501
Ecuador,1992,4997.643632573517
Ecuador,1991,4886.94780854414
Ecuador,1990,4631.553258173959
Egypt,2023,18524.55721970307
Egypt,2022,17526.80170301664
Egypt,2021,15579.01608615512
Egypt,2020,15231.865417764044
Egypt,2019,13363.73269632299
Egypt,2018,12329.244678143592
Egypt,2017,11124.73510981492
Egypt,2016,10665.667649968467
Egypt,2015,10903.336823118483
Egypt,2014,10256.43675536159
Egypt,2013,10511.39316784946
Egypt,2012,10342.431711275389
Egypt,2011,8988.107818806533
Egypt,2010,8837.764500250882
Egypt,2009,8465.020524165902
Egypt,2008,8190.709131478196
Egypt,2007,7640.572285856577
Egypt,2006,7079.0280844044055
Egypt,2005,6554.128850875904
Egypt,2004,6207.124921687344
Egypt,2003,5928.079453396592
Egypt,2002,5752.697080693146
Egypt,2001,5650.051962130596
Egypt,2000,5451.515669929684
Egypt,1999,5121.002569196891
Egypt,1998,4868.720465940823
Egypt,1997,4661.079818535807
Egypt,1996,4434.464910645883
Egypt,1995,4234.713468345735
Egypt,1994,4048.022209428611
Egypt,1993,3894.940977495894
Egypt,1992,3783.80257067112
Egypt,1991,3626.741206761838
Egypt,1990,3566.034565259896
El Salvador,2023,12657.034062525374
El Salvador,2022,11858.07806418772
El Salvador,2021,10809.71339951796
El Salvador,2020,9392.689138179434
El Salvador,2019,9756.7521864595
El Salvador,2018,9203.762163107724
El Salvador,2017,8965.218908634504
El Salvador,2016,8455.616147739745
El Salvador,2015,7933.736978589991
El Salvador,2014,7503.711058119813
El Salvador,2013,7092.588521332975
El Salvador,2012,6708.390322462836
El Salvador,2011,6593.678068080219
El Salvador,2010,6247.91452710737
El Salvador,2009,6062.675719543728
El Salvador,2008,6174.691551446385
El Salvador,2007,5949.426406029787
El Salvador,2006,5694.52330870835
El Salvador,2005,5291.669622931146
El Salvador,2004,4997.593852642941
El Salvador,2003,4828.702970630195
El Salvador,2002,4671.553028271885
El Salvador,2001,4542.9258717276125
El Salvador,2000,4422.44510574937
El Salvador,1999,4297.5612921051115
El Salvador,1998,4171.275785844631
El Salvador,1997,4043.2304998949903
El Salvador,1996,3879.842697921177
El Salvador,1995,3807.7260375476153
El Salvador,1994,3590.8651557262942
El Salvador,1993,3390.367811543043
El Salvador,1992,3171.4253351913057
El Salvador,1991,2945.0486376070476
El Salvador,1990,2856.3383468070256
Equatorial Guinea,2023,17411.500234383937
Equatorial Guinea,2022,18139.989326627074
Equatorial Guinea,2021,16821.44864704129
Equatorial Guinea,2020,13677.110587516952
Equatorial Guinea,2019,16451.36414783244
Equatorial Guinea,2018,18413.129420457695
Equatorial Guinea,2017,18434.770857100368
Equatorial Guinea,2016,16649.47576723594
Equatorial Guinea,2015,19478.701012333764
Equatorial Guinea,2014,27177.27166502602
Equatorial Guinea,2013,27909.5175876754
Equatorial Guinea,2012,30011.927440962525
Equatorial Guinea,2011,27241.60003706027
Equatorial Guinea,2010,26167.826852272538
Equatorial Guinea,2009,29722.000563244597
Equatorial Guinea,2008,30522.778713786305
Equatorial Guinea,2007,26610.769121559733
Equatorial Guinea,2006,23511.398656542664
Equatorial Guinea,2005,22137.049779244284
Equatorial Guinea,2004,19354.212082398662
Equatorial Guinea,2003,14496.174411845182
Equatorial Guinea,2002,13254.823622197482
Equatorial Guinea,2001,11626.723116662251
Equatorial Guinea,2000,7420.393101127481
Equatorial Guinea,1999,6469.838741007519
Equatorial Guinea,1998,5280.390001532425
Equatorial Guinea,1997,4386.826261517451
Equatorial Guinea,1996,1793.1929680797853
Equatorial Guinea,1995,1098.254989155464
Equatorial Guinea,1994,950.7572557601844
Equatorial Guinea,1993,828.1638639116559
Equatorial Guinea,1992,756.0641096119822
Equatorial Guinea,1991,569.2825210044299
Equatorial Guinea,1990,577.3954786844512
Eritrea,2011,1742.32363018235
Eritrea,2010,1599.191061048973
Eritrea,2009,1576.742845998093
Eritrea,2008,1546.9274753327873
Eritrea,2007,1727.0934416997068
Eritrea,2006,1682.2389419543117
Eritrea,2005,1674.0700545203883
Eritrea,2004,1620.7640291451614
Eritrea,2003,1620.850930386562
Eritrea,2002,1701.6952368453651
Eritrea,2001,1683.684418587934
Eritrea,2000,1557.875802318243
Eritrea,1999,1597.1299223733413
Eritrea,1998,1598.0021947296543
Eritrea,1997,1573.125454678741
Eritrea,1996,1449.0548327815402
Eritrea,1995,1368.7787627987525
Eritrea,1994,1379.2454708758446
Eritrea,1993,1148.7620087574285
Eritrea,1992,1020.5688387213506
Estonia,2023,46669.28798760289
Estonia,2022,47761.86801853541
Estonia,2021,44211.55588162439
Estonia,2020,40672.13404021316
Estonia,2019,40586.378437888896
Estonia,2018,37120.987976167875
Estonia,2017,34506.64869425049
Estonia,2016,31947.776910743723
Estonia,2015,29720.591116167645
Estonia,2014,29403.658449481492
Estonia,2013,27831.152623421334
Estonia,2012,26242.528265901423
Estonia,2011,24652.3610297918
Estonia,2010,21616.712241846068
Estonia,2009,20478.252475283272
Estonia,2008,22803.519474227294
Estonia,2007,22201.354384926508
Estonia,2006,19348.386858978167
Estonia,2005,16638.077974939715
Estonia,2004,14539.97108411167
Estonia,2003,13136.718508319327
Estonia,2002,11666.664963848929
Estonia,2001,10309.997880742592
Estonia,2000,9422.497064919138
Estonia,1999,8412.066776473433
Estonia,1998,8450.519375236849
Estonia,1997,7977.916551167018
Estonia,1996,6889.298808866208
Estonia,1995,6475.401361850061
Estonia,1994,5962.614705976322
Estonia,1993,5809.8553588751365
Estonia,1992,5867.943872021313
Estonia,1991,7146.260555931374
Estonia,1990,7475.93117166932
Eswatini,2023,11245.149147111058
Eswatini,2022,10434.48134692576
Eswatini,2021,9846.207080437533
Eswatini,2020,9264.048585283548
Eswatini,2019,9203.851751353202
Eswatini,2018,8564.155571830057
Eswatini,2017,8536.024418870595
Eswatini,2016,8446.769806726516
Eswatini,2015,8326.565673321029
Eswatini,2014,8298.349415698274
Eswatini,2013,8148.048654048565
Eswatini,2012,7675.742114051323
Eswatini,2011,7426.173323160896
Eswatini,2010,7155.724137280745
Eswatini,2009,6851.4409905612365
Eswatini,2008,6747.630568370675
Eswatini,2007,6610.5936109007625
Eswatini,2006,6198.500069605242
Eswatini,2005,5701.588793542081
Eswatini,2004,5243.88646163659
Eswatini,2003,4957.82015639712
Eswatini,2002,4712.297041844436
Eswatini,2001,4480.903150672275
Eswatini,2000,4376.672159982452
Eswatini,1999,4249.08002701074
Eswatini,1998,4114.117368757469
Eswatini,1997,4016.418237897349
Eswatini,1996,3894.4819407864657
Eswatini,1995,3756.6203221718206
Eswatini,1994,3507.2731773061364
Eswatini,1993,3353.0796687146308
Eswatini,1992,3270.721538511549
Eswatini,1991,3218.064519004263
Eswatini,1990,3184.333511429534
Ethiopia,2023,3058.1280438763297
Ethiopia,2022,2844.9068352948375
Ethiopia,2021,2588.4129693103637
Ethiopia,2020,2406.789428789657
Ethiopia,2019,2242.444590251456
Ethiopia,2018,2095.317970386532
Ethiopia,2017,2004.747597459131
Ethiopia,2016,1857.5489312584205
Ethiopia,2015,1632.618180068367
Ethiopia,2014,1484.6314556660752
Ethiopia,2013,1252.868964080044
Ethiopia,2012,1178.974745530263
Ethiopia,2011,1098.1151572878682
Ethiopia,2010,995.6539785917556
Ethiopia,2009,899.1409017321247
Ethiopia,2008,844.9883799500353
Ethiopia,2007,770.2611551625279
Ethiopia,2006,692.8669076180989
Ethiopia,2005,624.5106924097472
Ethiopia,2004,557.8256348295611
Ethiopia,2003,492.8407554442044
Ethiopia,2002,509.1263140929957
Ethiopia,2001,509.11930182586417
Ethiopia,2000,473.90331350918706
Ethiopia,1999,450.4860200983535
Ethiopia,1998,435.8015057061236
Ethiopia,1997,460.6363915411551
Ethiopia,1996,453.3683956184393
Ethiopia,1995,409.2943332272345
Ethiopia,1994,390.8239464995892
Ethiopia,1993,383.9606802365139
Ethiopia,1992,343.36154860239435
Ethiopia,1991,383.38722764313286
Ethiopia,1990,417.0265784441749
Fiji,2023,15152.137644916553
Fiji,2022,13672.2356371837
Fiji,2021,10685.196980661814
Fiji,2020,11235.276083298795
Fiji,2019,13219.697552636022
Fiji,2018,13225.91945220368
Fiji,2017,12819.56348472099
Fiji,2016,11984.563575974476
Fiji,2015,11733.742965802428
Fiji,2014,10712.02898252318
Fiji,2013,9006.756000610221
Fiji,2012,8357.198840881038
Fiji,2011,7814.699703019305
Fiji,2010,7476.107527077559
Fiji,2009,7199.510507616317
Fiji,2008,7286.789919339358
Fiji,2007,7119.842800430634
Fiji,2006,7050.143537395828
Fiji,2005,6775.614302742807
Fiji,2004,6583.746778409506
Fiji,2003,6145.432027883334
Fiji,2002,6024.062366683448
Fiji,2001,5805.135819747299
Fiji,2000,5623.480283999042
Fiji,1999,5655.086680213012
Fiji,1998,5184.81408337168
Fiji,1997,5124.456597028571
Fiji,1996,5204.415093919692
Fiji,1995,4907.5530278038505
Fiji,1994,4712.986222371278
Fiji,1993,4414.994154093265
Fiji,1992,4249.828880918449
Fiji,1991,3944.8292321719287
Fiji,1990,3953.8234840938176
Finland,2023,61574.86819981779
Finland,2022,61293.047184392264
Finland,2021,56739.130898757336
Finland,2020,53296.57927988517
Finland,2019,52276.11157239944
Finland,2018,49248.677539586846
Finland,2017,47234.85286009387
Finland,2016,44562.40110720691
Finland,2015,42269.22122181965
Finland,2014,41547.098448539335
Finland,2013,41325.80520723206
Finland,2012,40739.113180942055
Finland,2011,40845.956672984925
Finland,2010,38950.55258741914
Finland,2009,37968.66174323198
Finland,2008,40081.22124820658
Finland,2007,37844.29315864206
Finland,2006,34447.71430264432
Finland,2005,32047.706931556433
Finland,2004,31199.291450344772
Finland,2003,29046.409230497684
Finland,2002,28596.260634545702
Finland,2001,27801.024828140155
Finland,2000,26777.11434215873
Finland,1999,24761.816556563797
Finland,1998,23568.36447955523
Finland,1997,21782.021306893563
Finland,1996,20059.98880722144
Finland,1995,19554.879077600726
Finland,1994,18445.38466722516
Finland,1993,17446.17774812056
Finland,1992,17259.560704245672
Finland,1991,17550.234699065095
Finland,1990,18134.76680280062
France,2023,58167.14445146273
France,2022,56133.79787336122
France,2021,52469.85550570461
France,2020,49481.80443096524
France,2019,51130.472314057966
France,2018,46381.05906294552
France,2017,44469.14588568046
France,2016,42880.2351355429
France,2015,40916.10535718004
France,2014,40218.125863777605
France,2013,39583.35204350454
France,2012,37671.02392685652
France,2011,37510.375989871376
France,2010,35911.54385814089
France,2009,34666.95988782937
France,2008,35053.26270691158
France,2007,34067.466147563864
France,2006,32430.44431447068
France,2005,30431.236724020204
France,2004,28925.1268683664
France,2003,28027.67621193429
France,2002,28350.098560542756
France,2001,27349.744585900244
France,2000,26001.879698341567
France,1999,24203.875592006232
France,1998,23261.18950831733
France,1997,22184.97041546564
France,1996,21260.55821260918
France,1995,20687.72610825797
France,1994,19873.510854309596
France,1993,19070.99458828722
France,1992,18790.197160402193
France,1991,18178.012201966092
France,1990,17471.68641124228
Gabon,2023,20757.072376867833
Gabon,2022,19992.55706429267
Gabon,2021,18523.579803219334
Gabon,2020,14477.130829174455
Gabon,2019,15949.637373962243
Gabon,2018,15432.043053535284
Gabon,2017,14796.628637417056
Gabon,2016,13997.735284191063
Gabon,2015,14306.434076825177
Gabon,2014,14853.671246035548
Gabon,2013,14497.992121690228
Gabon,2012,14619.718144511296
Gabon,2011,14784.348355188336
Gabon,2010,14014.690548975615
Gabon,2009,13383.566227380572
Gabon,2008,13733.70128599123
Gabon,2007,14391.246586595673
Gabon,2006,13637.259018582292
Gabon,2005,14028.356207776504
Gabon,2004,13637.666797290736
Gabon,2003,13564.18041402484
Gabon,2002,13369.123337420013
Gabon,2001,13555.62853893349
Gabon,2000,13326.11695215251
Gabon,1999,13628.862746354318
Gabon,1998,15137.804148284418
Gabon,1997,14837.427131880348
Gabon,1996,14146.657073050532
Gabon,1995,13750.1072319142
Gabon,1994,13163.530426278314
Gabon,1993,12756.914778372657
Gabon,1992,12311.963812245716
Gabon,1991,12760.182401705462
Gabon,1990,11952.024361596452
Georgia,2023,25071.96771472024
Georgia,2022,22461.33264145476
Georgia,2021,18915.653400526273
Georgia,2020,16791.259865446496
Georgia,2019,16770.1333771469
Georgia,2018,15021.9057577433
Georgia,2017,13718.937866976376
Georgia,2016,13065.294157467975
Georgia,2015,12269.652893276783
Georgia,2014,11770.69893602531
Georgia,2013,10797.34232734757
Georgia,2012,10059.98206039542
Georgia,2011,8563.83554915647
Georgia,2010,7711.8068388196925
Georgia,2009,7119.142790852838
Georgia,2008,7278.66312182282
Georgia,2007,6951.085842555758
Georgia,2006,5980.443904743042
Georgia,2005,5271.95095255549
Georgia,2004,4634.777576002954
Georgia,2003,4239.938413691823
Georgia,2002,3718.6869325479984
Georgia,2001,3440.7281791703376
Georgia,2000,3161.1958249061036
Georgia,1999,2976.8579732772987
Georgia,1998,2795.394477113032
Georgia,1997,2615.6462106582917
Georgia,1996,2253.0952334378353
Georgia,1995,1918.7698859055083
Georgia,1994,1764.2446989081698
Georgia,1993,1898.371196231387
Georgia,1992,2643.178361899758
Georgia,1991,4726.622310259293
Georgia,1990,5835.580913097378
Germany,2023,69027.09456915448
Germany,2022,67533.05285817213
Germany,2021,62474.36399908729
Germany,2020,58685.87269977087
Germany,2019,59270.72764969848
Germany,2018,56273.04056270154
Germany,2017,54110.25366488153
Germany,2016,51569.90168411977
Germany,2015,48558.44329709691
Germany,2014,47938.79682104181
Germany,2013,45889.0173022052
Germany,2012,44229.39419217385
Germany,2011,43398.34439924958
Germany,2010,39730.48978852708
Germany,2009,37554.44269931737
Germany,2008,38443.53862789577
Germany,2007,36915.32528321617
Germany,2006,34748.75432572376
Germany,2005,32313.736788416987
Germany,2004,31757.417727618093
Germany,2003,30305.257567840137
Germany,2002,29513.682326710215
Germany,2001,28677.19085911322
Germany,2000,27467.782417476697
Germany,1999,26517.93428562143
Germany,1998,25444.15113991869
Germany,1997,24643.68321243588
Germany,1996,24160.066802117886
Germany,1995,23614.958444929256
Germany,1994,22886.76782642078
Germany,1993,21940.16185944456
Germany,1992,21806.20987178141
Germany,1991,21058.076684507676
Germany,1990,19521.019595383234
Ghana,2023,7543.026747287775
Ghana,2022,7209.036733752268
Ghana,2021,6607.502973783208
Ghana,2020,6047.301116735542
Ghana,2019,6002.5504467838555
Ghana,2018,5536.497954002185
Ghana,2017,5170.960948574386
Ghana,2016,5011.0793157290445
Ghana,2015,5191.370533896588
Ghana,2014,5517.131787635662
Ghana,2013,5214.569358487944
Ghana,2012,4933.652543490927
Ghana,2011,4381.125355236943
Ghana,2010,3855.468917129984
Ghana,2009,3617.2394443671506
Ghana,2008,3515.58923514586
Ghana,2007,3241.220811024256
Ghana,2006,3103.226258131494
Ghana,2005,2903.8342904051715
Ghana,2004,2729.3445024833677
Ghana,2003,2584.4772372694674
Ghana,2002,2475.0963535742376
Ghana,2001,2397.30067027407
Ghana,2000,2315.178030478428
Ghana,1999,2238.66523264793
Ghana,1998,2166.6466310488154
Ghana,1997,2096.7650027556456
Ghana,1996,2025.8326707545696
Ghana,1995,1946.8221727508023
Ghana,1994,1875.2617270088224
Ghana,1993,1820.6532962021545
Ghana,1992,1738.6401903268998
Ghana,1991,1677.6057535104617
Ghana,1990,1580.650488271852
Greece,2023,41075.53478312639
Greece,2022,38936.33751303151
Greece,2021,33500.92264134658
Greece,2020,29533.08774029898
Greece,2019,31927.379215136873
Greece,2018,29792.05925195854
Greece,2017,28681.68155850046
Greece,2016,27504.549798494816
Greece,2015,26614.848375422524
Greece,2014,26450.18132672596
Greece,2013,25730.880900666445
Greece,2012,24582.97419575074
Greece,2011,25692.574085132084
Greece,2010,27841.85913635908
Greece,2009,29947.786808970803
Greece,2008,30440.97090590812
Greece,2007,28896.92107090599
Greece,2006,28082.1248815718
Greece,2005,25003.82974669332
Greece,2004,24828.8979383295
Greece,2003,23255.56419785847
Greece,2002,21985.2345411071
Greece,2001,20306.087836663373
Greece,2000,18815.835785740903
Greece,1999,17758.005574280065
Greece,1998,17432.425975798204
Greece,1997,16626.580926949693
Greece,1996,15772.527083031033
Greece,1995,15207.76011017103
Greece,1994,14657.410875611457
Greece,1993,14140.184841489236
Greece,1992,14120.182855675832
Greece,1991,13814.740928579127
Greece,1990,13117.555563369173
Grenada,2023,18807.944744644275
Grenada,2022,17554.732033241522
Grenada,2021,15298.123111523728
Grenada,2020,14361.126715445174
Grenada,2019,16446.113887187137
Grenada,2018,15974.859193312384
Grenada,2017,15041.45257120666
Grenada,2016,13977.505587913503
Grenada,2015,13214.40966449406
Grenada,2014,12228.64810553948
Grenada,2013,11199.404019794372
Grenada,2012,10575.105626861648
Grenada,2011,10591.747564991609
Grenada,2010,10344.383918818336
Grenada,2009,10303.343260325317
Grenada,2008,11000.752357553154
Grenada,2007,10727.67920531265
Grenada,2006,9876.61669536984
Grenada,2005,10016.347973403384
Grenada,2004,8605.823985512932
Grenada,2003,8469.087526513787
Grenada,2002,7620.673877450728
Grenada,2001,7282.708419543951
Grenada,2000,7305.724561990185
Grenada,1999,6857.1870528279405
Grenada,1998,6368.012294018493
Grenada,1997,5673.255241315199
Grenada,1996,5346.725040687594
Grenada,1995,5062.075536844729
Grenada,1994,4889.147171003823
Grenada,1993,4741.975827283431
Grenada,1992,4760.9986387511135
Grenada,1991,4732.562967845679
Grenada,1990,4552.955221631798
Guatemala,2023,13750.287906479984
Guatemala,2022,13019.478588390855
Guatemala,2021,11828.330009560144
Guatemala,2020,10947.37056189685
Guatemala,2019,10755.878091116596
Guatemala,2018,9946.803859233314
Guatemala,2017,9560.174275714036
Guatemala,2016,9201.427700602466
Guatemala,2015,8934.002349031822
Guatemala,2014,8236.65845201645
Guatemala,2013,7699.949203426396
Guatemala,2012,7258.316674678833
Guatemala,2011,6784.447129536215
Guatemala,2010,6510.099809436169
Guatemala,2009,6376.741063008941
Guatemala,2008,6434.507037357416
Guatemala,2007,6238.339769370755
Guatemala,2006,5833.386917881806
Guatemala,2005,5486.277769799273
Guatemala,2004,5263.446549185071
Guatemala,2003,5081.380055813226
Guatemala,2002,4969.257449434511
Guatemala,2001,4821.545984658286
Guatemala,2000,4714.966662015829
Guatemala,1999,4556.920652043807
Guatemala,1998,4437.124607825425
Guatemala,1997,4287.432477647651
Guatemala,1996,4143.148293935687
Guatemala,1995,4055.438652804416
Guatemala,1994,3886.333684418139
Guatemala,1993,3756.2691280733848
Guatemala,1992,3626.1153028832255
Guatemala,1991,3472.763088284713
Guatemala,1990,3329.596770593966
Guinea,2023,4383.152196594228
Guinea,2022,4062.361364379231
Guinea,2021,3738.8051255133023
Guinea,2020,3331.856630038006
Guinea,2019,3105.827890154429
Guinea,2018,2844.4642767054875
Guinea,2017,2687.095048271709
Guinea,2016,2255.3261799261536
Guinea,2015,1929.6809133218671
Guinea,2014,1873.2141305895711
Guinea,2013,1842.0022773740911
Guinea,2012,1789.9747303356132
Guinea,2011,1705.271104380486
Guinea,2010,1621.6916113966158
Guinea,2009,1566.700892484916
Guinea,2008,1613.6988451633968
Guinea,2007,1557.5858486650836
Guinea,2006,1452.9608316080448
Guinea,2005,1422.350881972756
Guinea,2004,1366.0316024094986
Guinea,2003,1327.967765399215
Guinea,2002,1315.3666937142043
Guinea,2001,1250.970597147958
Guinea,2000,1195.8061145353129
Guinea,1999,1163.3600931060955
Guinea,1998,1130.0430385976572
Guinea,1997,1098.6686850920073
Guinea,1996,1048.1582391641648
Guinea,1995,1013.6323236859884
Guinea,1994,975.9800229197936
Guinea,1993,947.0582355718252
Guinea,1992,907.9394063859596
Guinea,1991,887.4709600230462
Guinea,1990,870.7442226134123
Guinea-Bissau,2023,2862.0712251384452
Guinea-Bissau,2022,2685.7518593206473
Guinea-Bissau,2021,2450.977963982836
Guinea-Bissau,2020,2259.299920702844
Guinea-Bissau,2019,2236.629313896565
Guinea-Bissau,2018,2057.969691291458
Guinea-Bissau,2017,2081.81287227685
Guinea-Bissau,2016,1824.373097707099
Guinea-Bissau,2015,1729.9426031012326
Guinea-Bissau,2014,1455.9081366519283
Guinea-Bissau,2013,1415.8251193537858
Guinea-Bissau,2012,1401.8499404414815
Guinea-Bissau,2011,1471.7627987907167
Guinea-Bissau,2010,1369.6891706478536
Guinea-Bissau,2009,1314.9707866256574
Guinea-Bissau,2008,1308.535566976112
Guinea-Bissau,2007,1259.6056068731657
Guinea-Bissau,2006,1225.9182457393804
Guinea-Bissau,2005,1186.6263135336253
Guinea-Bissau,2004,1105.3432284282808
Guinea-Bissau,2003,1088.7426567439088
Guinea-Bissau,2002,1095.2230583326832
Guinea-Bissau,2001,1063.572283039083
Guinea-Bissau,2000,1013.9734918348856
Guinea-Bissau,1999,1000.60568711552
Guinea-Bissau,1998,860.7900087212684
Guinea-Bissau,1997,1118.2335597420515
Guinea-Bissau,1996,1052.051879600962
Guinea-Bissau,1995,945.246706188574
Guinea-Bissau,1994,909.4865844428268
Guinea-Bissau,1993,889.9892434013686
Guinea-Bissau,1992,880.0865645019935
Guinea-Bissau,1991,876.5441839569025
Guinea-Bissau,1990,824.1022505862722
Guyana,2023,54732.144066301335
Guyana,2022,39710.96688739712
Guyana,2021,22865.9321661614
Guyana,2020,16819.422871469465
Guyana,2019,13240.971376115518
Guyana,2018,12442.508718587647
Guyana,2017,12243.22259685414
Guyana,2016,11516.379828957728
Guyana,2015,11408.473901348996
Guyana,2014,11145.029119872392
Guyana,2013,11199.8874744089
Guyana,2012,10626.825667446348
Guyana,2011,10066.072975359775
Guyana,2010,9336.598302034923
Guyana,2009,8824.489601665739
Guyana,2008,8436.514384289678
Guyana,2007,8110.029998843111
Guyana,2006,7345.940281951222
Guyana,2005,6761.1179840538925
Guyana,2004,6672.822994469208
Guyana,2003,6392.333157937701
Guyana,2002,6303.903721986596
Guyana,2001,6131.2968299439135
Guyana,2000,5859.917919038459
Guyana,1999,5811.999707536896
Guyana,1998,5572.674408644848
Guyana,1997,5614.712899771155
Guyana,1996,5209.994771609751
Guyana,1995,4752.652405317595
Guyana,1994,4447.10079729612
Guyana,1993,4027.0477234874425
Guyana,1992,3651.324514313505
Guyana,1991,3322.036152900253
Guyana,1990,3021.6095145991508
Haiti,2023,3281.212320715134
Haiti,2022,3264.9335440790687
Haiti,2021,3134.950149384168
Haiti,2020,3103.180663124616
Haiti,2019,3236.974925046073
Haiti,2018,3196.973863706142
Haiti,2017,3339.3888465344608
Haiti,2016,3253.471786416136
Haiti,2015,3025.834617282584
Haiti,2014,3075.738438370623
Haiti,2013,3042.4970687870987
Haiti,2012,2830.190805597091
Haiti,2011,2858.196459794347
Haiti,2010,2694.911041346883
Haiti,2009,2855.1597138681977
Haiti,2008,2724.459228222492
Haiti,2007,2647.4953860942915
Haiti,2006,2503.6593267615017
Haiti,2005,2427.44808548582
Haiti,2004,2322.197868016073
Haiti,2003,2330.9187393139505
Haiti,2002,2247.978966142035
Haiti,2001,2229.8439671338692
Haiti,2000,2228.5013363807834
Haiti,1999,2200.5895348166455
Haiti,1998,2152.0036631133844
Haiti,1997,2121.8494006982355
Haiti,1996,2069.614541343806
Haiti,1995,1989.0164737248597
Haiti,1994,1806.823035778007
Haiti,1993,2048.2434532846087
Haiti,1992,2157.5971329658555
Haiti,1991,2272.762271927148
Haiti,1990,2202.227747102296
Honduras,2023,7178.807294879961
Honduras,2022,6805.493582945601
Honduras,2021,6202.980788120369
Honduras,2020,5384.6983198303815
Honduras,2019,5784.930810571108
Honduras,2018,5633.383238451896
Honduras,2017,5620.654552477326
Honduras,2016,5186.158974171613
Honduras,2015,4845.5956652112545
Honduras,2014,4460.057428331752
Honduras,2013,4137.326823778103
Honduras,2012,4016.346091018008
Honduras,2011,3900.711361733376
Honduras,2010,3757.5464205878698
Honduras,2009,3655.797013848033
Honduras,2008,3806.3470636771863
Honduras,2007,3664.088284890031
Honduras,2006,3437.6229633689964
Honduras,2005,3203.9591898701337
Honduras,2004,3001.296713242059
Honduras,2003,2820.7140442111813
Honduras,2002,2714.5663201890593
Honduras,2001,2645.254775441247
Honduras,2000,2587.422539308305
Honduras,1999,2423.497278776886
Honduras,1998,2471.503282063223
Honduras,1997,2422.6620279345425
Honduras,1996,2341.49647959618
Honduras,1995,2321.792625697066
Honduras,1994,2203.130496409318
Honduras,1993,2214.425777104435
Honduras,1992,2089.7095078680795
Honduras,1991,1981.6613115911432
Honduras,1990,2039.694563823583
Hungary,2023,44904.95306503333
Hungary,2022,43665.19344584967
Hungary,2021,38289.58021489153
Hungary,2020,35029.913223325595
Hungary,2019,35152.60369612443
Hungary,2018,31908.86345434904
Hungary,2017,29496.163682474365
Hungary,2016,27941.92685718322
Hungary,2015,26806.044589981135
Hungary,2014,25691.52725563506
Hungary,2013,24547.9805346257
Hungary,2012,23267.44839290897
Hungary,2011,23029.447178209117
Hungary,2010,21738.896594307946
Hungary,2009,20722.065336530028
Hungary,2008,20721.50241061436
Hungary,2007,19098.626306987524
Hungary,2006,18383.632220333813
Hungary,2005,17108.34058200248
Hungary,2004,16269.308764051044
Hungary,2003,15479.101078119684
Hungary,2002,14526.388262912536
Hungary,2001,13211.827060909254
Hungary,2000,11854.68341626704
Hungary,1999,10873.24786277267
Hungary,1998,10398.029252526088
Hungary,1997,9823.025762675365
Hungary,1996,9349.013764572594
Hungary,1995,9186.037562228385
Hungary,1994,8852.986888228226
Hungary,1993,8408.230158993298
Hungary,1992,8251.71946641356
Hungary,1991,8319.631207381273
Hungary,1990,9133.141366553637
Iceland,2023,76159.48232883835
Iceland,2022,73553.08914431174
Iceland,2021,61685.835611498216
Iceland,2020,55796.74546676341
Iceland,2019,60523.81794408269
Iceland,2018,57197.76762471731
Iceland,2017,55638.49205917962
Iceland,2016,53480.39719467644
Iceland,2015,49214.26486145837
Iceland,2014,45996.96874769013
Iceland,2013,44409.66895309035
Iceland,2012,42004.44761105966
Iceland,2011,40936.86783051303
Iceland,2010,39768.41695991389
Iceland,2009,41862.95992539064
Iceland,2008,43728.114056412305
Iceland,2007,41472.84493501839
Iceland,2006,39700.081709912534
Iceland,2005,37322.73992727925
Iceland,2004,35617.21359796759
Iceland,2003,32701.04894748921
Iceland,2002,32607.10587965683
Iceland,2001,31885.451073426448
Iceland,2000,29782.87381042146
Iceland,1999,29557.54182688462
Iceland,1998,28720.912968418565
Iceland,1997,26868.11149857459
Iceland,1996,24767.074283006124
Iceland,1995,23938.474203938425
Iceland,1994,23546.903870972237
Iceland,1993,22445.28569425455
Iceland,1992,21862.50157759918
Iceland,1991,22401.482777160792
Iceland,1990,21970.44234684012
India,2023,10166.24341058346
India,2022,9153.88084185646
India,2021,8050.018574526641
India,2020,6966.275427859109
India,2019,7150.92423452926
India,2018,6714.96639877754
India,2017,6144.7171444493815
India,2016,5800.481493665522
India,2015,5425.035990910462
India,2014,5191.591499032487
India,2013,5014.350565907802
India,2012,4819.6428821873105
India,2011,4454.701532005128
India,2010,4206.45985998016
India,2009,3886.581976950533
India,2008,3633.3678323486824
India,2007,3508.0618316630166
India,2006,3220.6269293190376
India,2005,2936.803220085302
India,2004,2681.861168446213
India,2003,2461.4825160876285
India,2002,2277.0697477459394
India,2001,2199.5391043692143
India,2000,2090.858068948118
India,1999,2006.2728669900985
India,1998,1852.4064905356925
India,1997,1758.853361814159
India,1996,1694.739808067001
India,1995,1578.6712441164443
India,1994,1466.6042553782868
India,1993,1374.1015289299346
India,1992,1308.6004664390132
India,1991,1239.0580055371972
India,1990,1211.982525913052
Indonesia,2023,15415.605793469696
Indonesia,2022,14284.959423878394
Indonesia,2021,12757.07464402037
Indonesia,2020,11729.36744584478
Indonesia,2019,11986.47015083764
Indonesia,2018,11372.097198761188
Indonesia,2017,10687.64092184431
Indonesia,2016,10262.595165187096
Indonesia,2015,10027.537299602547
Indonesia,2014,10064.677127417008
Indonesia,2013,9866.01699250847
Indonesia,2012,9530.290711367175
Indonesia,2011,8936.992155494536
Indonesia,2010,8353.456847251062
Indonesia,2009,7868.148183372066
Indonesia,2008,7569.253046790947
Indonesia,2007,7096.387689060097
Indonesia,2006,6583.351123427193
Indonesia,2005,6134.166730037153
Indonesia,2004,5700.049495429153
Indonesia,2003,5352.507503869653
Indonesia,2002,5076.164381585214
Indonesia,2001,4848.555800897873
Indonesia,2000,4639.039426401871
Indonesia,1999,4385.939713635392
Indonesia,1998,4355.779974046976
Indonesia,1997,5037.221523748197
Indonesia,1996,4807.092672865219
Indonesia,1995,4451.000212688245
Indonesia,1994,4095.9984659667343
Indonesia,1993,3792.5946572790617
Indonesia,1992,3538.4843124664712
Indonesia,1991,3305.36393318571
Indonesia,1990,3043.941974970278
Iran,2023,17659.873929111898
Iran,2022,16424.37738669748
Iran,2021,14951.894871650333
Iran,2020,14110.319144429785
Iran,2019,13348.410950983924
Iran,2018,14839.569194521808
Iran,2017,15070.258582103135
Iran,2016,14573.321966894806
Iran,2015,13689.764642810704
Iran,2014,15408.096511531114
Iran,2013,15552.013060785168
Iran,2012,16325.201069060691
Iran,2011,18487.07624037621
Iran,2010,17865.94138093918
Iran,2009,16894.235403959163
Iran,2008,16830.936617797066
Iran,2007,16672.725251523025
Iran,2006,15256.270903338358
Iran,2005,14402.10534211791
Iran,2004,13835.420403555325
Iran,2003,13192.3336578673
Iran,2002,12040.86121678248
Iran,2001,11061.301473202288
Iran,2000,10729.358009830688
Iran,1999,10059.6856492606
Iran,1998,9864.062155702622
Iran,1997,9687.843954237263
Iran,1996,9510.04382176112
Iran,1995,8876.793764497654
Iran,1994,8585.167879370045
Iran,1993,8567.209415138472
Iran,1992,8524.12606801648
Iran,1991,8229.252206177327
Iran,1990,7256.412513690567
Iraq,2023,14107.297926838874
Iraq,2022,14348.574433533253
Iraq,2021,12731.75357551284
Iraq,2020,10573.930475071484
Iraq,2019,12248.591738596317
Iraq,2018,12034.401121494397
Iraq,2017,10191.661698863894
Iraq,2016,9079.135317694956
Iraq,2015,9334.466048663153
Iraq,2014,13168.245587416995
Iraq,2013,14668.54327649947
Iraq,2012,14402.03408939552
Iraq,2011,12912.029979014613
Iraq,2010,12186.192962265346
Iraq,2009,11687.014208380991
Iraq,2008,11657.31687005859
Iraq,2007,10783.123640459418
Iraq,2006,10223.106532017826
Iraq,2005,9457.044542459496
Iraq,2004,9289.742246612535
Iraq,2003,6068.451618031719
Iraq,2002,9682.3761948379
Iraq,2001,10719.619420379686
Iraq,2000,10627.940072765628
Iraq,1999,9194.474202719011
Iraq,1998,7964.056849474812
Iraq,1997,6019.889125627532
Iraq,1996,5034.476283550443
Iraq,1995,4597.621307824349
Iraq,1994,4559.93113123533
Iraq,1993,4509.043633493952
Iraq,1992,3546.9654345671847
Iraq,1991,2694.0394092631163
Ireland,2023,124578.17543122814
Ireland,2022,137230.8661748064
Ireland,2021,118594.7468616271
Ireland,2020,98866.41914238143
Ireland,2019,92808.03794084028
Ireland,2018,86843.77094230156
Ireland,2017,80786.00146644823
Ireland,2016,73126.23894774789
Ireland,2015,71607.45682946494
Ireland,2014,52640.7843918553
Ireland,2013,48838.77198255254
Ireland,2012,46726.21576653661
Ireland,2011,45525.718123904226
Ireland,2010,43216.98473024063
Ireland,2009,41469.83790025603
Ireland,2008,44169.0943411644
Ireland,2007,46784.08613353655
Ireland,2006,44232.10174855741
Ireland,2005,40466.23435157114
Ireland,2004,38734.44393991485
Ireland,2003,36285.108700351135
Ireland,2002,35222.02872435204
Ireland,2001,32576.924574865596
Ireland,2000,30209.465620815867
Ireland,1999,27041.347422159677
Ireland,1998,25092.339228237644
Ireland,1997,22632.093359207214
Ireland,1996,20473.93998513014
Ireland,1995,18931.54092436672
Ireland,1994,17000.17161168333
Ireland,1993,15801.003491683914
Ireland,1992,15105.74254282376
Ireland,1991,14389.20043538467
Ireland,1990,13733.746994077415
Israel,2023,54128.28173470018
Israel,2022,53567.3818901397
Israel,2021,46165.645283669546
Israel,2020,41051.022526855275
Israel,2019,41222.63508705224
Israel,2018,40067.22357199041
Israel,2017,39336.00597078894
Israel,2016,38072.67046822418
Israel,2015,35780.70711533666
Israel,2014,34713.8099054376
Israel,2013,34728.89284126861
Israel,2012,32401.01849440827
Israel,2011,31233.478363249753
Israel,2010,29361.631832757117
Israel,2009,27972.174083860595
Israel,2008,27997.61481692846
Israel,2007,28172.101767167245
Israel,2006,26336.09676872132
Israel,2005,25628.402522806708
Israel,2004,26043.36681457185
Israel,2003,24660.739244660996
Israel,2002,26043.669636469276
Israel,2001,25740.36193481897
Israel,2000,25728.915551673632
Israel,1999,23366.93926360934
Israel,1998,22876.512652562164
Israel,1997,22241.14442952116
Israel,1996,21606.173273745928
Israel,1995,20572.7581396899
Israel,1994,19413.28186767415
Israel,1993,18157.27602052321
Israel,1992,17494.433519629765
Israel,1991,16431.083757167264
Israel,1990,15668.690695415657
Italy,2023,57651.98557186246
Italy,2022,56171.54813366439
Italy,2021,49780.338000653814
Italy,2020,44435.64343935265
Italy,2019,46661.91051596114
Italy,2018,43190.59582754064
Italy,2017,41770.28382892376
Italy,2016,40140.50361022445
Italy,2015,37085.98023197814
Italy,2014,36383.14488657868
Italy,2013,36506.305244890835
Italy,2012,36678.1175205307
Italy,2011,36789.0542705936
Italy,2010,35297.80781654319
Italy,2009,34752.20537723652
Italy,2008,35653.83787187152
Italy,2007,34294.343055177924
Italy,2006,32603.40448395861
Italy,2005,30240.339519976624
Italy,2004,29658.06648666738
Italy,2003,29296.78531823486
Italy,2002,28848.594217511112
Italy,2001,28138.478664145452
Italy,2000,27146.321184003005
Italy,1999,25654.68141890289
Italy,1998,25073.652766668136
Italy,1997,23931.168700087128
Italy,1996,23092.1885693553
Italy,1995,22431.222595300587
Italy,1994,21354.405742486128
Italy,1993,20471.8435498038
Italy,1992,20182.17400496948
Italy,1991,19582.532146344605
Italy,1990,18667.87852031876
Jamaica,2023,11421.753557005428
Jamaica,2022,10790.133300433392
Jamaica,2021,9577.164211340789
Jamaica,2020,8991.16205633754
Jamaica,2019,10083.526830062216
Jamaica,2018,10035.279773817476
Jamaica,2017,9820.207369570377
Jamaica,2016,9399.257923051027
Jamaica,2015,8985.576678179505
Jamaica,2014,8732.813023375642
Jamaica,2013,8630.242044654411
Jamaica,2012,8373.495115629457
Jamaica,2011,8353.307477106742
Jamaica,2010,8080.148508294615
Jamaica,2009,8135.431345850397
Jamaica,2008,8488.093753309231
Jamaica,2007,8432.410413815476
Jamaica,2006,8132.531410192369
Jamaica,2005,7706.631562232757
Jamaica,2004,7447.276017383641
Jamaica,2003,7199.545847194589
Jamaica,2002,6851.861074281052
Jamaica,2001,6655.648669445267
Jamaica,2000,6463.530224187324
Jamaica,1999,6308.929335722484
Jamaica,1998,6204.454539383951
Jamaica,1997,6336.128810990077
Jamaica,1996,6358.937779620103
Jamaica,1995,6312.516859075942
Jamaica,1994,6101.767622599846
Jamaica,1993,5953.550347641238
Jamaica,1992,5370.438425381081
Jamaica,1991,5201.190666141238
Jamaica,1990,4841.19831287436
Japan,2023,49885.197911087984
Japan,2022,47366.33689443568
Japan,2021,44347.65934883916
Japan,2020,42438.44646009004
Japan,2019,42678.151144835465
Japan,2018,42141.93529877594
Japan,2017,41444.21574439138
Japan,2016,40596.96866289942
Japan,2015,40906.59456924599
Japan,2014,39555.41200891975
Japan,2013,39402.025098802456
Japan,2012,37605.97426145393
Japan,2011,36214.4397740241
Japan,2010,35335.37351038142
Japan,2009,33547.2834245767
Japan,2008,35273.79115215602
Japan,2007,35015.986574512724
Japan,2006,33634.631706678716
Japan,2005,32169.867493646037
Japan,2004,30830.658446643396
Japan,2003,29392.248991618573
Japan,2002,28623.588447936738
Japan,2001,27942.346651132983
Japan,2000,27287.27019127178
Japan,1999,25735.97109115167
Japan,1998,25509.89959548598
Japan,1997,25620.068102379355
Japan,1996,25000.53392359401
Japan,1995,23859.066053900453
Japan,1994,22823.441710753683
Japan,1993,22168.560288184413
Japan,1992,21825.798819843603
Japan,1991,21227.675054188567
Japan,1990,19912.516605341552
Jordan,2023,10391.013613568806
Jordan,2022,9927.234198429793
Jordan,2021,9182.496161256024
Jordan,2020,9579.20081317696
Jordan,2019,9429.072795520367
Jordan,2018,9042.39781871198
Jordan,2017,9265.515367207334
Jordan,2016,8747.878609308507
Jordan,2015,8967.079958378083
Jordan,2014,9144.677932049954
Jordan,2013,9816.598556531237
Jordan,2012,9738.537469261935
Jordan,2011,9631.928992553598
Jordan,2010,9416.643867968918
Jordan,2009,9290.808553564406
Jordan,2008,8983.21332409003
Jordan,2007,8415.711660046198
Jordan,2006,8045.640561962788
Jordan,2005,7696.945016629736
Jordan,2004,7073.845816159103
Jordan,2003,6499.9788779520395
Jordan,2002,6256.496439432871
Jordan,2001,5948.012179236759
Jordan,2000,5640.657282000465
Jordan,1999,5401.879231250203
Jordan,1998,5263.770026562174
Jordan,1997,5171.220298559441
Jordan,1996,5054.748385764179
Jordan,1995,5026.535801416974
Jordan,1994,4829.648315838277
Jordan,1993,4725.806771796826
Jordan,1992,4653.972423267576
Jordan,1991,4195.287484943352
Jordan,1990,4317.161512279804
Kazakhstan,2023,38515.18360099773
Kazakhstan,2022,35895.08398716693
Kazakhstan,2021,32945.85157258231
Kazakhstan,2020,29039.82296245091
Kazakhstan,2019,28689.271083837393
Kazakhstan,2018,25096.12858626153
Kazakhstan,2017,23973.06022956508
Kazakhstan,2016,23023.087229389857
Kazakhstan,2015,22484.36513826067
Kazakhstan,2014,23958.112889060256
Kazakhstan,2013,23754.134195211693
Kazakhstan,2012,21367.218059537212
Kazakhstan,2011,20159.932942641302
Kazakhstan,2010,18641.806147525564
Kazakhstan,2009,17389.014583912296
Kazakhstan,2008,17278.472167836622
Kazakhstan,2007,16581.22405286714
Kazakhstan,2006,14965.772319219235
Kazakhstan,2005,13226.146696236026
Kazakhstan,2004,11777.111957161267
Kazakhstan,2003,10532.446697259236
Kazakhstan,2002,9504.45082485042
Kazakhstan,2001,8568.087194548038
Kazakhstan,2000,7418.19612078016
Kazakhstan,1999,6625.782151789789
Kazakhstan,1998,6283.545905467241
Kazakhstan,1997,6177.924750107524
Kazakhstan,1996,5836.071983664834
Kazakhstan,1995,5595.433989257975
Kazakhstan,1994,5860.350668490102
Kazakhstan,1993,6477.3485253525305
Kazakhstan,1992,6945.094410738167
Kazakhstan,1991,7192.802079941142
Kazakhstan,1990,7874.187363249173
Kenya,2023,6307.232494192973
Kenya,2022,5883.223039619242
Kenya,2021,5338.852433827813
Kenya,2020,4792.573158471824
Kenya,2019,4687.377823253059
Kenya,2018,4411.561041208857
Kenya,2017,4177.249935802674
Kenya,2016,3916.653156730946
Kenya,2015,3678.3261414601934
Kenya,2014,3359.489506650931
Kenya,2013,3106.393944648851
Kenya,2012,2847.270682868462
Kenya,2011,2750.2866378769336
Kenya,2010,2634.8927132125664
Kenya,2009,2480.0442906916155
Kenya,2008,2459.1217452025617
Kenya,2007,2481.087061432462
Kenya,2006,2330.130289357409
Kenya,2005,2188.6956101521528
Kenya,2004,2066.3154064122505
Kenya,2003,1974.858202107551
Kenya,2002,1940.403032601709
Kenya,2001,1961.0581686094283
Kenya,2000,1906.8979409629696
Kenya,1999,1910.2401302419544
Kenya,1998,1895.0173820628445
Kenya,1997,1865.0266727440296
Kenya,1996,1875.2983095015975
Kenya,1995,1817.608880880222
Kenya,1994,1754.2534007306326
Kenya,1993,1722.8206988693128
Kenya,1992,1727.5406754278072
Kenya,1991,1755.6540162521003
Kenya,1990,1729.2734459591543
Kiribati,2023,3546.9181883262904
Kiribati,2022,3340.0403787370938
Kiribati,2021,3049.4738012728894
Kiribati,2020,2735.833207234483
Kiribati,2019,2762.9371194366868
Kiribati,2018,2671.761906531341
Kiribati,2017,2562.064830328581
Kiribati,2016,2462.831847077385
Kiribati,2015,2310.6024184689472
Kiribati,2014,2084.1302844974703
Kiribati,2013,2049.332993858161
Kiribati,2012,1896.32421690223
Kiribati,2011,1785.5717571542414
Kiribati,2010,1724.466490394174
Kiribati,2009,1718.4909208667389
Kiribati,2008,1735.4313455288582
Kiribati,2007,1792.0460688949508
Kiribati,2006,1727.7697953450688
Kiribati,2005,1616.579542351699
Kiribati,2004,1578.838449149363
Kiribati,2003,1578.2876848556766
Kiribati,2002,1605.0747383644464
Kiribati,2001,1591.2360174557357
Kiribati,2000,1637.9352357078958
Kiribati,1999,1526.091348043048
Kiribati,1998,1592.9563378538182
Kiribati,1997,1535.3172641888216
Kiribati,1996,1519.245840254698
Kiribati,1995,1518.2322272803217
Kiribati,1994,1469.1604717784555
Kiribati,1993,1430.7141627400124
Kiribati,1992,1420.6652741320308
Kiribati,1991,1139.2323186398814
Kiribati,1990,1191.530403882397
Republic of Korea,2023,51713.241485754756
Republic of Korea,2022,50792.01140447976
Republic of Korea,2021,48017.48871400487
Republic of Korea,2020,45142.76345054027
Republic of Korea,2019,43865.04163667453
Republic of Korea,2018,43044.29176333706
Republic of Korea,2017,40957.41805871453
Republic of Korea,2016,39575.45428300312
Republic of Korea,2015,37907.500310201576
Republic of Korea,2014,35324.497670477314
Republic of Korea,2013,34244.31213931174
Republic of Korea,2012,33557.128719643435
Republic of Korea,2011,32546.753653123364
Republic of Korea,2010,31736.62843709254
Republic of Korea,2009,29508.381506061505
Republic of Korea,2008,29946.077489130246
Republic of Korea,2007,29064.91808468666
Republic of Korea,2006,26884.26732833584
Republic of Korea,2005,25186.867566809233
Republic of Korea,2004,23773.82865367812
Republic of Korea,2003,22095.870826346974
Republic of Korea,2002,21396.83774553693
Republic of Korea,2001,19724.425945722855
Republic of Korea,2000,18538.835532559173
Republic of Korea,1999,16807.12947641953
Republic of Korea,1998,14974.659574711835
Republic of Korea,1997,15721.70565769212
Republic of Korea,1996,14694.096244500832
Republic of Korea,1995,13502.582742079396
Republic of Korea,1994,12187.25496592734
Republic of Korea,1993,11030.71194846008
Republic of Korea,1992,10184.855664589291
Republic of Korea,1991,9474.64259647045
Republic of Korea,1990,8355.332773974704
Kuwait,2023,51561.36381279166
Kuwait,2022,54619.21852410716
Kuwait,2021,50689.044078482926
Kuwait,2020,41461.72351032189
Kuwait,2019,50703.000137746654
Kuwait,2018,51370.73204873206
Kuwait,2017,46565.54990030145
Kuwait,2016,41862.17391150593
Kuwait,2015,45267.30859100258
Kuwait,2014,68336.5991953095
Kuwait,2013,76812.53880024419
Kuwait,2012,82089.72607436652
Kuwait,2011,79036.78577145169
Kuwait,2010,75184.12586971317
Kuwait,2009,80110.06988567593
Kuwait,2008,90337.3568788994
Kuwait,2007,91434.9044722981
Kuwait,2006,89075.22460423388
Kuwait,2005,84968.01983886682
Kuwait,2004,77226.63683860478
Kuwait,2003,69752.38417765997
Kuwait,2002,59713.172223995825
Kuwait,2001,58552.783915227985
Kuwait,2000,58702.86732488734
Kuwait,1999,56406.46857828825
Kuwait,1998,58343.788185681566
Kuwait,1997,57419.93216121064
Kuwait,1996,56912.696191824056
Kuwait,1995,57163.34921031687
Kuwait,1994,53945.588175118755
Kuwait,1993,48481.76042384467
Kuwait,1992,36149.18351510084
Kuwait,1991,23390.423629703597
Kuwait,1990,30763.06696006811
Kyrgyzstan,2023,7106.4911428930345
Kyrgyzstan,2022,6577.512648775335
Kyrgyzstan,2021,5736.4788341515405
Kyrgyzstan,2020,5178.562351972272
Kyrgyzstan,2019,5304.227583144047
Kyrgyzstan,2018,4777.942124679175
Kyrgyzstan,2017,4953.717943586784
Kyrgyzstan,2016,4603.760015232463
Kyrgyzstan,2015,4153.377042857756
Kyrgyzstan,2014,4228.19550626604
Kyrgyzstan,2013,4000.9629576510742
Kyrgyzstan,2012,3588.679888240255
Kyrgyzstan,2011,3278.3513177295604
Kyrgyzstan,2010,3075.61554329456
Kyrgyzstan,2009,3096.938141163101
Kyrgyzstan,2008,3031.494070453378
Kyrgyzstan,2007,2769.8953473562005
Kyrgyzstan,2006,2508.388448369654
Kyrgyzstan,2005,2385.594696194454
Kyrgyzstan,2004,2343.4306697154443
Kyrgyzstan,2003,2158.1966740269277
Kyrgyzstan,2002,1998.2378806157071
Kyrgyzstan,2001,1986.161558970273
Kyrgyzstan,2000,1861.8657871697249
Kyrgyzstan,1999,1747.3060741523743
Kyrgyzstan,1998,1687.047813653357
Kyrgyzstan,1997,1658.886928896967
Kyrgyzstan,1996,1505.4490000271755
Kyrgyzstan,1995,1401.1568174385898
Kyrgyzstan,1994,1465.6729221447133
Kyrgyzstan,1993,1795.0224359269898
Kyrgyzstan,1992,2074.734716697512
Kyrgyzstan,1991,2381.5940359613487
Kyrgyzstan,1990,2543.7413102693913
Lao People's Democratic Republic,2023,9291.78859001131
Lao People's Democratic Republic,2022,8766.440626110996
Lao People's Democratic Republic,2021,8080.435532499231
Lao People's Democratic Republic,2020,7913.386606502759
Lao People's Democratic Republic,2019,7743.219065342605
Lao People's Democratic Republic,2018,7486.864527004325
Lao People's Democratic Republic,2017,7141.906527017665
Lao People's Democratic Republic,2016,6743.010539530368
Lao People's Democratic Republic,2015,6086.067304462196
Lao People's Democratic Republic,2014,5798.504367300908
Lao People's Democratic Republic,2013,5221.59855783339
Lao People's Democratic Republic,2012,4780.947330001665
Lao People's Democratic Republic,2011,4099.784573307413
Lao People's Democratic Republic,2010,3772.26605168726
Lao People's Democratic Republic,2009,3485.068277418858
Lao People's Democratic Republic,2008,3270.5575101808727
Lao People's Democratic Republic,2007,3021.44173109446
Lao People's Democratic Republic,2006,2776.6975232206196
Lao People's Democratic Republic,2005,2519.461350970992
Lao People's Democratic Republic,2004,2315.433795303009
Lao People's Democratic Republic,2003,2151.150995939545
Lao People's Democratic Republic,2002,2019.697748486522
Lao People's Democratic Republic,2001,1908.062365791226
Lao People's Democratic Republic,2000,1793.8858260761292
Lao People's Democratic Republic,1999,1686.0793864212062
Lao People's Democratic Republic,1998,1576.6636350615324
Lao People's Democratic Republic,1997,1527.6588921785485
Lao People's Democratic Republic,1996,1434.8086718410912
Lao People's Democratic Republic,1995,1348.7979826636729
Lao People's Democratic Republic,1994,1265.1582326197783
Lao People's Democratic Republic,1993,1175.6178150247845
Lao People's Democratic Republic,1992,1114.1114989610749
Lao People's Democratic Republic,1991,1060.8890158946824
Lao People's Democratic Republic,1990,1012.0145941604628
Latvia,2023,41384.25162558077
Latvia,2022,39931.606301361826
Latvia,2021,36880.45646108752
Latvia,2020,32741.420769198656
Latvia,2019,32199.096037709012
Latvia,2018,29817.804726318187
Latvia,2017,27645.822624965287
Latvia,2016,25802.155578417452
Latvia,2015,24137.876435859955
Latvia,2014,22973.693280582014
Latvia,2013,21850.126636247256
Latvia,2012,20494.04648064762
Latvia,2011,18618.7015409025
Latvia,2010,17343.46586666126
Latvia,2009,16559.522777987542
Latvia,2008,18634.730960853933
Latvia,2007,17281.04226402756
Latvia,2006,15024.636147562189
Latvia,2005,13343.889448178355
Latvia,2004,11761.314151213972
Latvia,2003,10565.73351091213
Latvia,2002,9756.29800792346
Latvia,2001,8861.653457083323
Latvia,2000,7840.881478573579
Latvia,1999,7199.812115877573
Latvia,1998,6878.643083956718
Latvia,1997,6308.927111247289
Latvia,1996,5636.101581637262
Latvia,1995,5341.548105956804
Latvia,1994,5011.631798519378
Latvia,1993,4722.003985174165
Latvia,1992,4759.779884659423
Latvia,1991,6761.930300273144
Latvia,1990,7447.948528747901
Lebanon,2022,12292.840730550171
Lebanon,2021,11599.77550837654
Lebanon,2020,16259.705131228053
Lebanon,2019,21710.46487508072
Lebanon,2018,21985.48847022408
Lebanon,2017,20963.824947253335
Lebanon,2016,18940.590100045338
Lebanon,2015,17045.898285301035
Lebanon,2014,16139.864996695527
Lebanon,2013,16315.613774876314
Lebanon,2012,16121.335238646026
Lebanon,2011,14974.553438992973
Lebanon,2010,14703.61532136504
Lebanon,2009,13586.14448310664
Lebanon,2008,12415.94000622757
Lebanon,2007,11355.662975453346
Lebanon,2006,10312.353331015058
Lebanon,2005,10019.994153928032
Lebanon,2004,9609.012826456908
Lebanon,2003,8914.48277910189
Lebanon,2002,8586.240406836749
Lebanon,2001,8289.38388991912
Lebanon,2000,7937.956530079699
Lebanon,1999,7792.661326581186
Lebanon,1998,7861.225830108769
Lebanon,1997,7631.985406247621
Lebanon,1996,7559.756524025809
Lebanon,1995,6795.6766007666965
Lebanon,1994,6366.909072760845
Lebanon,1993,5870.792137676514
Lebanon,1992,5278.708339085212
Lebanon,1991,4527.257344468799
Lebanon,1990,2990.3360850067916
Lesotho,2023,2880.966310051167
Lesotho,2022,2761.3110500221655
Lesotho,2021,2544.7824955121414
Lesotho,2020,2559.09776834929
Lesotho,2019,2568.341143627193
Lesotho,2018,2632.2877522300387
Lesotho,2017,2618.818207701453
Lesotho,2016,2942.181536639213
Lesotho,2015,3034.646929248482
Lesotho,2014,2771.24496867163
Lesotho,2013,2538.263103060494
Lesotho,2012,2291.4956531127013
Lesotho,2011,2278.501427910658
Lesotho,2010,2152.9152828766923
Lesotho,2009,2036.263085685993
Lesotho,2008,2064.4231121087214
Lesotho,2007,1932.4266622301968
Lesotho,2006,1813.444407192286
Lesotho,2005,1680.8736407796443
Lesotho,2004,1560.7487754988354
Lesotho,2003,1484.0958444799066
Lesotho,2002,1385.1822206717563
Lesotho,2001,1350.005297006691
Lesotho,2000,1272.924433992979
Lesotho,1999,1198.6948198967928
Lesotho,1998,1179.421705069832
Lesotho,1997,1154.3823446510137
Lesotho,1996,1103.002021774951
Lesotho,1995,1036.7880851766972
Lesotho,1994,995.244143231791
Lesotho,1993,931.9842573887944
Lesotho,1992,892.9252557531323
Lesotho,1991,829.9366592445296
Lesotho,1990,764.0573153424942
Liberia,2023,1794.53340863361
Liberia,2022,1691.5727572185183
Liberia,2021,1539.20892304674
Liberia,2020,1659.5210914599145
Liberia,2019,1899.5220097285512
Liberia,2018,1799.7275139774838
Liberia,2017,1664.944813235657
Liberia,2016,1490.3358141002595
Liberia,2015,1340.4327974119658
Liberia,2014,1418.7735551589146
Liberia,2013,1360.1291037015458
Liberia,2012,1156.9531944800356
Liberia,2011,1040.761414040184
Liberia,2010,980.1181397645454
Liberia,2009,939.4962902505766
Liberia,2008,915.0535996994558
Liberia,2007,872.5846459290295
Liberia,2006,815.2189170178585
Liberia,2005,774.0325677813221
Liberia,2004,745.3978618260131
Liberia,2003,715.8182468067691
Liberia,2002,1012.9189129190704
Liberia,2001,986.572798635778
Liberia,2000,965.3955233320528
Liberia,1999,761.6627260004541
Liberia,1998,651.9264086416975
Liberia,1997,547.8767948862583
Liberia,1996,282.2316765171843
Liberia,1995,254.3884745706562
Liberia,1994,262.5962813969658
Liberia,1993,327.82990408100835
Liberia,1992,496.851406392994
Liberia,1991,792.688689789342
Liberia,1990,786.5258094263213
Libya,2023,13848.795002550489
Libya,2022,12272.835618133498
Libya,2021,12641.509771407456
Libya,2020,10954.79904526496
Libya,2019,16194.10820611456
Libya,2018,18879.315130198374
Libya,2017,18026.018783400817
Libya,2016,16961.017711171677
Libya,2015,17903.256539580278
Libya,2014,17509.52850878449
Libya,2013,21151.005191163284
Libya,2012,26826.072975673305
Libya,2011,15698.051907261164
Libya,2010,30234.091872585792
Libya,2009,29027.146807257544
Libya,2008,30812.2837283745
Libya,2007,30928.94228061538
Libya,2006,28935.661581356875
Libya,2005,26902.89858757793
Libya,2004,23813.401150748472
Libya,2003,22662.724213906426
Libya,2002,20060.63969135804
Libya,2001,20331.63151721693
Libya,2000,20616.984868391948
Libya,1999,19769.024431337228
Libya,1998,19639.19473237309
Libya,1997,20438.639916949996
Libya,1996,19392.486963752744
Libya,1995,18952.000870547017
Libya,1994,19318.20677696474
Libya,1993,18904.22421202589
Libya,1992,19571.913113196268
Libya,1991,20084.625905763172
Libya,1990,17172.603308909394
Lithuania,2023,50783.256400270875
Lithuania,2022,50455.92035613575
Lithuania,2021,45955.56895072416
Lithuania,2020,41491.32818242738
Lithuania,2019,40809.93082442346
Lithuania,2018,36721.93255012061
Lithuania,2017,33760.62939794002
Lithuania,2016,30870.24053975396
Lithuania,2015,28915.57151335327
Lithuania,2014,28052.456524354144
Lithuania,2013,26595.356684010912
Lithuania,2012,24578.130608531515
Lithuania,2011,22701.554605976657
Lithuania,2010,19827.948684183993
Lithuania,2009,18167.63790382717
Lithuania,2008,20735.707977609563
Lithuania,2007,19113.98613861644
Lithuania,2006,16446.977802261026
Lithuania,2005,14514.78329421664
Lithuania,2004,13097.437566294846
Lithuania,2003,12085.956675289905
Lithuania,2002,10497.266620019856
Lithuania,2001,9456.87328070018
Lithuania,2000,8465.94329594005
Lithuania,1999,7856.706591138748
Lithuania,1998,7796.787181947246
Lithuania,1997,7102.881242681899
Lithuania,1996,6419.66406344336
Lithuania,1995,5967.191454283008
Lithuania,1994,5615.091211966565
Lithuania,1993,6050.585443923689
Lithuania,1992,7021.978772604294
Lithuania,1991,8709.655649202921
Lithuania,1990,8946.885813319423
Luxembourg,2023,139105.9616668074
Luxembourg,2022,144750.8049160944
Luxembourg,2021,135379.29120102368
Luxembourg,2020,122114.10159932592
Luxembourg,2019,121403.8237190457
Luxembourg,2018,116498.51208091943
Luxembourg,2017,114985.8422359888
Luxembourg,2016,113365.17608226545
Luxembourg,2015,107888.5783529818
Luxembourg,2014,105296.28458823192
Luxembourg,2013,100925.01199224051
Luxembourg,2012,96636.426643956
Luxembourg,2011,94475.03022650236
Luxembourg,2010,90346.06882680082
Luxembourg,2009,86873.25624195629
Luxembourg,2008,90970.72119801473
Luxembourg,2007,85129.18881696116
Luxembourg,2006,78878.02751614866
Luxembourg,2005,68787.8547494266
Luxembourg,2004,64694.43341610282
Luxembourg,2003,60199.850796778795
Luxembourg,2002,58575.67927175441
Luxembourg,2001,56141.77516644859
Luxembourg,2000,55124.29225126943
Luxembourg,1999,49844.67696279759
Luxembourg,1998,44267.1768586838
Luxembourg,1997,42477.73983149563
Luxembourg,1996,39707.46152677699
Luxembourg,1995,38319.76301241351
Luxembourg,1994,37526.261914143935
Luxembourg,1993,35874.704762949266
Luxembourg,1992,34085.823828080436
Luxembourg,1991,33168.42878848955
Luxembourg,1990,29929.052156185466
Madagascar,2023,1823.8173294130468
Madagascar,2022,1738.2945525216144
Madagascar,2021,1599.4127689767045
Madagascar,2020,1490.3231283786608
Madagascar,2019,1612.2977271562625
Madagascar,2018,1546.595635497951
Madagascar,2017,1546.880018908167
Madagascar,2016,1561.5196237460782
Madagascar,2015,1496.611724128411
Madagascar,2014,1498.8397690821869
Madagascar,2013,1473.4039807725528
Madagascar,2012,1463.6175692644745
Madagascar,2011,1475.170551781138
Madagascar,2010,1463.876467849636
Madagascar,2009,1479.8298002663355
Madagascar,2008,1577.3383892608024
Madagascar,2007,1493.3754500271532
Madagascar,2006,1416.4046594570066
Madagascar,2005,1342.5192993559035
Madagascar,2004,1279.5461106017162
Madagascar,2003,1218.835631677559
Madagascar,2002,1121.0874955254774
Madagascar,2001,1298.5637886752218
Madagascar,2000,1235.7873394210071
Madagascar,1999,1194.1502466673107
Madagascar,1998,1161.7508884895574
Madagascar,1997,1142.3016609486813
Madagascar,1996,1118.7691621220672
Madagascar,1995,1110.6524922042222
Madagascar,1994,1104.2611339977907
Madagascar,1993,1115.7672842539298
Madagascar,1992,1100.578968457848
Madagascar,1991,1095.9869962176374
Madagascar,1990,1165.8209241597356
Malawi,2023,1829.5076892537863
Malawi,2022,1778.3058214600128
Malawi,2021,1687.593581796507
Malawi,2020,1513.4599080334444
Malawi,2019,1450.0100806478351
Malawi,2018,1363.7944559508812
Malawi,2017,1380.232636217371
Malawi,2016,1409.9580270353256
Malawi,2015,1403.0845120923454
Malawi,2014,1505.551904040244
Malawi,2013,1558.1122474520328
Malawi,2012,1464.0432395779596
Malawi,2011,1516.211183191502
Malawi,2010,1457.605683077281
Malawi,2009,1387.7899156216536
Malawi,2008,1311.44999789966
Malawi,2007,1230.563854396809
Malawi,2006,1124.4382691044805
Malawi,2005,1070.9359095597338
Malawi,2004,1032.8021391179366
Malawi,2003,979.0389779451529
Malawi,2002,931.2835075326976
Malawi,2001,924.0563682540208
Malawi,2000,974.3101374973168
Malawi,1999,960.710822988174
Malawi,1998,941.0514964686644
Malawi,1997,915.2792249454524
Malawi,1996,884.4563470008535
Malawi,1995,825.4541256947787
Malawi,1994,691.6261343564428
Malawi,1993,745.6821832632867
Malawi,1992,673.8159771954791
Malawi,1991,731.9404749272139
Malawi,1990,671.5034302851714
Malaysia,2023,36416.54018530988
Malaysia,2022,34366.22848125767
Malaysia,2021,29822.84918316183
Malaysia,2020,27474.736137823624
Malaysia,2019,28933.92829723301
Malaysia,2018,27793.567422294807
Malaysia,2017,26415.596020328736
Malaysia,2016,25285.82135413908
Malaysia,2015,24526.394271601155
Malaysia,2014,24306.521233841464
Malaysia,2013,23160.892451062704
Malaysia,2012,22638.54069440093
Malaysia,2011,21324.359499649818
Malaysia,2010,20193.409294346387
Malaysia,2009,18922.6459509295
Malaysia,2008,19479.879958743073
Malaysia,2007,18616.807076480414
Malaysia,2006,17426.361167486335
Malaysia,2005,16371.426081607826
Malaysia,2004,15415.806340455543
Malaysia,2003,14387.248491377137
Malaysia,2002,13656.045890410584
Malaysia,2001,13071.581413329612
Malaysia,2000,13027.273338686002
Malaysia,1999,11979.679713890118
Malaysia,1998,11398.098712415933
Malaysia,1997,12469.359005984374
Malaysia,1996,11709.266999614318
Malaysia,1995,10720.253468735753
Malaysia,1994,9806.471791085412
Malaysia,1993,9018.062493730562
Malaysia,1992,8223.802959059107
Malaysia,1991,7582.569431176008
Malaysia,1990,6886.633124923576
Maldives,2023,24735.075416965778
Maldives,2022,22880.512315142023
Maldives,2021,19052.622490431066
Maldives,2020,13425.367445960112
Maldives,2019,23077.211223665177
Maldives,2018,21899.429299384297
Maldives,2017,19767.889361346763
Maldives,2016,18769.506060762935
Maldives,2015,17875.098941926222
Maldives,2014,16705.864276823293
Maldives,2013,15248.88407437526
Maldives,2012,13974.661445982156
Maldives,2011,13712.651552702046
Maldives,2010,12816.457218239068
Maldives,2009,12278.378313606872
Maldives,2008,13765.484038915349
Maldives,2007,12838.95769143993
Maldives,2006,12064.207312639635
Maldives,2005,9697.572301187562
Maldives,2004,10767.708044919656
Maldives,2003,10073.875857522882
Maldives,2002,8829.871239559845
Maldives,2001,8242.667613231273
Maldives,2000,8533.396914408871
Maldives,1999,8168.799576333303
Maldives,1998,7716.745033680534
Maldives,1997,7231.952126840886
Maldives,1996,6692.568024434093
Maldives,1995,6228.670350472672
Maldives,1994,5525.019752085175
Maldives,1993,5142.193391637656
Maldives,1992,4885.195744267093
Maldives,1991,4607.867242805893
Maldives,1990,4531.367952766013
Mali,2023,2657.7129840798475
Mali,2022,2525.245789037
Mali,2021,2347.627529139688
Mali,2020,2298.2518913994054
Mali,2019,2379.5958761971524
Mali,2018,2249.8622295924806
Mali,2017,2187.7295125842625
Mali,2016,2120.858208278651
Mali,2015,1959.6309849806084
Mali,2014,1837.384341651422
Mali,2013,1731.7665959469978
Mali,2012,1673.6262653707104
Mali,2011,1720.7850557232384
Mali,2010,1687.1802038107292
Mali,2009,1635.0748452130513
Mali,2008,1601.873468383668
Mali,2007,1550.108471960804
Mali,2006,1507.017736599876
Mali,2005,1443.3935126637432
Mali,2004,1357.4050680327114
Mali,2003,1344.3882433367226
Mali,2002,1247.2092612797755
Mali,2001,1228.7105958798943
Mali,2000,1073.3021893423688
Mali,1999,1081.2094445225014
Mali,1998,1037.0566263155729
Mali,1997,977.7997189104558
Mali,1996,938.0209140619512
Mali,1995,879.1924171568138
Mali,1994,871.9697605225632
Mali,1993,840.5444007847349
Mali,1992,812.6011651732528
Mali,1991,837.6343220368035
Mali,1990,739.6119800957433
Malta,2023,63255.82298927245
Malta,2022,60301.847486320665
Malta,2021,56697.29835737521
Malta,2020,49930.20734299181
Malta,2019,51377.38607456362
Malta,2018,48106.14043572902
Malta,2017,45676.58357371287
Malta,2016,40923.33513210492
Malta,2015,38307.26904500242
Malta,2014,35118.53692918723
Malta,2013,33048.157288068855
Malta,2012,30716.193703776677
Malta,2011,29426.03142231554
Malta,2010,28912.367239065446
Malta,2009,26767.977608536796
Malta,2008,26653.89645033302
Malta,2007,25012.58338005099
Malta,2006,23224.018687671763
Malta,2005,22227.414961543775
Malta,2004,21568.698807776203
Malta,2003,20815.410848010408
Malta,2002,19532.028033746228
Malta,2001,18437.07716583735
Malta,2000,18210.60611258638
Malta,1999,16898.54028130101
Malta,1998,16217.799071738114
Malta,1997,15461.815783808774
Malta,1996,14655.333431469013
Malta,1995,13940.17690910769
Malta,1994,12929.372411679606
Malta,1993,12094.551410124575
Malta,1992,11421.336923018667
Malta,1991,10777.111531713088
Malta,1990,10078.767011366175
Marshall Islands,2023,7532.174773078256
Marshall Islands,2022,7332.300208329557
Marshall Islands,2021,6705.875291504399
Marshall Islands,2020,6136.971196904233
Marshall Islands,2019,6045.06240778328
Marshall Islands,2018,5232.205248618638
Marshall Islands,2017,4719.313049169983
Marshall Islands,2016,4366.257642141253
Marshall Islands,2015,4125.161692677583
Marshall Islands,2014,3931.344106363936
Marshall Islands,2013,3845.003574820289
Marshall Islands,2012,3589.668803789714
Marshall Islands,2011,3536.5600423524456
Marshall Islands,2010,3473.4046989277304
Marshall Islands,2009,3253.150859418825
Marshall Islands,2008,3118.234670974244
Marshall Islands,2007,3309.397541077635
Marshall Islands,2006,3110.052255463282
Marshall Islands,2005,3016.703243690804
Marshall Islands,2004,2879.9058967482088
Marshall Islands,2003,2824.2788336473463
Marshall Islands,2002,2825.244799264864
Marshall Islands,2001,2700.2705457133534
Marshall Islands,2000,2489.9694378119416
Marshall Islands,1999,2400.345491210367
Marshall Islands,1998,2422.271947555031
Marshall Islands,1997,2434.030601278937
Marshall Islands,1996,2583.004353981824
Marshall Islands,1995,2857.748316869179
Marshall Islands,1994,2616.648519509784
Marshall Islands,1993,2451.527274535063
Marshall Islands,1992,2293.4109747865436
Marshall Islands,1991,2130.524332476629
Marshall Islands,1990,2102.345226404686
Mauritania,2023,6946.193933405413
Mauritania,2022,6484.827927211701
Mauritania,2021,5836.565808218969
Mauritania,2020,5740.73959690129
Mauritania,2019,5610.132367138917
Mauritania,2018,5429.232230597841
Mauritania,2017,5353.0660881040685
Mauritania,2016,4682.70259690033
Mauritania,2015,3977.611712758632
Mauritania,2014,3865.142586768705
Mauritania,2013,3831.047110123477
Mauritania,2012,3464.9766109926945
Mauritania,2011,3270.862513418881
Mauritania,2010,3177.844365580662
Mauritania,2009,3158.744142881713
Mauritania,2008,3235.9978215582737
Mauritania,2007,3278.276613890467
Mauritania,2006,3341.707183472185
Mauritania,2005,2809.0350814243643
Mauritania,2004,2570.294049152219
Mauritania,2003,2446.6981777178407
Mauritania,2002,2295.8050099486936
Mauritania,2001,2279.727114685773
Mauritania,2000,2303.666397081274
Mauritania,1999,2410.6744838256645
Mauritania,1998,2354.938289825046
Mauritania,1997,2325.3491063595784
Mauritania,1996,2435.946466596414
Mauritania,1995,2305.7551945255223
Mauritania,1994,2113.658381979216
Mauritania,1993,2208.572612004254
Mauritania,1992,2121.857687573165
Mauritania,1991,2115.853682661474
Mauritania,1990,2070.290628279679
Mauritius,2023,29511.227409955336
Mauritius,2022,26601.72066256052
Mauritius,2021,22737.572941054328
Mauritius,2020,21326.224396378027
Mauritius,2019,24027.118930835382
Mauritius,2018,23068.24096748779
Mauritius,2017,22595.72908176087
Mauritius,2016,21670.456600594884
Mauritius,2015,20011.333306800545
Mauritius,2014,19066.443051766364
Mauritius,2013,18225.237570248824
Mauritius,2012,17249.89327829747
Mauritius,2011,16877.46517168843
Mauritius,2010,15913.909920397364
Mauritius,2009,15099.350235814329
Mauritius,2008,14563.88875314534
Mauritius,2007,13607.332694948713
Mauritius,2006,12587.971756064537
Mauritius,2005,11699.247630585249
Mauritius,2004,11211.647636233616
Mauritius,2003,10530.750732468086
Mauritius,2002,9819.990360082971
Mauritius,2001,9582.341028378303
Mauritius,2000,9139.703670635305
Mauritius,1999,8341.295479920285
Mauritius,1998,8118.171453104164
Mauritius,1997,7648.395015549593
Mauritius,1996,7203.759856348372
Mauritius,1995,6768.744334214445
Mauritius,1994,6412.064115517008
Mauritius,1993,6113.660731966901
Mauritius,1992,5751.05340409826
Mauritius,1991,5349.021671774045
Mauritius,1990,5008.069468273261
Mexico,2023,24766.6083498177
Mexico,2022,23340.66340220844
Mexico,2021,20776.592784298868
Mexico,2020,19354.12486982079
Mexico,2019,20964.27748136924
Mexico,2018,20921.477527757168
Mexico,2017,20488.715080044138
Mexico,2016,20104.583978747152
Mexico,2015,19075.33847013766
Mexico,2014,18820.799109858384
Mexico,2013,18170.264789912017
Mexico,2012,18004.793560754235
Mexico,2011,17266.8129106549
Mexico,2010,15908.860321457794
Mexico,2009,15192.624150205573
Mexico,2008,15680.57618968812
Mexico,2007,15031.861959297768
Mexico,2006,14541.671629560771
Mexico,2005,13260.238818666869
Mexico,2004,12657.815609230684
Mexico,2003,12066.160123313586
Mexico,2002,11761.886591669228
Mexico,2001,11738.725944492751
Mexico,2000,11704.38110358367
Mexico,1999,11030.521432538431
Mexico,1998,10756.217497320278
Mexico,1997,10182.508572289533
Mexico,1996,9496.10613380394
Mexico,1995,8933.086927824363
Mexico,1994,9466.25763571475
Mexico,1993,9040.82649852377
Mexico,1992,9470.004538501616
Mexico,1991,9078.921574461609
Mexico,1990,8578.161135809685
Micronesia,2023,4313.627601015783
Micronesia,2022,4150.409334448523
Micronesia,2021,3921.725030368829
Micronesia,2020,3671.613623633736
Micronesia,2019,3717.1806703272728
Micronesia,2018,3525.3446262304215
Micronesia,2017,3459.864741854049
Micronesia,2016,3383.7970120521127
Micronesia,2015,3346.8095059381476
Micronesia,2014,3178.899621607275
Micronesia,2013,3206.3615229885545
Micronesia,2012,3280.1586185832625
Micronesia,2011,3287.3021554125576
Micronesia,2010,3125.912528966902
Micronesia,2009,3008.477298506109
Micronesia,2008,2931.1240102552897
Micronesia,2007,2921.3724915570765
Micronesia,2006,2875.3001542540505
Micronesia,2005,2774.432619712114
Micronesia,2004,2624.1742257909877
Micronesia,2003,2628.215731671314
Micronesia,2002,2533.7614656473625
Micronesia,2001,2483.24910715405
Micronesia,2000,2383.850649657531
Micronesia,1999,2230.8102573705564
Micronesia,1998,2175.762292436626
Micronesia,1997,2097.7133518615105
Micronesia,1996,2202.3605039634035
Micronesia,1995,2243.582316613844
Micronesia,1994,2075.2119238407336
Micronesia,1993,2081.077642144864
Micronesia,1992,1920.395313551656
Micronesia,1991,1841.3035038056776
Micronesia,1990,1688.5955466085434
Republic of Moldova,2023,17596.883416766723
Republic of Moldova,2022,16381.306831554148
Republic of Moldova,2021,15682.070328465348
Republic of Moldova,2020,13527.441313096731
Republic of Moldova,2019,13413.2232935126
Republic of Moldova,2018,11868.19554632228
Republic of Moldova,2017,11252.113546528271
Republic of Moldova,2016,10325.840489612649
Republic of Moldova,2015,9197.618382042723
Republic of Moldova,2014,8643.064314353434
Republic of Moldova,2013,8232.523804736804
Republic of Moldova,2012,7254.662490323135
Republic of Moldova,2011,6832.941565029611
Republic of Moldova,2010,6323.062878990409
Republic of Moldova,2009,5827.178888855629
Republic of Moldova,2008,6153.351521380805
Republic of Moldova,2007,5589.568507652017
Republic of Moldova,2006,5271.38970423064
Republic of Moldova,2005,4865.934564246976
Republic of Moldova,2004,4378.1747578796285
Republic of Moldova,2003,3959.951509926516
Republic of Moldova,2002,3632.6109182473942
Republic of Moldova,2001,3310.52882631493
Republic of Moldova,2000,3044.670505778286
Republic of Moldova,1999,2909.850349949156
Republic of Moldova,1998,2964.601516557693
Republic of Moldova,1997,3135.607025382012
Republic of Moldova,1996,3021.3098832891233
Republic of Moldova,1995,3145.9458050607573
Republic of Moldova,1994,3110.8230081100196
Republic of Moldova,1993,4394.141859343438
Republic of Moldova,1992,4337.246801423315
Republic of Moldova,1991,5979.907891497027
Republic of Moldova,1990,6894.513723115012
Mongolia,2023,18004.85120583547
Mongolia,2022,16401.989475153117
Mongolia,2021,14792.250908642214
Mongolia,2020,13693.179806942995
Mongolia,2019,13604.97894319405
Mongolia,2018,12317.482427769468
Mongolia,2017,11096.03756042385
Mongolia,2016,10511.383106314075
Mongolia,2015,10458.302724052422
Mongolia,2014,10900.23051978575
Mongolia,2013,10442.385050449348
Mongolia,2012,10151.721799816532
Mongolia,2011,8861.820528693042
Mongolia,2010,7531.625574353056
Mongolia,2009,7119.39424215189
Mongolia,2008,7296.580736598822
Mongolia,2007,6678.054743475449
Mongolia,2006,5977.196887160368
Mongolia,2005,5406.1434197401595
Mongolia,2004,4941.8266370046285
Mongolia,2003,4399.365379212604
Mongolia,2002,4083.384221652507
Mongolia,2001,3888.855285644382
Mongolia,2000,3739.696668516345
Mongolia,1999,3663.7271122737816
Mongolia,1998,3554.768867374984
Mongolia,1997,3449.234359623963
Mongolia,1996,3310.1608704483106
Mongolia,1995,3228.9736975562887
Mongolia,1994,3021.360942577471
Mongolia,1993,2928.837994115959
Mongolia,1992,2951.023619951376
Mongolia,1991,3183.1847786353947
Mongolia,1990,3479.2873450338625
Montenegro,2023,30886.595368223323
Montenegro,2022,27858.841368724912
Montenegro,2021,24046.619817080285
Montenegro,2020,21004.656466274468
Montenegro,2019,24140.696122514953
Montenegro,2018,21513.350133780823
Montenegro,2017,19682.28697342212
Montenegro,2016,18199.342601572287
Montenegro,2015,16337.194750772464
Montenegro,2014,15371.15163654804
Montenegro,2013,14870.187607896984
Montenegro,2012,13863.917517501606
Montenegro,2011,14472.44898029874
Montenegro,2010,13633.69883046486
Montenegro,2009,13021.75948878814
Montenegro,2008,13816.572919236663
Montenegro,2007,12462.208137587417
Montenegro,2006,10458.66245014876
Montenegro,2005,8313.65416335034
Montenegro,2004,7842.507530151061
Montenegro,2003,7341.278440943767
Montenegro,2002,7100.306351774685
Montenegro,2001,6772.288184551027
Montenegro,2000,6002.576411138904
Montenegro,1999,5683.257325069129
Montenegro,1998,6168.474314349401
Montenegro,1997,5797.259000711473
Morocco,2023,9842.888671875
Morocco,2022,9283.92578125
Morocco,2021,8623.265625
Morocco,2020,7704.84912109375
Morocco,2019,8046.22900390625
Morocco,2018,7801.0986328125
Morocco,2017,8115.12060546875
Morocco,2016,7853.17626953125
Morocco,2015,7799.09228515625
Morocco,2014,7237.27734375
Morocco,2013,7542.0986328125
Morocco,2012,7307.6123046875
Morocco,2011,7274.1474609375
Morocco,2010,6848.66748046875
Morocco,2009,6628.57666015625
Morocco,2008,6437.0634765625
Morocco,2007,6057.935546875
Morocco,2006,5780.6181640625
Morocco,2005,5274.74169921875
Morocco,2004,5024.6943359375
Morocco,2003,4741.0615234375
Morocco,2002,4436.4287109375
Morocco,2001,4268.86962890625
Morocco,2000,3930.22314453125
Morocco,1999,3800.6298828125
Morocco,1998,3740.35913085938
Morocco,1997,3502.00805664063
Morocco,1996,3551.25610351563
Morocco,1995,3152.42724609375
Morocco,1994,3314.78149414063
Morocco,1993,2979.28686523438
Morocco,1992,2979.068359375
Morocco,1991,3025.00708007813
Morocco,1990,2776.82250976563
Mozambique,2023,1677.68102292349
Mozambique,2022,1581.9441944417968
Mozambique,2021,1457.2354093092151
Mozambique,2020,1411.6204022991124
Mozambique,2019,1388.7970703444616
Mozambique,2018,1325.5869556895268
Mozambique,2017,1282.7496599180142
Mozambique,2016,1379.107400286906
Mozambique,2015,1317.8878595682163
Mozambique,2014,1165.828266075048
Mozambique,2013,1113.752527592904
Mozambique,2012,1075.8778608536088
Mozambique,2011,1063.6554329631088
Mozambique,2010,1000.2411486550506
Mozambique,2009,951.4854537682726
Mozambique,2008,916.1558502192124
Mozambique,2007,861.9876827305117
Mozambique,2006,798.3876676239573
Mozambique,2005,721.4117619351313
Mozambique,2004,673.3457172772327
Mozambique,2003,619.9875106764822
Mozambique,2002,580.0409214260264
Mozambique,2001,532.6273101373172
Mozambique,2000,471.9673297625287
Mozambique,1999,468.2086685296424
Mozambique,1998,422.267281581546
Mozambique,1997,387.05904429558
Mozambique,1996,349.73193868861165
Mozambique,1995,320.5998902914162
Mozambique,1994,326.44168445684534
Mozambique,1993,321.2785189635936
Mozambique,1992,291.9893327402365
Mozambique,1991,314.9300387677143
Mozambique,1990,296.03850871096046
Myanmar,2023,5953.357351658868
Myanmar,2022,5731.93787872064
Myanmar,2021,5178.447182171636
Myanmar,2020,5740.990458439917
Myanmar,2019,6101.372457657087
Myanmar,2018,5581.276954581495
Myanmar,2017,4706.432489495984
Myanmar,2016,4459.539814274713
Myanmar,2015,4458.690544424732
Myanmar,2014,4376.388332813265
Myanmar,2013,4143.630127319586
Myanmar,2012,3845.152841536713
Myanmar,2011,3579.4048297062623
Myanmar,2010,3348.1288949378436
Myanmar,2009,3039.799823391219
Myanmar,2008,2748.079213340681
Myanmar,2007,2458.8574643642255
Myanmar,2006,2152.8673094201404
Myanmar,2005,1860.4541315547729
Myanmar,2004,1600.8410561059347
Myanmar,2003,1384.5285182476605
Myanmar,2002,1203.8263073404798
Myanmar,2001,1068.825905173083
Myanmar,2000,948.7482851795248
Myanmar,1999,824.7810539877644
Myanmar,1998,741.8174716012455
Myanmar,1997,701.6279901245078
Myanmar,1996,661.2180605680979
Myanmar,1995,617.896101403912
Myanmar,1994,573.2919239495468
Myanmar,1993,529.2082155483772
Myanmar,1992,494.0844374554323
Myanmar,1991,446.583180509246
Myanmar,1990,441.1032875335952
Namibia,2023,11215.546840926092
Namibia,2022,10657.7384627391
Namibia,2021,9709.099306467706
Namibia,2020,9354.13136713077
Namibia,2019,9609.485556728736
Namibia,2018,9853.73533646074
Namibia,2017,9887.939354825496
Namibia,2016,10200.13926097332
Namibia,2015,10465.892055851637
Namibia,2014,10365.309059678071
Namibia,2013,9699.208377786495
Namibia,2012,9363.766323180293
Namibia,2011,9002.230045370574
Namibia,2010,8538.19995387624
Namibia,2009,8079.383922899704
Namibia,2008,8124.81517873676
Namibia,2007,7874.931444963853
Namibia,2006,7373.758221947213
Namibia,2005,6766.59981198213
Namibia,2004,6479.7636897396305
Namibia,2003,5692.633737480164
Namibia,2002,5433.2690272275295
Namibia,2001,5196.150098136239
Namibia,2000,5128.614336454186
Namibia,1999,4961.124326478943
Namibia,1998,4851.592293969706
Namibia,1997,4764.340780522169
Namibia,1996,4611.7580003733165
Namibia,1995,4509.129728917306
Namibia,1994,4376.065452383228
Namibia,1993,4344.624521030967
Namibia,1992,4451.935643381153
Namibia,1991,4191.707934311715
Namibia,1990,3875.470431945948
Nauru,2023,13831.81197379263
Nauru,2022,13356.203998697876
Nauru,2021,12196.645154535943
Nauru,2020,10941.66367258892
Nauru,2019,10639.50580325406
Nauru,2018,9740.428512227618
Nauru,2017,9770.04904451333
Nauru,2016,10371.396298515056
Nauru,2015,10020.377745016873
Nauru,2014,9858.203338338257
Nauru,2013,8500.654550377903
Nauru,2012,8260.60504597188
Nauru,2011,6581.543598354434
Nauru,2010,5667.939681280511
Nauru,2009,5623.977626782414
Nauru,2008,5928.485820606449
Nauru,2007,4826.375802668143
Nauru,2006,6030.36426148747
Nauru,2005,5392.131154646354
Nauru,2004,5241.126502808626
Nauru,2003,5334.5677310024885
Nauru,2002,5204.537539327683
Nauru,2001,5665.539253540712
Nauru,2000,5920.353044398448
Nauru,1999,6203.76019393967
Nauru,1998,6540.17066191938
Nauru,1997,7332.469374464301
Nauru,1996,7927.913086997619
Nauru,1995,8848.565903746272
Nauru,1994,9438.65548327646
Nauru,1993,9646.291909394286
Nauru,1992,11324.281769435647
Nauru,1991,13451.423020945364
Nauru,1990,16442.826826164135
Nepal,2023,5393.62090216188
Nepal,2022,5102.992311419944
Nepal,2021,4546.229700062892
Nepal,2020,4235.574623269048
Nepal,2019,4260.673731908505
Nepal,2018,3956.124610944433
Nepal,2017,3604.708259497466
Nepal,2016,2976.12513681451
Nepal,2015,2957.305591455043
Nepal,2014,2901.197520861691
Nepal,2013,2658.0219688693333
Nepal,2012,2465.834694491314
Nepal,2011,2247.9974293220516
Nepal,2010,2139.227493819276
Nepal,2009,2028.9574075456464
Nepal,2008,1942.152996901744
Nepal,2007,1809.3237124465647
Nepal,2006,1717.7861177543457
Nepal,2005,1627.8391559461743
Nepal,2004,1542.4494764108492
Nepal,2003,1453.1836578446414
Nepal,2002,1390.4370697471873
Nepal,2001,1388.4704544977703
Nepal,2000,1316.8294091397906
Nepal,1999,1233.6614109639702
Nepal,1998,1186.9248560408498
Nepal,1997,1161.9817607701525
Nepal,1996,1110.2219268988106
Nepal,1995,1058.20747640041
Nepal,1994,1026.0837007013015
Nepal,1993,951.9103707571826
Nepal,1992,920.1815085876248
Nepal,1991,888.9148212378351
Nepal,1990,829.5541090772095
Netherlands,2023,78102.92418391495
Netherlands,2022,77087.39423268703
Netherlands,2021,68511.66245482817
Netherlands,2020,62596.630202752414
Netherlands,2019,62345.2538465432
Netherlands,2018,58819.26091425824
Netherlands,2017,56037.567993605655
Netherlands,2016,53162.27915980258
Netherlands,2015,50970.34848439098
Netherlands,2014,49751.30928608216
Netherlands,2013,49622.05196147994
Netherlands,2012,47653.34016513706
Netherlands,2011,47004.13707390621
Netherlands,2010,45306.30780548948
Netherlands,2009,44935.74574964813
Netherlands,2008,46714.3454301392
Netherlands,2007,44205.04498361263
Netherlands,2006,41216.8840677591
Netherlands,2005,37778.48643600654
Netherlands,2004,35965.54680211359
Netherlands,2003,34290.755046780716
Netherlands,2002,34568.45932681076
Netherlands,2001,33262.98238092054
Netherlands,2000,31887.853461068687
Netherlands,1999,29316.263477573782
Netherlands,1998,27746.987130064732
Netherlands,1997,26055.5217276584
Netherlands,1996,24554.94971068931
Netherlands,1995,23464.76137665283
Netherlands,1994,22398.675698091734
Netherlands,1993,21428.482969851837
Netherlands,1992,20816.937575730644
Netherlands,1991,20163.55964431192
Netherlands,1990,19190.228176969355
New Zealand,2023,53480.77183267152
New Zealand,2022,53070.99321021498
New Zealand,2021,47950.85357640746
New Zealand,2020,45283.46804962172
New Zealand,2019,45163.6964269884
New Zealand,2018,42499.37792608363
New Zealand,2017,42206.923421303974
New Zealand,2016,39946.23443085632
New Zealand,2015,37552.73729734954
New Zealand,2014,37297.81348489776
New Zealand,2013,36243.243972771634
New Zealand,2012,32989.36815696209
New Zealand,2011,32702.1461450023
New Zealand,2010,31214.051092545073
New Zealand,2009,30682.953875723502
New Zealand,2008,29827.14254753851
New Zealand,2007,29353.500628372287
New Zealand,2006,27744.06171983263
New Zealand,2005,25677.4190803252
New Zealand,2004,25096.68587784854
New Zealand,2003,23987.368894492352
New Zealand,2002,23306.279537627735
New Zealand,2001,22521.04093824918
New Zealand,2000,21500.62928980995
New Zealand,1999,20579.36591651404
New Zealand,1998,19319.98356457647
New Zealand,1997,19127.30041260743
New Zealand,1996,18441.634545980112
New Zealand,1995,17885.353705654234
New Zealand,1994,17111.15052089855
New Zealand,1993,15964.25624428352
New Zealand,1992,14937.454313669175
New Zealand,1991,14560.450054341396
New Zealand,1990,14871.455103405622
Nicaragua,2023,8309.339912836404
Nicaragua,2022,7776.188040403888
Nicaragua,2021,7086.622395154064
Nicaragua,2020,6251.982084045488
Nicaragua,2019,5981.111296888302
Nicaragua,2018,5935.172852886406
Nicaragua,2017,6225.361190143199
Nicaragua,2016,5882.369948258331
Nicaragua,2015,5448.887673225652
Nicaragua,2014,5067.744362451555
Nicaragua,2013,4710.558093240919
Nicaragua,2012,4507.927195943503
Nicaragua,2011,4324.705932853753
Nicaragua,2010,4042.186775283936
Nicaragua,2009,3879.654164684722
Nicaragua,2008,4044.302317136014
Nicaragua,2007,3891.464379121753
Nicaragua,2006,3657.952762745673
Nicaragua,2005,3455.970388290705
Nicaragua,2004,3255.4641068924366
Nicaragua,2003,3046.0889847540693
Nicaragua,2002,2948.2107336064687
Nicaragua,2001,2916.532823092465
Nicaragua,2000,2806.241232569756
Nicaragua,1999,2672.4750025163844
Nicaragua,1998,2497.433250341466
Nicaragua,1997,2417.970546898672
Nicaragua,1996,2324.766709189352
Nicaragua,1995,2187.020276957018
Nicaragua,1994,2064.155861481659
Nicaragua,1993,1997.69955819545
Nicaragua,1992,2002.626145730454
Nicaragua,1991,1995.0644912437092
Nicaragua,1990,1978.5535472861616
Niger,2023,1890.5051859208888
Niger,2022,1839.969096759042
Niger,2021,1585.5992202118823
Niger,2020,1496.8335002302204
Niger,2019,1419.1680507019307
Niger,2018,1275.9964393532748
Niger,2017,1208.1460995526625
Niger,2016,1188.5570922983698
Niger,2015,1172.19178758955
Niger,2014,1161.3251572379274
Niger,2013,1137.769041295708
Niger,2012,1161.7890828976665
Niger,2011,1064.4191739036075
Niger,2010,1057.511002563538
Niger,2009,998.792501509415
Niger,2008,1010.4318461954358
Niger,2007,954.8922800961228
Niger,2006,935.1753293325164
Niger,2005,888.3042625335532
Niger,2004,832.1251966099682
Niger,2003,836.9784405860984
Niger,2002,832.4693644075377
Niger,2001,809.387186874209
Niger,2000,764.2818851443545
Niger,1999,783.1838770775952
Niger,1998,801.0469397140643
Niger,1997,745.1055239065621
Niger,1996,745.8108440229412
Niger,1995,756.5455885514411
Niger,1994,747.5756776583813
Niger,1993,742.10718080021
Niger,1992,745.8043100785361
Niger,1991,737.5289213497089
Niger,1990,739.1088509442145
Nigeria,2023,6207.421378450632
Nigeria,2022,5948.726147068125
Nigeria,2021,5491.700340682966
Nigeria,2020,5353.705548993884
Nigeria,2019,5362.408307575608
Nigeria,2018,5083.172331022068
Nigeria,2017,4996.8947279188615
Nigeria,2016,5022.333267039819
Nigeria,2015,5189.453971954607
Nigeria,2014,5252.150949567578
Nigeria,2013,4973.785275517676
Nigeria,2012,4737.106744398251
Nigeria,2011,4676.4081511928125
Nigeria,2010,4474.607050706612
Nigeria,2009,4209.218531948963
Nigeria,2008,3981.6581169142983
Nigeria,2007,3762.203463568424
Nigeria,2006,3533.0468472749417
Nigeria,2005,3322.0141983550593
Nigeria,2004,3111.1401597557538
Nigeria,2003,2851.043988047814
Nigeria,2002,2677.28601987111
Nigeria,2001,2349.441856183686
Nigeria,2000,2229.0657777880606
Nigeria,1999,2131.839930903041
Nigeria,1998,2145.706032247834
Nigeria,1997,2123.2361730492503
Nigeria,1996,2081.1630176493286
Nigeria,1995,2013.40021982216
Nigeria,1994,2026.2120087954888
Nigeria,1993,2074.6041306785824
Nigeria,1992,2124.2233875640377
Nigeria,1991,2037.7675101663572
Nigeria,1990,2016.6342466955364
North Macedonia,2023,24327.414690129975
North Macedonia,2022,24047.296551911317
North Macedonia,2021,22124.242386647544
North Macedonia,2020,19962.24695779709
North Macedonia,2019,20222.557383491156
North Macedonia,2018,18460.515663438833
North Macedonia,2017,17161.137983765737
North Macedonia,2016,16457.556045196783
North Macedonia,2015,15038.18595431187
North Macedonia,2014,14485.124260876337
North Macedonia,2013,13662.810582700668
North Macedonia,2012,12725.925831398636
North Macedonia,2011,12420.831671823713
North Macedonia,2010,11993.531514520211
North Macedonia,2009,11526.1244817859
North Macedonia,2008,10924.327671310166
North Macedonia,2007,9639.005487598346
North Macedonia,2006,8890.33979540059
North Macedonia,2005,7972.310770344096
North Macedonia,2004,7230.395049900831
North Macedonia,2003,6609.043278199636
North Macedonia,2002,6395.1934747628875
North Macedonia,2001,6051.691015174324
North Macedonia,2000,6152.5882611830975
North Macedonia,1999,5724.471735878825
North Macedonia,1998,5448.057220027642
North Macedonia,1997,5225.735723451175
North Macedonia,1996,5024.758449413885
North Macedonia,1995,4910.835513383344
North Macedonia,1994,4878.5318927676235
North Macedonia,1993,4827.652296594562
North Macedonia,1992,5032.180717484043
North Macedonia,1991,5205.654420434561
North Macedonia,1990,5346.513000992608
Norway,2023,100667.52928427096
Norway,2022,122516.2435608112
Norway,2021,88903.80102863286
Norway,2020,67110.60457055
Norway,2019,70939.60551803617
Norway,2018,70253.84636933861
Norway,2017,64589.5559196863
Norway,2016,59280.19920288285
Norway,2015,60754.18169163768
Norway,2014,66332.46143741976
Norway,2013,67377.92622587722
Norway,2012,65774.35207462238
Norway,2011,62460.09081570024
Norway,2010,58219.61434635231
Norway,2009,55618.63376418357
Norway,2008,62072.75398549091
Norway,2007,56181.304566685714
Norway,2006,54369.1766461345
Norway,2005,47966.8640112608
Norway,2004,42672.93753489355
Norway,2003,38684.70968250986
Norway,2002,38056.24042781063
Norway,2001,37833.480410732445
Norway,2000,36986.49419846388
Norway,1999,30573.734224244217
Norway,1998,28198.431765544326
Norway,1997,28603.367045819257
Norway,1996,26816.313840828116
Norway,1995,24344.300467465146
Norway,1994,23012.11229464926
Norway,1993,21569.250265276885
Norway,1992,20609.240678169044
Norway,1991,19567.253325862737
Norway,1990,18448.552644884552
Oman,2023,42519.70499189622
Oman,2022,43244.37714247368
Oman,2021,38719.45876820488
Oman,2020,35163.32817814155
Oman,2019,37250.61107883588
Oman,2018,37780.330832727064
Oman,2017,33619.498898260696
Oman,2016,33333.8635893722
Oman,2015,36058.166608478794
Oman,2014,44235.83363293341
Oman,2013,47013.47309343851
Oman,2012,49989.44250939939
Oman,2011,52393.31358202932
Oman,2010,55667.46877732171
Oman,2009,55127.46777243235
Oman,2008,52841.188951463984
Oman,2007,48626.92204125077
Oman,2006,46091.182234111635
Oman,2005,43672.52031780087
Oman,2004,42141.63689704476
Oman,2003,40934.695715475376
Oman,2002,41511.02852572472
Oman,2001,41679.015088695
Oman,2000,39443.26073988715
Oman,1999,36791.57668311884
Oman,1998,36665.64185258369
Oman,1997,36808.93479145577
Oman,1996,34660.624812941525
Oman,1995,33598.333145284654
Oman,1994,31924.77509798279
Oman,1993,30986.526256173747
Oman,1992,29772.904424416323
Oman,1991,28108.66144262851
Oman,1990,26904.00220990263
Pakistan,2023,6036.650769238023
Pakistan,2022,5920.2743065411
Pakistan,2021,5367.273647147621
Pakistan,2020,5048.021306296299
Pakistan,2019,5037.534015597454
Pakistan,2018,4979.373496165502
Pakistan,2017,4789.536465575526
Pakistan,2016,4630.731506837398
Pakistan,2015,4480.263134609849
Pakistan,2014,4312.990700407763
Pakistan,2013,4173.938585687575
Pakistan,2012,4046.598487663111
Pakistan,2011,3879.597769344898
Pakistan,2010,3785.7011352690342
Pakistan,2009,3777.090986308046
Pakistan,2008,3721.332935556334
Pakistan,2007,3672.185274533126
Pakistan,2006,3514.813652329537
Pakistan,2005,3292.6022326572424
Pakistan,2004,3048.3570912670084
Pakistan,2003,2821.7313702063916
Pakistan,2002,2687.829936193896
Pakistan,2001,2643.7662749569977
Pakistan,2000,2565.1995881554135
Pakistan,1999,2474.816477126243
Pakistan,1998,2419.07785440509
Pakistan,1997,2398.013574512619
Pakistan,1996,2400.6345166266087
Pakistan,1995,2314.907985367493
Pakistan,1994,2223.514283683996
Pakistan,1993,2160.189666570893
Pakistan,1992,2132.019417211585
Pakistan,1991,1991.5796405158965
Pakistan,1990,1895.2626696009552
Palau,2023,17531.69841882738
Palau,2022,16581.021088490208
Palau,2021,15663.174395388716
Palau,2020,17367.26970272798
Palau,2019,18227.267619390677
Palau,2018,17879.453104817374
Palau,2017,17461.782409361815
Palau,2016,17747.60823916336
Palau,2015,17685.062852156563
Palau,2014,16244.777470543604
Palau,2013,15297.61913260715
Palau,2012,15410.4666511358
Palau,2011,14682.766778410014
Palau,2010,13448.933863324484
Palau,2009,13183.262845564346
Palau,2008,13905.27355205718
Palau,2007,14216.376098935109
Palau,2006,13400.750609409306
Palau,2005,12867.536080108386
Palau,2004,12063.860116020776
Palau,2003,11395.293080129071
Palau,2002,11639.220922852252
Palau,2001,10998.824764714032
Palau,2000,10191.71064780188
Palau,1999,10382.362369385764
Palau,1998,11042.118657129196
Palau,1997,10951.232358461417
Palau,1996,10794.172497418836
Palau,1995,9857.84874042926
Palau,1994,8927.051866962083
Palau,1993,8343.804069841186
Palau,1992,9516.36456369066
Palau,1991,10179.269569043026
Palau,1990,9604.25029318882
Panama,2023,39803.31895328948
Panama,2022,36245.14565510412
Panama,2021,30932.76277805155
Panama,2020,27017.003368895097
Panama,2019,33239.73323116404
Panama,2018,32463.540359127015
Panama,2017,33533.32600793293
Panama,2016,30276.70884058325
Panama,2015,27245.278853366923
Panama,2014,24376.08086850864
Panama,2013,21923.675093953127
Panama,2012,19473.25148201859
Panama,2011,17473.76514014239
Panama,2010,15572.578719290115
Panama,2009,14765.738021774065
Panama,2008,14705.371450913057
Panama,2007,13332.866106006466
Panama,2006,11684.555027279486
Panama,2005,10511.02203127888
Panama,2004,9591.602883114789
Panama,2003,8800.566641312174
Panama,2002,8370.30337144927
Panama,2001,8197.157630029453
Panama,2000,8097.295782886517
Panama,1999,7748.835990025274
Panama,1998,7407.54986477573
Panama,1997,6894.691059530021
Panama,1996,6420.512571409762
Panama,1995,6827.518617809338
Panama,1994,6707.615245829599
Panama,1993,6518.340801965216
Panama,1992,6164.73370493611
Panama,1991,5688.366859421197
Panama,1990,5136.526063974699
Papua New Guinea,2023,4632.97979376141
Papua New Guinea,2022,4419.61927180525
Papua New Guinea,2021,3976.9038002754824
Papua New Guinea,2020,3899.577192494191
Papua New Guinea,2019,4059.828602060184
Papua New Guinea,2018,3909.915729680752
Papua New Guinea,2017,3923.171976729825
Papua New Guinea,2016,3812.710350989956
Papua New Guinea,2015,3669.7387158569145
Papua New Guinea,2014,3499.548467439592
Papua New Guinea,2013,3109.895372299169
Papua New Guinea,2012,3025.8559958677156
Papua New Guinea,2011,2918.5439177754356
Papua New Guinea,2010,2911.892031868516
Papua New Guinea,2009,2692.4350926321863
Papua New Guinea,2008,2583.4809432772468
Papua New Guinea,2007,2622.37468724114
Papua New Guinea,2006,2443.802252366519
Papua New Guinea,2005,2321.909162467441
Papua New Guinea,2004,2186.5400815841303
Papua New Guinea,2003,2141.9408870725783
Papua New Guinea,2002,2125.3872013121763
Papua New Guinea,2001,2167.758886041871
Papua New Guinea,2000,2195.9578329354654
Papua New Guinea,1999,2279.546543164638
Papua New Guinea,1998,2284.9335806968384
Papua New Guinea,1997,2432.071614045469
Papua New Guinea,1996,2578.1922029701213
Papua New Guinea,1995,2435.650411886475
Papua New Guinea,1994,2557.7186377228
Papua New Guinea,1993,2450.9558759402394
Papua New Guinea,1992,2100.4619010891997
Papua New Guinea,1991,1868.8182709622536
Papua New Guinea,1990,1703.2357083274808
Paraguay,2023,17516.79846951899
Paraguay,2022,16347.043497475364
Paraguay,2021,15406.167064657851
Paraguay,2020,14308.87877383284
Paraguay,2019,14149.598522750528
Paraguay,2018,14139.09312675606
Paraguay,2017,13977.342778865084
Paraguay,2016,13329.137336632171
Paraguay,2015,12679.057475321471
Paraguay,2014,12607.072163663945
Paraguay,2013,12137.008194759595
Paraguay,2012,10954.325157016334
Paraguay,2011,11441.763677227833
Paraguay,2010,10893.314919848028
Paraguay,2009,9801.649331119646
Paraguay,2008,9867.396953280268
Paraguay,2007,9178.944215754966
Paraguay,2006,8560.739251158544
Paraguay,2005,8006.709781583421
Paraguay,2004,7685.658147999098
Paraguay,2003,7275.933160030587
Paraguay,2002,6924.183349265112
Paraguay,2001,6916.493307203691
Paraguay,2000,6937.176719768731
Paraguay,1999,7079.866491694946
Paraguay,1998,7226.700957424671
Paraguay,1997,7298.842318037033
Paraguay,1996,7040.019164067441
Paraguay,1995,6966.447732870683
Paraguay,1994,6542.408176747641
Paraguay,1993,6233.761140274619
Paraguay,1992,5951.800798294162
Paraguay,1991,5872.940329477481
Paraguay,1990,5636.788069901909
Peru,2023,16974.242002988565
Peru,2022,16657.48972126866
Peru,2021,15282.273637263626
Peru,2020,12563.303806089298
Peru,2019,13563.537293355055
Peru,2018,13078.232350340506
Peru,2017,12591.85628792344
Peru,2016,12066.54606833171
Peru,2015,11600.387399286728
Peru,2014,11517.737171024686
Peru,2013,11290.554740387362
Peru,2012,10757.15222343512
Peru,2011,10462.577043466255
Peru,2010,9713.35863299894
Peru,2009,8916.595775395002
Peru,2008,8820.139010426603
Peru,2007,7982.050083651588
Peru,2006,7213.596060147987
Peru,2005,6559.543300141546
Peru,2004,6037.52025113977
Peru,2003,5656.858161131422
Peru,2002,5382.5664127289765
Peru,2001,5086.422477846798
Peru,2000,5011.9454071994505
Peru,1999,4847.398267364609
Peru,1998,4791.405701535891
Peru,1997,4844.098198651282
Peru,1996,4555.769595034733
Peru,1995,4434.672451622566
Peru,1994,4123.041875601468
Peru,1993,3666.23318871897
Peru,1992,3472.2306585917913
Peru,1991,3483.5389809549374
Peru,1990,3366.6569612569665
Philippines,2023,10988.630041204542
Philippines,2022,10131.346369794092
Philippines,2021,8857.789951155139
Philippines,2020,8238.368020374523
Philippines,2019,8924.101164166044
Philippines,2018,8357.743579250671
Philippines,2017,7773.798535896339
Philippines,2016,7382.667584220345
Philippines,2015,6894.26702227823
Philippines,2014,6688.73961247747
Philippines,2013,6372.833820966802
Philippines,2012,6094.268373606972
Philippines,2011,5705.435911861525
Philippines,2010,5489.235434828873
Philippines,2009,5157.278250965601
Philippines,2008,5144.335781856643
Philippines,2007,4923.19718570605
Philippines,2006,4578.706308925864
Philippines,2005,4289.052236917907
Philippines,2004,4037.171938018395
Philippines,2003,3761.4962459603953
Philippines,2002,3580.382454780015
Philippines,2001,3468.89888311882
Philippines,2000,3365.558330024448
Philippines,1999,3228.751169993905
Philippines,1998,3160.364747910284
Philippines,1997,3221.3917104004577
Philippines,1996,3082.309659983844
Philippines,1995,2925.961014344106
Philippines,1994,2799.779882452444
Philippines,1993,2684.276593874832
Philippines,1992,2628.587544773893
Philippines,1991,2620.7043769231523
Philippines,1990,2607.965744939157
Poland,2023,46450.10678799697
Poland,2022,46038.667984774154
Poland,2021,41022.51263109616
Poland,2020,36714.16866604241
Poland,2019,35882.365506555274
Poland,2018,32345.10660762248
Poland,2017,30170.28189740874
Poland,2016,28359.692734626555
Poland,2015,26995.34087137449
Poland,2014,25459.739227376136
Poland,2013,24433.891434487698
Poland,2012,23728.145682143484
Poland,2011,22808.50552688992
Poland,2010,20993.24956025771
Poland,2009,19290.120471782833
Poland,2008,18372.376454830013
Poland,2007,16833.85225643818
Poland,2006,15208.126622577034
Poland,2005,13935.55731482138
Poland,2004,13414.857393442866
Poland,2003,12330.472710172886
Poland,2002,11841.268408772108
Poland,2001,11176.471596406273
Poland,2000,10718.910540425471
Poland,1999,10080.688038193535
Poland,1998,9520.081918442864
Poland,1997,8965.018894173169
Poland,1996,8307.205672340639
Poland,1995,7709.490211468587
Poland,1994,7035.257483566072
Poland,1993,6555.7359063874055
Poland,1992,6188.891198436405
Poland,1991,5920.677521220391
Poland,1990,6180.985688495617
Portugal,2023,47208.84322923688
Portugal,2022,44519.864625666734
Portugal,2021,38622.794641433735
Portugal,2020,35966.71279656083
Portugal,2019,37865.560356429654
Portugal,2018,34896.799338297526
Portugal,2017,32970.83953865624
Portugal,2016,31589.269560955247
Portugal,2015,29615.95608541083
Portugal,2014,28764.52549550424
Portugal,2013,27966.087425470465
Portugal,2012,26476.218277726937
Portugal,2011,26803.23369046455
Portugal,2010,27295.103556180184
Portugal,2009,26458.10969579254
Portugal,2008,26665.837295293903
Portugal,2007,25738.936909353128
Portugal,2006,24682.56462369332
Portugal,2005,22725.277494608355
Portugal,2004,21478.429734514684
Portugal,2003,20852.240428969635
Portugal,2002,20356.647299736014
Portugal,2001,19530.67853139174
Portugal,2000,18879.058208944654
Portugal,1999,17718.15157244185
Portugal,1998,16686.942671376855
Portugal,1997,15785.791653333734
Portugal,1996,14916.444832625832
Portugal,1995,14396.842327449009
Portugal,1994,13568.92171708509
Portugal,1993,13193.733924520786
Portugal,1992,13173.168628443083
Portugal,1991,12730.945167214282
Portugal,1990,11771.916324690572
Qatar,2023,128918.54928825736
Qatar,2022,122920.49875985085
Qatar,2021,116832.57029046176
Qatar,2020,82149.35737154314
Qatar,2019,107502.46979202116
Qatar,2018,110032.71323632344
Qatar,2017,99358.3403307696
Qatar,2016,89934.692005072
Qatar,2015,102545.9396346334
Qatar,2014,148389.1089640213
Qatar,2013,169203.26105804968
Qatar,2012,180939.42577490112
Qatar,2011,174619.91135910078
Qatar,2010,151646.2174138854
Qatar,2009,125897.51969467453
Qatar,2008,126014.91887459812
Qatar,2007,124055.57865351417
Qatar,2006,127180.60377005627
Qatar,2005,115250.30588949576
Qatar,2004,110957.7353612812
Qatar,2003,94120.28806960976
Qatar,2002,93176.4527017878
Qatar,2001,89804.86027229909
Qatar,2000,88848.62702667319
Qatar,1999,84690.02174354713
Qatar,1998,84486.1703436348
Qatar,1997,79218.96393412791
Qatar,1996,62331.31616253536
Qatar,1995,60321.061145034706
Qatar,1994,59415.3132385647
Qatar,1993,59124.92536577785
Qatar,1992,60386.979193096275
Qatar,1991,54758.67346604366
Qatar,1990,55658.83704082221
Romania,2023,45658.66144173758
Romania,2022,42182.57280782357
Romania,2021,37698.358113868046
Romania,2020,34386.17739256704
Romania,2019,33638.69660249694
Romania,2018,29586.61687391752
Romania,2017,26943.367716192985
Romania,2016,23905.18822056894
Romania,2015,21630.407902491952
Romania,2014,20633.009314697505
Romania,2013,19678.12830388544
Romania,2012,19807.45796308381
Romania,2011,18803.916245247587
Romania,2010,17356.65885648886
Romania,2009,16632.131772588615
Romania,2008,16782.116640703774
Romania,2007,13703.18954621066
Romania,2006,11556.569248186905
Romania,2005,9602.140134361936
Romania,2004,8990.53727643873
Romania,2003,7560.372297800715
Romania,2002,7162.317314405447
Romania,2001,6520.601053056702
Romania,2000,5848.840986276439
Romania,1999,5596.467727122197
Romania,1998,5544.2829162737025
Romania,1997,5563.063836801006
Romania,1996,5743.526491417802
Romania,1995,5425.430044051012
Romania,1994,4992.088956593856
Romania,1993,4695.982395378345
Romania,1992,4512.028805093371
Romania,1991,4791.940873196856
Romania,1990,5276.759252831945
Russian Federation,2023,44120.14453125
Russian Federation,2022,40991.6171875
Russian Federation,2021,38938.49609375
Russian Federation,2020,31490.8046875
Russian Federation,2019,30963.853515625
Russian Federation,2018,28628.5625
Russian Federation,2017,25777.904296875
Russian Federation,2016,24012.40234375
Russian Federation,2015,23994.013671875
Russian Federation,2014,25688.2265625
Russian Federation,2013,26019.7265625
Russian Federation,2012,24273.517578125
Russian Federation,2011,22789.54296875
Russian Federation,2010,20490.126953125
Russian Federation,2009,19389.94140625
Russian Federation,2008,20163.609375
Russian Federation,2007,16648.2421875
Russian Federation,2006,14912.234375
Russian Federation,2005,11822.3466796875
Russian Federation,2004,10226.7666015625
Russian Federation,2003,9254.537109375
Russian Federation,2002,8037.474609375
Russian Federation,2001,7361.36376953125
Russian Federation,2000,6825.3916015625
Russian Federation,1999,5914.326171875
Russian Federation,1998,5465.05615234375
Russian Federation,1997,5699.94775390625
Russian Federation,1996,5517.85888671875
Russian Federation,1995,5613.28076171875
Russian Federation,1994,5734.421875
Russian Federation,1993,6419.53662109375
Russian Federation,1992,6862.41455078125
Russian Federation,1991,7857.85498046875
Russian Federation,1990,8027.7890625
Rwanda,2023,3396.155325415816
Rwanda,2022,3095.9186405830515
Rwanda,2021,2731.0901529404646
Rwanda,2020,2284.898897953281
Rwanda,2019,2336.039673027319
Rwanda,2018,2125.495227128391
Rwanda,2017,1967.942866024989
Rwanda,2016,1866.389685302856
Rwanda,2015,1780.7417163686316
Rwanda,2014,1677.568696841822
Rwanda,2013,1512.241712538484
Rwanda,2012,1454.5250789138802
Rwanda,2011,1412.9075215531846
Rwanda,2010,1314.135594930431
Rwanda,2009,1240.5497263196155
Rwanda,2008,1190.7575798140454
Rwanda,2007,1078.9388524473752
Rwanda,2006,1002.2894938609488
Rwanda,2005,914.2273663975188
Rwanda,2004,832.2797193144986
Rwanda,2003,774.5082373257306
Rwanda,2002,759.6626129099669
Rwanda,2001,669.8754363210427
Rwanda,2000,609.265855546502
Rwanda,1999,554.2057727239228
Rwanda,1998,527.9742519374856
Rwanda,1997,499.8073429775745
Rwanda,1996,498.8819782777682
Rwanda,1995,513.7631979202115
Rwanda,1994,310.86761735856203
Rwanda,1993,520.6498890475391
Rwanda,1992,574.9312161124526
Rwanda,1991,541.9657692425678
Rwanda,1990,548.816313241143
Sao Tome and Principe,2023,6149.981460819281
Sao Tome and Principe,2022,6033.6811722183165
Sao Tome and Principe,2021,5732.694560615356
Sao Tome and Principe,2020,5144.535602860143
Sao Tome and Principe,2019,4655.484964498049
Sao Tome and Principe,2018,3941.032808584094
Sao Tome and Principe,2017,3436.310101246935
Sao Tome and Principe,2016,3319.542617332775
Sao Tome and Principe,2015,3171.5090583274136
Sao Tome and Principe,2014,3233.356880731405
Sao Tome and Principe,2013,2945.7366428374394
Sao Tome and Principe,2012,2694.6572649063114
Sao Tome and Principe,2011,2914.212856952224
Sao Tome and Principe,2010,2858.56899089983
Sao Tome and Principe,2009,2845.735893845526
Sao Tome and Principe,2008,2801.8357933636603
Sao Tome and Principe,2007,2650.1038762595495
Sao Tome and Principe,2006,2550.595539922749
Sao Tome and Principe,2005,2329.014230145799
Sao Tome and Principe,2004,2170.9412191762276
Sao Tome and Principe,2003,2093.5049337653472
Sao Tome and Principe,2002,1944.9983848164543
Sao Tome and Principe,2001,1897.8741111419324
Sao Tome and Principe,2000,1830.3662994299077
Sao Tome and Principe,1999,1801.548613876993
Sao Tome and Principe,1998,1753.9049450776256
Sao Tome and Principe,1997,1714.3876820300618
Sao Tome and Principe,1996,1692.579513837616
Sao Tome and Principe,1995,1662.6784404921973
Sao Tome and Principe,1994,1622.6193270603867
Sao Tome and Principe,1993,1581.485692576217
Sao Tome and Principe,1992,1556.172302824291
Sao Tome and Principe,1991,1539.9282554292718
Sao Tome and Principe,1990,1504.395239964955
Samoa,2023,6996.841921091414
Samoa,2022,6260.402382714482
Samoa,2021,6214.0169278955755
Samoa,2020,6450.765383609225
Samoa,2019,6638.184547464392
Samoa,2018,6318.269772813974
Samoa,2017,6280.215004651613
Samoa,2016,6141.450890413608
Samoa,2015,5681.778127580014
Samoa,2014,5468.100585144422
Samoa,2013,5386.9006306771635
Samoa,2012,5338.739793158258
Samoa,2011,5494.240631182129
Samoa,2010,5229.041911940271
Samoa,2009,4906.482542769048
Samoa,2008,4939.225583486485
Samoa,2007,4713.021233686023
Samoa,2006,4591.907025140971
Samoa,2005,4378.594431526491
Samoa,2004,3996.7446356825694
Samoa,2003,3792.198476576788
Samoa,2002,3552.910667100853
Samoa,2001,3334.977916313521
Samoa,2000,3061.8498667720005
Samoa,1999,2871.214476419694
Samoa,1998,2791.8176617127556
Samoa,1997,2722.158119269825
Samoa,1996,2681.193180571195
Samoa,1995,2477.7372978677067
Samoa,1994,2293.577954532164
Samoa,1993,2322.783123146384
Samoa,1992,2198.1008859371377
Samoa,1991,2165.676112804159
Samoa,1990,2148.283522274806
San Marino,2022,75941.48990901654
San Marino,2021,64745.13167807012
San Marino,2020,55206.58123244048
San Marino,2019,57444.119358210875
San Marino,2018,54460.90583328653
San Marino,2017,52463.419639774795
San Marino,2016,53033.056337623486
San Marino,2015,52247.20782764151
San Marino,2014,52909.22240712516
San Marino,2013,50770.36731958624
San Marino,2012,51274.215478596416
San Marino,2011,56239.95927300176
San Marino,2010,58926.140369555374
San Marino,2009,61969.82853710594
San Marino,2008,71723.62421757105
San Marino,2007,71744.05199756498
San Marino,2006,67434.15600487453
San Marino,2005,63738.573871455694
San Marino,2004,61113.90186693246
San Marino,2003,60223.91284622905
San Marino,2002,57583.90694240237
San Marino,2001,57251.79559481553
San Marino,2000,53713.44833455515
San Marino,1999,52063.946301641015
San Marino,1998,47679.14662437455
San Marino,1997,44426.47543600362
Saudi Arabia,2023,61102.91537233799
Saudi Arabia,2022,61440.7652906224
Saudi Arabia,2021,55768.23552013492
Saudi Arabia,2020,45434.471645187376
Saudi Arabia,2019,56188.195182736265
Saudi Arabia,2018,56700.064957235634
Saudi Arabia,2017,51237.79694443248
Saudi Arabia,2016,48250.51101050297
Saudi Arabia,2015,52069.643237994205
Saudi Arabia,2014,60944.58405013493
Saudi Arabia,2013,60918.7402388012
Saudi Arabia,2012,64162.53583263838
Saudi Arabia,2011,63745.91473263616
Saudi Arabia,2010,58883.84925005734
Saudi Arabia,2009,54838.70275970752
Saudi Arabia,2008,57289.690341316185
Saudi Arabia,2007,55081.42523508936
Saudi Arabia,2006,54689.966203197975
Saudi Arabia,2005,53598.36502607274
Saudi Arabia,2004,51273.319157614125
Saudi Arabia,2003,48123.17596577787
Saudi Arabia,2002,45508.62564941568
Saudi Arabia,2001,47425.20562259818
Saudi Arabia,2000,48689.19788309542
Saudi Arabia,1999,47539.158614022286
Saudi Arabia,1998,48913.0329915121
Saudi Arabia,1997,48841.39765592636
Saudi Arabia,1996,48614.67413724335
Saudi Arabia,1995,48097.42722160999
Saudi Arabia,1994,48949.412165163536
Saudi Arabia,1993,49549.63200352136
Saudi Arabia,1992,50402.60350384773
Saudi Arabia,1991,49341.671033743376
Saudi Arabia,1990,46257.53411089631
Senegal,2023,4791.4486203140905
Senegal,2022,4529.14886305445
Senegal,2021,4173.677413996194
Senegal,2020,3752.91947490817
Senegal,2019,3647.951373572416
Senegal,2018,3380.2159652944542
Senegal,2017,3234.361581940883
Senegal,2016,3101.1234849410794
Senegal,2015,2994.2803271487464
Senegal,2014,2853.804562506351
Senegal,2013,2768.7681871198447
Senegal,2012,2764.2613070848224
Senegal,2011,2684.9498972231845
Senegal,2010,2662.5048662388326
Senegal,2009,2605.7228025191016
Senegal,2008,2580.7194917606544
Senegal,2007,2499.315828784144
Senegal,2006,2422.0976179321906
Senegal,2005,2350.2003703973305
Senegal,2004,2236.2940095264457
Senegal,2003,2130.5079747267005
Senegal,2002,2026.77782446563
Senegal,2001,2043.8528953205323
Senegal,2000,1963.2750987904449
Senegal,1999,1893.0328370867903
Senegal,1998,1798.3919995801264
Senegal,1997,1719.047998407064
Senegal,1996,1679.1149414876377
Senegal,1995,1656.2672496606906
Senegal,1994,1578.0946053084062
Senegal,1993,1587.7765266709823
Senegal,1992,1572.890093982174
Senegal,1991,1560.859684452908
Senegal,1990,1513.077290949194
Serbia,2023,28674.133741084388
Serbia,2022,26220.324736607243
Serbia,2021,23385.19999332371
Serbia,2020,21013.09524734673
Serbia,2019,20587.29783540708
Serbia,2018,18469.063134046144
Serbia,2017,17285.478863564098
Serbia,2016,16455.41493983062
Serbia,2015,15550.513348897744
Serbia,2014,15296.176277025255
Serbia,2013,15246.989120615688
Serbia,2012,14506.179274338723
Serbia,2011,14298.323780257677
Serbia,2010,13321.50669280328
Serbia,2009,13031.214523983654
Serbia,2008,13122.503071316469
Serbia,2007,11685.822048197084
Serbia,2006,10465.563083612782
Serbia,2005,9397.618527918714
Serbia,2004,8716.292410224214
Serbia,2003,8023.956582820202
Serbia,2002,7562.727250161998
Serbia,2001,6803.491850041082
Serbia,2000,6414.340959338358
Serbia,1999,5895.287441898716
Serbia,1998,6458.942134311361
Serbia,1997,6038.651604352908
Serbia,1996,5432.564292523599
Serbia,1995,5021.094933387693
Seychelles,2023,32705.944308692964
Seychelles,2022,30575.570507520188
Seychelles,2021,29979.827268609057
Seychelles,2020,31055.944205503947
Seychelles,2019,34219.06137011796
Seychelles,2018,32091.298865734596
Seychelles,2017,30674.648733544203
Seychelles,2016,28811.397033495818
Seychelles,2015,25435.22898943618
Seychelles,2014,24984.52691542602
Seychelles,2013,22487.249774700045
Seychelles,2012,22263.822159947045
Seychelles,2011,21780.707557605696
Seychelles,2010,18981.658650159305
Seychelles,2009,18453.44107312045
Seychelles,2008,18880.574855940704
Seychelles,2007,19473.420675120546
Seychelles,2006,17503.196497767356
Seychelles,2005,15846.051402771996
Seychelles,2004,14160.407168778149
Seychelles,2003,14141.723004553964
Seychelles,2002,14569.6256457404
Seychelles,2001,14614.83299205148
Seychelles,2000,14637.959070936102
Seychelles,1999,13852.879497089429
Seychelles,1998,13674.548105781936
Seychelles,1997,13457.576821467826
Seychelles,1996,11930.79889073004
Seychelles,1995,10808.810019711927
Seychelles,1994,10691.7724796686
Seychelles,1993,11019.566023946383
Seychelles,1992,10242.988675786017
Seychelles,1991,9387.46491329394
Seychelles,1990,8954.945150496973
Sierra Leone,2023,3367.51026016213
Sierra Leone,2022,3143.2112512371273
Sierra Leone,2021,2848.7059771257927
Sierra Leone,2020,2719.189567639271
Sierra Leone,2019,2704.0583570464896
Sierra Leone,2018,2640.475667876458
Sierra Leone,2017,2531.312090405014
Sierra Leone,2016,2616.8743096598578
Sierra Leone,2015,2508.4871306348937
Sierra Leone,2014,2819.296908139828
Sierra Leone,2013,2770.692124843869
Sierra Leone,2012,2236.45795031876
Sierra Leone,2011,1927.341437662349
Sierra Leone,2010,1828.4279983613949
Sierra Leone,2009,1740.769187341391
Sierra Leone,2008,1722.061026854789
Sierra Leone,2007,1642.9202462383614
Sierra Leone,2006,1514.310668707328
Sierra Leone,2005,1440.1040594718943
Sierra Leone,2004,1374.5454354031417
Sierra Leone,2003,1300.3291443325518
Sierra Leone,2002,1213.018248656946
Sierra Leone,2001,1000.1253616972616
Sierra Leone,2000,1107.9047700262822
Sierra Leone,1999,1040.6209667532987
Sierra Leone,1998,1052.2441612853454
Sierra Leone,1997,1032.4120683453602
Sierra Leone,1996,1092.278133199175
Sierra Leone,1995,1059.2052705961391
Sierra Leone,1994,1129.304715261144
Sierra Leone,1993,1131.989063443665
Sierra Leone,1992,1088.3670800630632
Sierra Leone,1991,1289.2105994904512
Sierra Leone,1990,1232.7348918735065
Singapore,2023,141553.47299754003
Singapore,2022,141913.27727278607
Singapore,2021,131864.09233552206
Singapore,2020,101612.090327577
Singapore,2019,105542.41361394904
Singapore,2018,103899.67892354564
Singapore,2017,95628.24099463336
Singapore,2016,89735.1660600381
Singapore,2015,87156.18738331502
Singapore,2014,84555.24461008265
Singapore,2013,83088.31854116582
Singapore,2012,82107.72708920916
Singapore,2011,80052.39149826506
Singapore,2010,75400.55579768273
Singapore,2009,66212.96255645939
Singapore,2008,67735.34808411205
Singapore,2007,68804.98321428662
Singapore,2006,64060.568602751104
Singapore,2005,58821.69346440882
Singapore,2004,54383.80623390453
Singapore,2003,48778.29832970835
Singapore,2002,45083.252990366855
Singapore,2001,43109.06419214268
Singapore,2000,43781.26914974919
Singapore,1999,39948.78013238555
Singapore,1998,37559.61216456221
Singapore,1997,39286.43215916738
Singapore,1996,36872.7035852955
Singapore,1995,35090.068747349746
Singapore,1994,33057.5376976896
Singapore,1993,30062.13916604542
Singapore,1992,27021.840880803764
Singapore,1991,25530.366698987367
Singapore,1990,23815.1597255024
Slovakia,2023,43512.56157146569
Slovakia,2022,41077.16854034837
Slovakia,2021,38321.41942515674
Slovakia,2020,35327.94391655881
Slovakia,2019,33985.67584196617
Slovakia,2018,31509.818729163515
Slovakia,2017,30245.782586975736
Slovakia,2016,29867.980339008056
Slovakia,2015,30156.027099272185
Slovakia,2014,29108.072180194013
Slovakia,2013,28075.432623671855
Slovakia,2012,27022.77473213819
Slovakia,2011,26201.6502820886
Slovakia,2010,25384.491136635406
Slovakia,2009,23065.375476520258
Slovakia,2008,23714.135357099065
Slovakia,2007,21233.037349977894
Slovakia,2006,18909.7761670032
Slovakia,2005,16570.2574196157
Slovakia,2004,15167.925534327109
Slovakia,2003,14090.072787000225
Slovakia,2002,13291.786471255637
Slovakia,2001,12368.658214625051
Slovakia,2000,11367.569588481598
Slovakia,1999,10725.643399596716
Slovakia,1998,10665.708939265704
Slovakia,1997,10134.72362569421
Slovakia,1996,9496.042446608146
Slovakia,1995,8806.02930655644
Slovakia,1994,8172.848585428707
Slovakia,1993,7564.174481068394
Slovakia,1992,7265.583706704055
Slovakia,1991,7618.053755791052
Slovakia,1990,8632.672906080532
Slovenia,2023,53812.71449427271
Slovenia,2022,51036.220893367834
Slovenia,2021,45872.66339030507
Slovenia,2020,41767.25798999584
Slovenia,2019,42373.25063692791
Slovenia,2018,38620.20454363048
Slovenia,2017,36180.038454762296
Slovenia,2016,33575.17754357582
Slovenia,2015,31344.628974305822
Slovenia,2014,30571.97530198317
Slovenia,2013,29634.06576114706
Slovenia,2012,28786.710551768625
Slovenia,2011,28715.63399549628
Slovenia,2010,27582.497741718555
Slovenia,2009,27214.46531475461
Slovenia,2008,29460.941424351513
Slovenia,2007,27469.041298856744
Slovenia,2006,25576.51931670464
Slovenia,2005,23682.371084915292
Slovenia,2004,22590.79212995443
Slovenia,2003,20918.243260860545
Slovenia,2002,20004.299095971473
Slovenia,2001,18765.448107596832
Slovenia,2000,17887.779741786857
Slovenia,1999,17006.74265414856
Slovenia,1998,15992.443592410824
Slovenia,1997,15253.30505035882
Slovenia,1996,14279.021029190391
Slovenia,1995,13628.19807822514
Slovenia,1994,13965.884041083404
Slovenia,1993,12967.266809848426
Slovenia,1992,12287.47736724952
Slovenia,1991,12689.390879571856
Slovenia,1990,13481.830365289865
Solomon Islands,2023,2812.3757642289806
Solomon Islands,2022,2697.4404319196387
Solomon Islands,2021,2518.4216236373504
Solomon Islands,2020,2405.302561614486
Solomon Islands,2019,2511.9978872368133
Solomon Islands,2018,2493.977691579498
Solomon Islands,2017,2454.0442234864904
Solomon Islands,2016,2421.190120376177
Solomon Islands,2015,2353.7872824499555
Solomon Islands,2014,2377.3805308110213
Solomon Islands,2013,2394.470039756441
Solomon Islands,2012,2320.44909024681
Solomon Islands,2011,2306.2750666489246
Solomon Islands,2010,2182.21600808736
Solomon Islands,2009,2021.459146094507
Solomon Islands,2008,1989.021160401478
Solomon Islands,2007,1868.7610713574893
Solomon Islands,2006,1786.1464412575017
Solomon Islands,2005,1693.1818424013777
Solomon Islands,2004,1556.4784087970309
Solomon Islands,2003,1433.1077142438053
Solomon Islands,2002,1343.7508955750118
Solomon Islands,2001,1387.207979976224
Solomon Islands,2000,1502.9008911890862
Solomon Islands,1999,1754.071610310458
Solomon Islands,1998,1785.4384919835409
Solomon Islands,1997,1792.6928291460968
Solomon Islands,1996,1830.05198943874
Solomon Islands,1995,1820.5138350437664
Solomon Islands,1994,1667.6515598680826
Solomon Islands,1993,1555.5510203719205
Solomon Islands,1992,1505.2037292123869
Solomon Islands,1991,1345.8224395488928
Solomon Islands,1990,1266.2884956831738
Somalia,2023,1556.523090679494
Somalia,2022,1486.757659342536
Somalia,2021,1392.4642619251013
Somalia,2020,1454.333480802968
Somalia,2019,1548.0979280820163
Somalia,2018,1551.6146155467316
Somalia,2017,1596.8140938751546
Somalia,2016,1468.5043891868536
Somalia,2015,1341.3899924270502
Somalia,2014,1127.7192201457117
Somalia,2013,944.4045697290225
Somalia,2012,1002.9322657160076
Somalia,2011,881.3831130509388
Somalia,2010,815.1314359872515
Somalia,2009,773.7808621966794
Somalia,2008,739.2094693231269
Somalia,2007,700.17405795522
Somalia,2006,659.1375804892383
Somalia,2005,619.1582984133314
Somalia,2004,580.2849555467516
Somalia,2003,547.3741547731961
Somalia,2002,517.47520610381
Somalia,2001,491.5273299605622
Somalia,2000,467.0609221179895
Somalia,1999,443.80318690566713
Somalia,1998,424.600856364091
Somalia,1997,410.59458600123486
Somalia,1996,413.1852811879979
Somalia,1995,389.4317366641521
Somalia,1994,380.2753568966577
Somalia,1993,476.6386570947955
Somalia,1992,460.5769607102171
Somalia,1991,469.0717958436936
Somalia,1990,423.98218025522704
South Africa,2023,15194.19917611057
South Africa,2022,14759.435071561931
South Africa,2021,13711.293573047353
South Africa,2020,12671.086243685098
South Africa,2019,13361.48512891124
South Africa,2018,13347.36348260377
South Africa,2017,13738.43858545956
South Africa,2016,13519.323510237626
South Africa,2015,13397.52348133463
South Africa,2014,13358.941718660846
South Africa,2013,13369.43820396055
South Africa,2012,12986.797667530722
South Africa,2011,13143.193336109698
South Africa,2010,12637.291222478569
South Africa,2009,12261.411591187243
South Africa,2008,12525.263029779597
South Africa,2007,12046.60510706806
South Africa,2006,11250.179555610115
South Africa,2005,10440.627514592285
South Africa,2004,9713.653484810286
South Africa,2003,9138.828238472215
South Africa,2002,8792.355885725025
South Africa,2001,8428.316816709137
South Africa,2000,8095.294288691914
South Africa,1999,7666.716162463454
South Africa,1998,7463.444551544189
South Africa,1997,7433.357858779398
South Africa,1996,7208.006031687993
South Africa,1995,6875.188386162458
South Africa,1994,6611.288644569237
South Africa,1993,6374.779124884902
South Africa,1992,6275.013265151347
South Africa,1991,6382.806793192499
South Africa,1990,6381.673363853694
South Sudan,2015,1154.8868630410666
South Sudan,2014,1372.7561849114584
South Sudan,2013,1916.853558861905
South Sudan,2012,1417.38566439045
South Sudan,2011,2718.0484785075187
South Sudan,2010,2948.0500149097625
South Sudan,2009,2911.0429730013266
South Sudan,2008,2887.374159282344
Spain,2023,53092.31243837059
Spain,2022,50454.170911338515
Spain,2021,44237.82980167846
Spain,2020,39322.674308640155
Spain,2019,44027.49323075972
Spain,2018,41001.35887039879
Spain,2017,39806.4420431184
Spain,2016,37591.74319455341
Spain,2015,35220.97620339294
Spain,2014,33746.32052622105
Spain,2013,32602.602496307365
Spain,2012,31869.783982221932
Spain,2011,32015.57520004012
Spain,2010,31808.21798795387
Spain,2009,32201.47735278142
Spain,2008,33349.94258061295
Spain,2007,32537.34354027355
Spain,2006,30755.29878886458
Spain,2005,27629.70770249655
Spain,2004,26163.30462454519
Spain,2003,25060.51537657412
Spain,2002,24377.84170763938
Spain,2001,22954.820491125236
Spain,2000,21577.59731367995
Spain,1999,19938.17867731732
Spain,1998,19081.57654418812
Spain,1997,17899.19392516752
Spain,1996,16964.935227860977
Spain,1995,16265.116191102004
Spain,1994,15572.12758521912
Spain,1993,14962.723123970483
Spain,1992,14845.395920457087
Spain,1991,14451.591780034418
Spain,1990,13666.537988341646
Sri Lanka,2023,14460.741418815747
Sri Lanka,2022,14194.022562353168
Sri Lanka,2021,14316.135222568291
Sri Lanka,2020,12940.904505772172
Sri Lanka,2019,14112.952504615236
Sri Lanka,2018,14178.022536552897
Sri Lanka,2017,13616.1845987753
Sri Lanka,2016,13078.560508697004
Sri Lanka,2015,12227.171484859307
Sri Lanka,2014,11720.597811420148
Sri Lanka,2013,11252.631149214829
Sri Lanka,2012,10249.167063748731
Sri Lanka,2011,9075.54549583927
Sri Lanka,2010,8233.626638033344
Sri Lanka,2009,7575.579887270976
Sri Lanka,2008,7316.58626497874
Sri Lanka,2007,6820.393100118466
Sri Lanka,2006,6260.67990139115
Sri Lanka,2005,5678.746477709237
Sri Lanka,2004,5215.880244427714
Sri Lanka,2003,4849.860234455141
Sri Lanka,2002,4522.327696383604
Sri Lanka,2001,4328.191410930226
Sri Lanka,2000,4367.8035898336775
Sri Lanka,1999,4103.380450851218
Sri Lanka,1998,3952.04104442272
Sri Lanka,1997,3803.8835959036446
Sri Lanka,1996,3581.652765990453
Sri Lanka,1995,3454.275011423651
Sri Lanka,1994,3260.4689250573606
Sri Lanka,1993,3067.382926896016
Sri Lanka,1992,2850.9500749151257
Sri Lanka,1991,2712.722802185078
Sri Lanka,1990,2527.4429524256693
Saint Kitts and Nevis,2023,33749.70042068601
Saint Kitts and Nevis,2022,31883.099780056084
Saint Kitts and Nevis,2021,26896.61770659795
Saint Kitts and Nevis,2020,27326.036057423233
Saint Kitts and Nevis,2019,32482.09441721496
Saint Kitts and Nevis,2018,30794.89864826343
Saint Kitts and Nevis,2017,29578.631162572732
Saint Kitts and Nevis,2016,28214.709934442955
Saint Kitts and Nevis,2015,26877.466503110063
Saint Kitts and Nevis,2014,26755.596978077065
Saint Kitts and Nevis,2013,24624.43623090626
Saint Kitts and Nevis,2012,23457.893887807608
Saint Kitts and Nevis,2011,24550.16519145622
Saint Kitts and Nevis,2010,23691.447793384068
Saint Kitts and Nevis,2009,23384.73509843027
Saint Kitts and Nevis,2008,24102.19938397682
Saint Kitts and Nevis,2007,21301.240025484567
Saint Kitts and Nevis,2006,20676.18808080139
Saint Kitts and Nevis,2005,19500.32365605887
Saint Kitts and Nevis,2004,17275.8639874656
Saint Kitts and Nevis,2003,16225.674408967903
Saint Kitts and Nevis,2002,16619.165512613177
Saint Kitts and Nevis,2001,16235.424657753703
Saint Kitts and Nevis,2000,15256.430590436956
Saint Kitts and Nevis,1999,13753.657719780447
Saint Kitts and Nevis,1998,13318.762689190027
Saint Kitts and Nevis,1997,13408.876650360437
Saint Kitts and Nevis,1996,12498.094123532388
Saint Kitts and Nevis,1995,11746.824322478928
Saint Kitts and Nevis,1994,11061.60243242679
Saint Kitts and Nevis,1993,10418.238225272033
Saint Kitts and Nevis,1992,9652.199762059035
Saint Kitts and Nevis,1991,9130.827759575071
Saint Kitts and Nevis,1990,8983.49069396268
Saint Lucia,2023,25974.196027444825
Saint Lucia,2022,24599.030917548534
Saint Lucia,2021,19101.16529566759
Saint Lucia,2020,14912.38061208434
Saint Lucia,2019,18710.142566869006
Saint Lucia,2018,17433.36369097556
Saint Lucia,2017,16131.091687845515
Saint Lucia,2016,15306.816825772028
Saint Lucia,2015,14353.134258950817
Saint Lucia,2014,14403.083273250584
Saint Lucia,2013,14008.546912717662
Saint Lucia,2012,13443.426251246676
Saint Lucia,2011,13471.266635579885
Saint Lucia,2010,12717.786596566217
Saint Lucia,2009,12600.207897671986
Saint Lucia,2008,12968.545726506056
Saint Lucia,2007,12199.258114912938
Saint Lucia,2006,11758.319472680376
Saint Lucia,2005,10818.310425343016
Saint Lucia,2004,10610.296689548766
Saint Lucia,2003,9707.068189101386
Saint Lucia,2002,9205.184163440648
Saint Lucia,2001,9105.825589521868
Saint Lucia,2000,9313.732796969303
Saint Lucia,1999,9214.18051227772
Saint Lucia,1998,8965.1340011126
Saint Lucia,1997,8456.381638607545
Saint Lucia,1996,8489.8268987808
Saint Lucia,1995,8222.2232308787
Saint Lucia,1994,8040.756022077416
Saint Lucia,1993,7865.459148374768
Saint Lucia,1992,7752.548645171733
Saint Lucia,1991,7126.930911778919
Saint Lucia,1990,6950.844358995071
Saint Vincent and the Grenadines,2023,20349.228570351865
Saint Vincent and the Grenadines,2022,18396.49687076849
Saint Vincent and the Grenadines,2021,15900.976580599206
Saint Vincent and the Grenadines,2020,15417.212943552218
Saint Vincent and the Grenadines,2019,15344.360754194178
Saint Vincent and the Grenadines,2018,14689.85007108857
Saint Vincent and the Grenadines,2017,13575.43197695128
Saint Vincent and the Grenadines,2016,13493.477312099663
Saint Vincent and the Grenadines,2015,12378.842727427951
Saint Vincent and the Grenadines,2014,12135.583051029056
Saint Vincent and the Grenadines,2013,11624.862514207618
Saint Vincent and the Grenadines,2012,10988.502614009514
Saint Vincent and the Grenadines,2011,10773.614474257109
Saint Vincent and the Grenadines,2010,10561.308030493012
Saint Vincent and the Grenadines,2009,10868.535093460943
Saint Vincent and the Grenadines,2008,10901.564874281468
Saint Vincent and the Grenadines,2007,10604.348023497618
Saint Vincent and the Grenadines,2006,9949.4893874247
Saint Vincent and the Grenadines,2005,8985.69686072119
Saint Vincent and the Grenadines,2004,8471.962462764686
Saint Vincent and the Grenadines,2003,7902.627308769796
Saint Vincent and the Grenadines,2002,7250.3927441164415
Saint Vincent and the Grenadines,2001,6768.19370754172
Saint Vincent and the Grenadines,2000,6502.90023635234
Saint Vincent and the Grenadines,1999,6266.195081386359
Saint Vincent and the Grenadines,1998,6025.601228255175
Saint Vincent and the Grenadines,1997,5726.464579680401
Saint Vincent and the Grenadines,1996,5439.809988354161
Saint Vincent and the Grenadines,1995,5277.443866659609
Saint Vincent and the Grenadines,1994,4802.014281530288
Saint Vincent and the Grenadines,1993,4768.753369328096
Saint Vincent and the Grenadines,1992,4477.371983154082
Saint Vincent and the Grenadines,1991,4125.674913664418
Saint Vincent and the Grenadines,1990,3960.376792748849
Sudan,2023,2740.42114257813
Sudan,2022,3355.37817382813
Sudan,2021,3248.9755859375
Sudan,2020,3348.57836914063
Sudan,2019,3914.2255859375
Sudan,2018,4199.25048828125
Sudan,2017,4252.42138671875
Sudan,2016,4470.35498046875
Sudan,2015,4217.01025390625
Sudan,2014,4260.57177734375
Sudan,2013,3724.9599609375
Sudan,2012,3710.376953125
Sudan,2011,4112.21875
Sudan,2010,3805.62744140625
Sudan,2009,3731.61474609375
Sudan,2008,3937.52685546875
Sudan,2007,3836.48901367188
Sudan,2006,3637.32666015625
Sudan,2005,3407.35180664063
Sudan,2004,3215.236328125
Sudan,2003,3058.10375976563
Sudan,2002,2898.138671875
Sudan,2001,2769.4228515625
Sudan,2000,2616.46459960938
Sudan,1999,2475.06665039063
Sudan,1998,2427.79565429688
Sudan,1997,2358.26098632813
Sudan,1996,2005.60961914063
Sudan,1995,1902.43005371094
Sudan,1994,1805.20349121094
Sudan,1993,1793.81896972656
Sudan,1992,1709.70544433594
Sudan,1991,1598.86901855469
Sudan,1990,1467.99328613281
Suriname,2023,21135.545636513292
Suriname,2022,20078.83655459512
Suriname,2021,18458.23499968104
Suriname,2020,16946.894236191354
Suriname,2019,19771.54738851513
Suriname,2018,17855.478714143737
Suriname,2017,17567.680239643192
Suriname,2016,14475.306964492138
Suriname,2015,16543.574305137172
Suriname,2014,16597.58535396366
Suriname,2013,16172.696195996095
Suriname,2012,15184.925468040869
Suriname,2011,13926.222622303509
Suriname,2010,13039.449119682844
Suriname,2009,12392.93335840108
Suriname,2008,12097.349116328744
Suriname,2007,11530.156550694104
Suriname,2006,10802.548184291669
Suriname,2005,10013.919613413596
Suriname,2004,9388.81890808767
Suriname,2003,8551.637428476834
Suriname,2002,8045.759826698479
Suriname,2001,7865.102623120585
Suriname,2000,7535.452941594687
Suriname,1999,7367.331914600671
Suriname,1998,7520.861783135666
Suriname,1997,7421.594153979842
Suriname,1996,7047.637075955896
Suriname,1995,6999.533875017339
Suriname,1994,6973.159468911556
Suriname,1993,6650.481845754159
Suriname,1992,6992.412605771335
Suriname,1991,6851.644615744313
Suriname,1990,6492.700495385945
Sweden,2023,67024.36081991266
Sweden,2022,66319.84417584236
Sweden,2021,62675.06345085954
Sweden,2020,57489.265719621755
Sweden,2019,57046.44630769513
Sweden,2018,53122.43867721801
Sweden,2017,51474.11991151606
Sweden,2016,50289.76871441348
Sweden,2015,48785.15518645853
Sweden,2014,46841.401974673914
Sweden,2013,46098.232136883234
Sweden,2012,45206.98644347269
Sweden,2011,44332.52173890775
Sweden,2010,41956.12900515624
Sweden,2009,40073.14815448629
Sweden,2008,41906.69901735424
Sweden,2007,40814.291649806735
Sweden,2006,37679.7205412732
Sweden,2005,34198.386457678134
Sweden,2004,33809.385496801384
Sweden,2003,31791.577765945058
Sweden,2002,30987.267490812905
Sweden,2001,29949.215447742143
Sweden,2000,29629.8986478258
Sweden,1999,27496.43984212975
Sweden,1998,25895.352028209356
Sweden,1997,24811.030042300503
Sweden,1996,23942.84842822304
Sweden,1995,23068.858633924017
Sweden,1994,21842.944714032947
Sweden,1993,20724.556173032783
Sweden,1992,20792.104127587645
Sweden,1991,20688.103353146867
Sweden,1990,20381.809102343537
Switzerland,2023,89314.90315144563
Switzerland,2022,90138.94885293405
Switzerland,2021,80739.62292831267
Switzerland,2020,72997.82395032821
Switzerland,2019,73732.23533220934
Switzerland,2018,70688.81874911941
Switzerland,2017,68193.50549440944
Switzerland,2016,67350.7518747757
Switzerland,2015,65282.58419319231
Switzerland,2014,63417.04371575651
Switzerland,2013,61656.46617085157
Switzerland,2012,59440.91586076658
Switzerland,2011,57493.58105592107
Switzerland,2010,54432.33308213618
Switzerland,2009,52971.37327605851
Switzerland,2008,53808.78411270659
Switzerland,2007,50929.4927044896
Switzerland,2006,46275.549484286275
Switzerland,2005,41524.84887329322
Switzerland,2004,40176.57074153738
Switzerland,2003,38737.30792612091
Switzerland,2002,38704.95845972424
Switzerland,2001,37822.92750725009
Switzerland,2000,36695.20705541866
Switzerland,1999,34742.63186315548
Switzerland,1998,33857.65316759349
Switzerland,1997,32728.011421953313
Switzerland,1996,31497.741956896356
Switzerland,1995,30821.43705224442
Switzerland,1994,30245.37596713611
Switzerland,1993,29475.75005220083
Switzerland,1992,29093.323854107603
Switzerland,1991,28773.01393621812
Switzerland,1990,28442.331604763043
Syrian Arab Republic,2022,4772.461676671618
Syrian Arab Republic,2021,4592.83860100874
Syrian Arab Republic,2020,3737.6575183137593
Syrian Arab Republic,2019,3502.175115437371
Syrian Arab Republic,2018,3455.892270134488
Syrian Arab Republic,2017,3265.070293749962
Türkiye,2023,42216.778461383525
Türkiye,2022,39068.222504849065
Türkiye,2021,31309.96772709364
Türkiye,2020,28680.20062887645
Türkiye,2019,28461.177870815165
Türkiye,2018,28299.395541247966
Türkiye,2017,28193.174485199717
Türkiye,2016,26695.915689876027
Türkiye,2015,25862.684604890743
Türkiye,2014,24105.023797809845
Türkiye,2013,22373.246558374383
Türkiye,2012,20627.492060602235
Türkiye,2011,19590.951038725365
Türkiye,2010,17343.67712989983
Türkiye,2009,15442.117315234773
Türkiye,2008,16038.295621262232
Türkiye,2007,14866.427709518932
Türkiye,2006,13495.426900275852
Türkiye,2005,11756.931027715618
Türkiye,2004,10726.896418318607
Türkiye,2003,9451.284583230385
Türkiye,2002,9134.341207534357
Türkiye,2001,8995.309319473972
Türkiye,2000,9308.419656204473
Türkiye,1999,8461.293666269721
Türkiye,1998,8759.172499817232
Türkiye,1997,11489.817949252263
Türkiye,1996,10675.671241393136
Türkiye,1995,9960.45255974871
Türkiye,1994,9251.957506672436
Türkiye,1993,9748.07509513235
Türkiye,1992,8967.10170128015
Türkiye,1991,8412.979357587583
Türkiye,1990,8205.261394358118
Tajikistan,2023,4963.582952645007
Tajikistan,2022,4514.17512398166
Tajikistan,2021,3985.9124761121857
Tajikistan,2020,3653.959767591123
Tajikistan,2019,3459.973650834336
Tajikistan,2018,3069.1038507959233
Tajikistan,2017,3017.003148873541
Tajikistan,2016,2913.8567954744544
Tajikistan,2015,2975.470974760923
Tajikistan,2014,3151.724527932031
Tajikistan,2013,2918.5604800735687
Tajikistan,2012,2679.0692960896963
Tajikistan,2011,2455.9727826339936
Tajikistan,2010,2291.078236294979
Tajikistan,2009,2171.360916394959
Tajikistan,2008,2120.0184570151723
Tajikistan,2007,1966.2218988794368
Tajikistan,2006,1810.2912569311368
Tajikistan,2005,1672.7337499437604
Tajikistan,2004,1550.0720204584568
Tajikistan,2003,1395.6468423137674
Tajikistan,2002,1256.9525817462938
Tajikistan,2001,1138.7437288760484
Tajikistan,2000,1036.129888682206
Tajikistan,1999,946.825049310502
Tajikistan,1998,904.9667806544454
Tajikistan,1997,854.8235208322636
Tajikistan,1996,836.4290968602153
Tajikistan,1995,1005.6141321278604
Tajikistan,1994,1148.3830320526602
Tajikistan,1993,1453.7341494162451
Tajikistan,1992,1721.3820392908726
Tajikistan,1991,2416.74694601984
Tajikistan,1990,2582.7411110928415
United Republic of Tanzania,2023,4018.5166015625
United Republic of Tanzania,2022,3799.8623046875
United Republic of Tanzania,2021,3493.0830078125
United Republic of Tanzania,2020,3290.60986328125
United Republic of Tanzania,2019,2981.87451171875
United Republic of Tanzania,2018,2727.88012695313
United Republic of Tanzania,2017,2472.4931640625
United Republic of Tanzania,2016,2434.69995117188
United Republic of Tanzania,2015,2317.27978515625
United Republic of Tanzania,2014,2221.1796875
United Republic of Tanzania,2013,2176.21655273438
United Republic of Tanzania,2012,2083.48486328125
United Republic of Tanzania,2011,2211.466796875
United Republic of Tanzania,2010,2069.40185546875
United Republic of Tanzania,2009,1972.16784667969
United Republic of Tanzania,2008,1908.37353515625
United Republic of Tanzania,2007,1820.00134277344
United Republic of Tanzania,2006,1706.54846191406
United Republic of Tanzania,2005,1598.03747558594
United Republic of Tanzania,2004,1482.162109375
United Republic of Tanzania,2003,1379.45776367188
United Republic of Tanzania,2002,1302.05554199219
United Republic of Tanzania,2001,1228.52233886719
United Republic of Tanzania,2000,1163.64367675781
United Republic of Tanzania,1999,1119.95593261719
United Republic of Tanzania,1998,1081.615234375
United Republic of Tanzania,1997,1058.78796386719
United Republic of Tanzania,1996,1025.87158203125
United Republic of Tanzania,1995,981.404174804688
United Republic of Tanzania,1994,957.721008300781
United Republic of Tanzania,1993,959.321350097656
United Republic of Tanzania,1992,955.3916015625
United Republic of Tanzania,1991,952.097473144531
United Republic of Tanzania,1990,925.357360839844
Thailand,2023,23465.06313541735
Thailand,2022,22220.286475783836
Thailand,2021,20245.242411127107
Thailand,2020,19163.74151523488
Thailand,2019,19963.391840709868
Thailand,2018,18876.220876674084
Thailand,2017,17573.339815535986
Thailand,2016,16671.25069021445
Thailand,2015,15791.171476220708
Thailand,2014,15365.317540282913
Thailand,2013,15215.9492506383
Thailand,2012,14616.64979253916
Thailand,2011,13227.45410891502
Thailand,2010,12932.263344319595
Thailand,2009,11964.052946827083
Thailand,2008,12062.159874987276
Thailand,2007,11723.099558688102
Thailand,2006,10912.44279237893
Thailand,2005,10169.045361045904
Thailand,2004,9545.338138213969
Thailand,2003,8824.06945000968
Thailand,2002,8148.437029074489
Thailand,2001,7632.016093839652
Thailand,2000,7289.104994334921
Thailand,1999,6901.271892595613
Thailand,1998,6589.558427005014
Thailand,1997,7147.612899255689
Thailand,1996,7322.414646801321
Thailand,1995,6900.738956727182
Thailand,1994,6341.241332650622
Thailand,1993,5834.316505185841
Thailand,1992,5346.680094202925
Thailand,1991,4914.081226450211
Thailand,1990,4450.521211461077
Bahamas,2023,36742.06204324562
Bahamas,2022,34719.28476690331
Bahamas,2021,29340.472347970797
Bahamas,2020,26141.453000247308
Bahamas,2019,35406.573912498316
Bahamas,2018,34668.80918136903
Bahamas,2017,33703.22267500485
Bahamas,2016,31916.25176354918
Bahamas,2015,31687.72404701103
Bahamas,2014,31321.70251363063
Bahamas,2013,30127.545430701703
Bahamas,2012,31100.566076819458
Bahamas,2011,30582.047312407332
Bahamas,2010,30125.760841879
Bahamas,2009,29690.16227836435
Bahamas,2008,31197.223102388612
Bahamas,2007,31760.084458217207
Bahamas,2006,30915.41977535702
Bahamas,2005,29635.536596480197
Bahamas,2004,28127.09933377932
Bahamas,2003,27487.83166370767
Bahamas,2002,27630.61668026866
Bahamas,2001,26796.518948382185
Bahamas,2000,25851.35423598507
Bahamas,1999,24592.39100721563
Bahamas,1998,22937.07494487466
Bahamas,1997,21971.480846572944
Bahamas,1996,21647.20034484896
Bahamas,1995,20721.79816026672
Bahamas,1994,19769.557036074053
Bahamas,1993,19098.36056403123
Bahamas,1992,18950.938864981566
Bahamas,1991,19622.30876672315
Bahamas,1990,20152.35177899411
Gambia,2023,3254.3745770425667
Gambia,2022,3067.31040374628
Gambia,2021,2777.79620978324
Gambia,2020,2530.804149373073
Gambia,2019,2421.7231807061476
Gambia,2018,2277.4423622419094
Gambia,2017,2038.954298501285
Gambia,2016,2012.676481802512
Gambia,2015,1990.3162575097251
Gambia,2014,1933.7032971844612
Gambia,2013,2006.7408164678784
Gambia,2012,2064.814381216122
Gambia,2011,2064.2538528829996
Gambia,2010,2266.828982362321
Gambia,2009,2177.0534469661734
Gambia,2008,2088.271661256732
Gambia,2007,1985.0402523949977
Gambia,2006,1930.8188853317909
Gambia,2005,1938.0236273994915
Gambia,2004,1978.6326269246777
Gambia,2003,1849.7833700384017
Gambia,2002,1743.694325115789
Gambia,2001,1822.979650978492
Gambia,2000,1731.338476458197
Gambia,1999,1649.2795257582686
Gambia,1998,1571.5045924049496
Gambia,1997,1544.2119676187071
Gambia,1996,1488.8005539881449
Gambia,1995,1472.1976250169082
Gambia,1994,1472.5548566002471
Gambia,1993,1486.6233214132749
Gambia,1992,1462.3868892181963
Gambia,1991,1440.43973907388
Gambia,1990,1409.3272188912551
Timor-Leste,2023,4803.969248255683
Timor-Leste,2022,5725.146172381287
Timor-Leste,2021,6824.79238928702
Timor-Leste,2020,6132.082882180584
Timor-Leste,2019,4556.614280891644
Timor-Leste,2018,3561.2877045576647
Timor-Leste,2017,3463.1173029703114
Timor-Leste,2016,3390.762215570729
Timor-Leste,2015,3107.5719016409826
Timor-Leste,2014,2859.8606163769578
Timor-Leste,2013,2566.030706504161
Timor-Leste,2012,2386.1358997175794
Timor-Leste,2011,2065.960560122678
Timor-Leste,2010,1955.3296949765104
Timor-Leste,2009,1810.1860579559404
Timor-Leste,2008,1675.0456947999407
Timor-Leste,2007,1515.7089666923316
Timor-Leste,2006,1377.1134520762612
Timor-Leste,2005,1434.8219781138057
Timor-Leste,2004,1378.854098697848
Timor-Leste,2003,1355.1864280317193
Timor-Leste,2002,1416.8855389139153
Timor-Leste,2001,1618.644041148312
Timor-Leste,2000,1483.1700011308403
Timor-Leste,1999,818.9739754448051
Timor-Leste,1998,1107.952820851916
Timor-Leste,1997,1148.8946955778451
Timor-Leste,1996,1116.2871008332668
Timor-Leste,1995,1043.4079807028668
Timor-Leste,1994,984.8068418237108
Timor-Leste,1993,925.3698430997254
Timor-Leste,1992,842.9378472857397
Timor-Leste,1991,766.2868764041475
Timor-Leste,1990,685.2793867500689
Togo,2023,3071.512168319516
Togo,2022,2852.064429258962
Togo,2021,2577.2019632206925
Togo,2020,2356.7585966621255
Togo,2019,2214.713750530387
Togo,2018,2067.0913126238775
Togo,2017,1985.5256859532124
Togo,2016,1932.9272172407952
Togo,2015,1879.66940004825
Togo,2014,1803.1491125713376
Togo,2013,1715.3616920448071
Togo,2012,1645.3138185667665
Togo,2011,1615.9823626934867
Togo,2010,1537.0546088963197
Togo,2009,1474.184004477405
Togo,2008,1429.3067842166472
Togo,2007,1387.200595964155
Togo,2006,1407.0679992370804
Togo,2005,1367.510413406055
Togo,2004,1427.0020240836825
Togo,2003,1439.8515206280154
Togo,2002,1357.009569460288
Togo,2001,1320.1359281982157
Togo,2000,1314.737156579888
Togo,1999,1331.9869503236412
Togo,1998,1318.3366824372713
Togo,1997,1372.74806141474
Togo,1996,1217.7760424045705
Togo,1995,1140.39943940375
Togo,1994,1081.8014976553873
Togo,1993,924.56267232991
Togo,1992,1057.1605480326164
Togo,1991,1107.3352531204157
Togo,1990,1110.168980325234
Tonga,2022,7393.796684594247
Tonga,2021,7034.924837552474
Tonga,2020,6689.859317218695
Tonga,2019,6488.597534930444
Tonga,2018,6402.7575876172
Tonga,2017,6229.07028797522
Tonga,2016,5920.157658281176
Tonga,2015,5471.79683419906
Tonga,2014,5335.915802052111
Tonga,2013,5119.694594966639
Tonga,2012,4996.444885056176
Tonga,2011,4855.429174236525
Tonga,2010,4465.460278439268
Tonga,2009,4383.811092198776
Tonga,2008,4600.348960160787
Tonga,2007,4315.944372660731
Tonga,2006,4327.446486295814
Tonga,2005,4314.547192301137
Tonga,2004,4235.120537142251
Tonga,2003,4231.453784078841
Tonga,2002,4170.937489981126
Tonga,2001,3955.228564032808
Tonga,2000,3833.9276301909767
Tonga,1999,3635.699740445198
Tonga,1998,3527.0266016264713
Tonga,1997,3433.8410645753975
Tonga,1996,3409.537204699426
Tonga,1995,3346.7993987159134
Tonga,1994,3087.6928609925826
Tonga,1993,2882.2989163794796
Tonga,1992,2716.3041254867617
Tonga,1991,2652.4755023578173
Tonga,1990,2415.756750878573
Trinidad and Tobago,2023,35188.534915927485
Trinidad and Tobago,2022,33556.464320153085
Trinidad and Tobago,2021,30826.20881141421
Trinidad and Tobago,2020,26627.955899220124
Trinidad and Tobago,2019,29687.79909860591
Trinidad and Tobago,2018,29497.070386356463
Trinidad and Tobago,2017,28734.618131275387
Trinidad and Tobago,2016,28349.220339419415
Trinidad and Tobago,2015,30031.70846708443
Trinidad and Tobago,2014,32269.378799525333
Trinidad and Tobago,2013,31912.18321299855
Trinidad and Tobago,2012,32103.109118498724
Trinidad and Tobago,2011,31077.796969851992
Trinidad and Tobago,2010,30778.31273672964
Trinidad and Tobago,2009,29601.619446795055
Trinidad and Tobago,2008,30807.284851496333
Trinidad and Tobago,2007,29354.529010381673
Trinidad and Tobago,2006,27393.350545492933
Trinidad and Tobago,2005,23536.02687196685
Trinidad and Tobago,2004,20673.74584518688
Trinidad and Tobago,2003,18742.641921813654
Trinidad and Tobago,2002,16141.23572872899
Trinidad and Tobago,2001,14797.103835883818
Trinidad and Tobago,2000,13953.136152358362
Trinidad and Tobago,1999,12812.415510640529
Trinidad and Tobago,1998,11735.140168328831
Trinidad and Tobago,1997,10768.804525227486
Trinidad and Tobago,1996,9882.7257181469
Trinidad and Tobago,1995,9099.034300260852
Trinidad and Tobago,1994,8630.588923967498
Trinidad and Tobago,1993,8209.290377582303
Trinidad and Tobago,1992,8129.044287911225
Trinidad and Tobago,1991,7273.636677526803
Trinidad and Tobago,1990,6877.621347988998
Tunisia,2023,13931.85932416485
Tunisia,2022,13532.638039197742
Tunisia,2021,12375.34293386641
Tunisia,2020,11918.066205482995
Tunisia,2019,12494.79057334554
Tunisia,2018,11841.40619806031
Tunisia,2017,11288.780013508464
Tunisia,2016,10993.663846452111
Tunisia,2015,10782.543838244128
Tunisia,2014,10946.893575763854
Tunisia,2013,10671.569727457032
Tunisia,2012,10614.531301193969
Tunisia,2011,10435.995667537263
Tunisia,2010,10555.088703219157
Tunisia,2009,10237.088999497577
Tunisia,2008,9975.02232109851
Tunisia,2007,9479.350639220016
Tunisia,2006,8728.657125295327
Tunisia,2005,8116.95489928489
Tunisia,2004,7671.845359749353
Tunisia,2003,7098.42356156585
Tunisia,2002,6715.110784411582
Tunisia,2001,6593.381965138198
Tunisia,2000,6278.986808820345
Tunisia,1999,5929.900902074531
Tunisia,1998,5579.3872568293455
Tunisia,1997,5332.779910368898
Tunisia,1996,5039.710980222161
Tunisia,1995,4686.170397370679
Tunisia,1994,4555.486838798434
Tunisia,1993,4401.1996005485935
Tunisia,1992,4292.152883240456
Tunisia,1991,3975.3980161001664
Tunisia,1990,3779.684673803293
Turkmenistan,2023,19828.92484611992
Turkmenistan,2022,18340.111280530055
Turkmenistan,2021,16434.13990603527
Turkmenistan,2020,15090.93949717776
Turkmenistan,2019,15477.723764397802
Turkmenistan,2018,14368.462143253211
Turkmenistan,2017,13278.40303533809
Turkmenistan,2016,12919.371222426023
Turkmenistan,2015,12714.813724036265
Turkmenistan,2014,12476.534435838712
Turkmenistan,2013,11722.808627257707
Turkmenistan,2012,11035.451277852955
Turkmenistan,2011,10282.72661905284
Turkmenistan,2010,8971.616287280716
Turkmenistan,2009,8285.018930192124
Turkmenistan,2008,7915.547924082322
Turkmenistan,2007,6901.017568752608
Turkmenistan,2006,6163.850181399932
Turkmenistan,2005,5489.345421729374
Turkmenistan,2004,4798.153174534203
Turkmenistan,2003,4536.1978150133355
Turkmenistan,2002,4392.823815385759
Turkmenistan,2001,4401.30380430274
Turkmenistan,2000,4208.665154576884
Turkmenistan,1999,3980.654595623929
Turkmenistan,1998,3431.576017639099
Turkmenistan,1997,3222.3790124288935
Turkmenistan,1996,3636.479817988259
Turkmenistan,1995,3404.8489800268603
Turkmenistan,1994,3658.7429530250192
Turkmenistan,1993,4422.125567473228
Turkmenistan,1992,4350.533697779962
Turkmenistan,1991,5117.427369223278
Turkmenistan,1990,5320.537023293134
Tuvalu,2023,6150.999704138234
Tuvalu,2022,5661.1316258173465
Tuvalu,2021,5352.973140516177
Tuvalu,2020,5122.189802349665
Tuvalu,2019,5209.69198096616
Tuvalu,2018,4431.719702219008
Tuvalu,2017,4226.711051306573
Tuvalu,2016,4030.8545989199943
Tuvalu,2015,3775.747413423921
Tuvalu,2014,3418.8525560456997
Tuvalu,2013,3277.204792393845
Tuvalu,2012,3170.3949766103387
Tuvalu,2011,3175.928412102737
Tuvalu,2010,2945.124625517583
Tuvalu,2009,3081.935705983527
Tuvalu,2008,3291.0884702806247
Tuvalu,2007,3034.3413107420715
Tuvalu,2006,2787.107042739792
Tuvalu,2005,2727.6626637273016
Tuvalu,2004,2764.907319687888
Tuvalu,2003,2770.0926526261715
Tuvalu,2002,2915.292119077187
Tuvalu,2001,2595.909619577716
Tuvalu,2000,2597.251633936948
Tuvalu,1999,2543.4382635684938
Tuvalu,1998,2559.923579371003
Tuvalu,1997,2203.620877735451
Tuvalu,1996,1981.498749301047
Tuvalu,1995,2083.0533522303954
Tuvalu,1994,2164.7877332264425
Tuvalu,1993,1938.9539940799768
Tuvalu,1992,1836.9852445381648
Tuvalu,1991,1768.8549431135875
Tuvalu,1990,1675.7917880302862
Uganda,2023,3097.6370243061606
Uganda,2022,2919.177754071101
Uganda,2021,2684.9203593974353
Uganda,2020,2532.219501020688
Uganda,2019,2441.37445233821
Uganda,2018,2312.0575281349497
Uganda,2017,2157.9574750336938
Uganda,2016,2165.2975940441297
Uganda,2015,2189.964859190032
Uganda,2014,2134.0091628174146
Uganda,2013,2044.8818248584512
Uganda,2012,2031.946695388145
Uganda,2011,2267.7227035709348
Uganda,2010,2091.5596314329196
Uganda,2009,2014.6087944303356
Uganda,2008,1930.7086951470928
Uganda,2007,1794.5351887877143
Uganda,2006,1659.7252909291217
Uganda,2005,1496.509478343325
Uganda,2004,1405.242884406603
Uganda,2003,1320.2399162986244
Uganda,2002,1254.98203506447
Uganda,2001,1172.68317450595
Uganda,2000,1124.209582326222
Uganda,1999,1099.8647636503854
Uganda,1998,1036.73431788987
Uganda,1997,1006.7750092404794
Uganda,1996,969.38044936707
Uganda,1995,896.6723809021452
Uganda,1994,809.3194816763148
Uganda,1993,770.1276620045329
Uganda,1992,718.876631256189
Uganda,1991,703.1775732963401
Uganda,1990,665.8775545645772
Ukraine,2023,17630.125
Ukraine,2022,14770.0712890625
Ukraine,2021,17846.408203125
Ukraine,2020,15541.02734375
Ukraine,2019,14217.486328125
Ukraine,2018,12554.8486328125
Ukraine,2017,11536.0810546875
Ukraine,2016,10864.6572265625
Ukraine,2015,9921.833984375
Ukraine,2014,10493.7451171875
Ukraine,2013,10903.8251953125
Ukraine,2012,9552.314453125
Ukraine,2011,9126.6083984375
Ukraine,2010,8453.2998046875
Ukraine,2009,7994.61572265625
Ukraine,2008,9323.72265625
Ukraine,2007,8900.4443359375
Ukraine,2006,7971.1962890625
Ukraine,2005,7142.10693359375
Ukraine,2004,6663.46728515625
Ukraine,2003,5764.01123046875
Ukraine,2002,5122.84130859375
Ukraine,2001,4746.85791015625
Ukraine,2000,4228.1162109375
Ukraine,1999,3871.32641601563
Ukraine,1998,3794.33911132813
Ukraine,1997,3794.17846679688
Ukraine,1996,3812.24560546875
Ukraine,1995,4124.29541015625
Ukraine,1994,4564.64453125
Ukraine,1993,5766.296875
Ukraine,1992,6568.3330078125
Ukraine,1991,7148.48291015625
Ukraine,1990,7590.544921875
United Arab Emirates,2023,76110.38484564828
United Arab Emirates,2022,73777.74439493445
United Arab Emirates,2021,67401.12129502013
United Arab Emirates,2020,65352.834419496096
United Arab Emirates,2019,76884.9468968289
United Arab Emirates,2018,75071.18005014426
United Arab Emirates,2017,68043.23121334212
United Arab Emirates,2016,67702.14739303924
United Arab Emirates,2015,71720.30844912936
United Arab Emirates,2014,85248.15473483008
United Arab Emirates,2013,85514.80243356351
United Arab Emirates,2012,87339.68765639704
United Arab Emirates,2011,87709.04440799671
United Arab Emirates,2010,83670.90937745705
United Arab Emirates,2009,83336.81974257945
United Arab Emirates,2008,93017.0906503924
United Arab Emirates,2007,99096.7054471438
United Arab Emirates,2006,104995.3978946767
United Arab Emirates,2005,99576.61687271684
United Arab Emirates,2004,96981.59079172398
United Arab Emirates,2003,91058.66906884922
United Arab Emirates,2002,86960.31674628884
United Arab Emirates,2001,88831.57660843284
United Arab Emirates,2000,91317.6283690281
United Arab Emirates,1999,86165.4527143993
United Arab Emirates,1998,88693.03068240608
United Arab Emirates,1997,94374.18987833105
United Arab Emirates,1996,93008.5703729829
United Arab Emirates,1995,92106.95545405649
United Arab Emirates,1994,88427.28490368764
United Arab Emirates,1993,84860.30939042551
United Arab Emirates,1992,86019.08201742067
United Arab Emirates,1991,85764.62679309754
United Arab Emirates,1990,86949.00941331642
United Kingdom of Great Britain and Northern Ireland,2023,58273.473697230824
United Kingdom of Great Britain and Northern Ireland,2022,58392.85539231317
United Kingdom of Great Britain and Northern Ireland,2021,50978.95100102019
United Kingdom of Great Britain and Northern Ireland,2020,47987.58329150724
United Kingdom of Great Britain and Northern Ireland,2019,49911.1566522001
United Kingdom of Great Britain and Northern Ireland,2018,47090.48489672933
United Kingdom of Great Britain and Northern Ireland,2017,46048.200050664454
United Kingdom of Great Britain and Northern Ireland,2016,44082.11646784918
United Kingdom of Great Britain and Northern Ireland,2015,42508.27083407192
United Kingdom of Great Britain and Northern Ireland,2014,41278.12750799189
United Kingdom of Great Britain and Northern Ireland,2013,39954.2191450769
United Kingdom of Great Britain and Northern Ireland,2012,38343.086903348434
United Kingdom of Great Britain and Northern Ireland,2011,37224.37876452561
United Kingdom of Great Britain and Northern Ireland,2010,36487.67185318747
United Kingdom of Great Britain and Northern Ireland,2009,35023.332310601516
United Kingdom of Great Britain and Northern Ireland,2008,36744.7913584035
United Kingdom of Great Britain and Northern Ireland,2007,35523.311587650154
United Kingdom of Great Britain and Northern Ireland,2006,34734.81602464148
United Kingdom of Great Britain and Northern Ireland,2005,32726.133188377244
United Kingdom of Great Britain and Northern Ireland,2004,32055.471764234644
United Kingdom of Great Britain and Northern Ireland,2003,30317.524313622907
United Kingdom of Great Britain and Northern Ireland,2002,29089.05367704072
United Kingdom of Great Britain and Northern Ireland,2001,27915.530440474096
United Kingdom of Great Britain and Northern Ireland,2000,26529.852173435083
United Kingdom of Great Britain and Northern Ireland,1999,24493.501365736534
United Kingdom of Great Britain and Northern Ireland,1998,23687.69175229068
United Kingdom of Great Britain and Northern Ireland,1997,23065.190519411874
United Kingdom of Great Britain and Northern Ireland,1996,21938.445022076743
United Kingdom of Great Britain and Northern Ireland,1995,20581.042006181015
United Kingdom of Great Britain and Northern Ireland,1994,19712.677408473297
United Kingdom of Great Britain and Northern Ireland,1993,18633.0827722684
United Kingdom of Great Britain and Northern Ireland,1992,17802.10801421445
United Kingdom of Great Britain and Northern Ireland,1991,17382.84995869448
United Kingdom of Great Britain and Northern Ireland,1990,17054.44482182599
United States of America,2023,82769.41221142135
United States of America,2022,78035.17536042118
United States of America,2021,71318.30735921828
United States of America,2020,64411.373177937254
United States of America,2019,65604.6815198737
United States of America,2018,63201.045848376794
United States of America,2017,60322.26142417505
United States of America,2016,58206.614193184105
United States of America,2015,57040.20821366048
United States of America,2014,55304.31553171368
United States of America,2013,53409.75077743717
United States of America,2012,51784.41146920484
United States of America,2011,50065.97894706748
United States of America,2010,48650.664322723205
United States of America,2009,47194.95008938721
United States of America,2008,48570.05942696015
United States of America,2007,48050.22741219505
United States of America,2006,46301.98764855189
United States of America,2005,44123.39964700257
United States of America,2004,41724.64119826138
United States of America,2003,39490.30239031761
United States of America,2002,37997.7424300242
United States of America,2001,37133.620397351704
United States of America,2000,36329.97025957508
United States of America,1999,34515.38130733945
United States of America,1998,32853.6725949234
United States of America,1997,31459.129969155387
United States of America,1996,29967.712718174866
United States of America,1995,28690.875701334695
United States of America,1994,27694.853416234047
United States of America,1993,26387.29373381707
United States of America,1992,25418.990776331895
United States of America,1991,24342.25890481894
United States of America,1990,23888.60000881329
Uruguay,2023,34426.60247279387
Uruguay,2022,33081.507430765334
Uruguay,2021,29441.4774869654
Uruguay,2020,25777.7455310901
Uruguay,2019,25782.6940702439
Uruguay,2018,24386.494448996265
Uruguay,2017,23606.643064187552
Uruguay,2016,22840.551074532927
Uruguay,2015,22168.611418967605
Uruguay,2014,21867.811227631493
Uruguay,2013,20661.379341118703
Uruguay,2012,19495.4223660846
Uruguay,2011,19135.363696418583
Uruguay,2010,17872.536968118144
Uruguay,2009,16421.769632360883
Uruguay,2008,15694.23541172346
Uruguay,2007,14397.22496629746
Uruguay,2006,13179.38811309756
Uruguay,2005,12295.700311446655
Uruguay,2004,11103.112590030609
Uruguay,2003,10303.233750316826
Uruguay,2002,10030.128784028728
Uruguay,2001,10719.39456860299
Uruguay,2000,10929.300260775715
Uruguay,1999,10938.355782014743
Uruguay,1998,11002.126208626682
Uruguay,1997,10460.919709778462
Uruguay,1996,9524.08700364965
Uruguay,1995,8905.617986386751
Uruguay,1994,8897.178059288588
Uruguay,1993,8162.355929325498
Uruguay,1992,7808.1222805988355
Uruguay,1991,7112.437651233258
Uruguay,1990,6683.057810518413
Uzbekistan,2023,11106.971593478644
Uzbekistan,2022,10292.530942751586
Uzbekistan,2021,9247.643827039305
Uzbekistan,2020,8451.725051081145
Uzbekistan,2019,8544.080267297179
Uzbekistan,2018,8128.755203035225
Uzbekistan,2017,7818.011129774278
Uzbekistan,2016,6919.2947562180425
Uzbekistan,2015,6799.5733284218295
Uzbekistan,2014,6609.767172777112
Uzbekistan,2013,6412.7238692872015
Uzbekistan,2012,6168.137647551723
Uzbekistan,2011,5949.484123528995
Uzbekistan,2010,5504.856379260032
Uzbekistan,2009,5135.464446499681
Uzbekistan,2008,4800.0591431982975
Uzbekistan,2007,4386.129336629524
Uzbekistan,2006,3955.976820667185
Uzbekistan,2005,3617.8548682727046
Uzbekistan,2004,3321.1965440514728
Uzbekistan,2003,3047.248568328945
Uzbekistan,2002,2902.0398361710754
Uzbekistan,2001,2782.3487103792395
Uzbekistan,2000,2644.263541639478
Uzbekistan,1999,2521.839510930103
Uzbekistan,1998,2417.826215107999
Uzbekistan,1997,2328.657998413744
Uzbekistan,1996,2213.952639221263
Uzbekistan,1995,2178.3274829230227
Uzbekistan,1994,2196.5111075513637
Uzbekistan,1993,2317.598351089866
Uzbekistan,1992,2371.4675718279104
Uzbekistan,1991,2676.1101011814835
Uzbekistan,1990,2664.664875549431
Vanuatu,2023,3460.9337136151903
Vanuatu,2022,3345.2681017290274
Vanuatu,2021,3135.8366493969547
Vanuatu,2020,3117.644252860883
Vanuatu,2019,3314.667213461012
Vanuatu,2018,3232.9482579450128
Vanuatu,2017,3145.9273498346533
Vanuatu,2016,2975.5312079934843
Vanuatu,2015,2878.8434171633635
Vanuatu,2014,2905.9609474285708
Vanuatu,2013,2832.006061330054
Vanuatu,2012,2834.126308699418
Vanuatu,2011,2815.686933840293
Vanuatu,2010,2733.4592258605344
Vanuatu,2009,2730.2879599239163
Vanuatu,2008,2701.2883607748777
Vanuatu,2007,2573.4010436323897
Vanuatu,2006,2495.856836302989
Vanuatu,2005,2287.006604305969
Vanuatu,2004,2157.445170618391
Vanuatu,2003,2070.3577555521597
Vanuatu,2002,1995.3237227411137
Vanuatu,2001,2124.950748756844
Vanuatu,2000,2206.1024035711794
Vanuatu,1999,2083.9283121767385
Vanuatu,1998,2090.8394422329675
Vanuatu,1997,2086.699678367557
Vanuatu,1996,1997.8818707479147
Vanuatu,1995,1960.634086628187
Vanuatu,1994,1945.7889940216155
Vanuatu,1993,1788.6807164819968
Vanuatu,1992,1777.4788049886008
Vanuatu,1991,1736.653349474359
Vanuatu,1990,1669.609516344827
Venezuela,2011,17349.175997971775
Venezuela,2010,16527.739407935667
Venezuela,2009,16794.53949448281
Venezuela,2008,17480.190861867002
Venezuela,2007,16528.220475770082
Venezuela,2006,15027.792748864194
Venezuela,2005,13485.752841959544
Venezuela,2004,12053.03084016567
Venezuela,2003,10094.587966095432
Venezuela,2002,10924.22332384349
Venezuela,2001,12017.549368865244
Venezuela,2000,11577.129971008932
Venezuela,1999,11126.885763411392
Venezuela,1998,11898.294150882204
Venezuela,1997,11969.752863438169
Venezuela,1996,11291.294865575475
Venezuela,1995,11344.7025488619
Venezuela,1994,10919.897272678543
Venezuela,1993,11191.309888683716
Venezuela,1992,11150.60507066624
Venezuela,1991,10520.190525174916
Venezuela,1990,9497.25449894856
Viet Nam,2023,14973.883960725874
Viet Nam,2022,13852.116360071916
Viet Nam,2021,12048.901993553598
Viet Nam,2020,11609.31772764233
Viet Nam,2019,11029.273208396313
Viet Nam,2018,10009.971475600563
Viet Nam,2017,9169.731920528548
Viet Nam,2016,8374.506845161175
Viet Nam,2015,7671.581977808395
Viet Nam,2014,7296.879480873805
Viet Nam,2013,6758.4043363474875
Viet Nam,2012,6376.797657061718
Viet Nam,2011,5786.12348870721
Viet Nam,2010,5389.219569884199
Viet Nam,2009,5060.732122695464
Viet Nam,2008,4844.06704743752
Viet Nam,2007,4580.79431131504
Viet Nam,2006,4237.400880848669
Viet Nam,2005,3893.665094180848
Viet Nam,2004,3543.0991552490873
Viet Nam,2003,3239.771259071508
Viet Nam,2002,3001.8703876632035
Viet Nam,2001,2808.8318189615857
Viet Nam,2000,2614.118403669715
Viet Nam,1999,2420.935000413322
Viet Nam,1998,2308.2816360586903
Viet Nam,1997,2189.4102772253245
Viet Nam,1996,2019.1824909797303
Viet Nam,1995,1841.3502684500424
Viet Nam,1994,1674.237121965802
Viet Nam,1993,1533.555731761682
Viet Nam,1992,1413.0749531770073
Viet Nam,1991,1297.660604925141
Viet Nam,1990,1209.686444648534
Yemen,2013,3164.3215422361527
Yemen,2012,3004.920914340249
Yemen,2011,3113.3829272527832
Yemen,2010,3603.035056272398
Yemen,2009,3410.577964153726
Yemen,2008,3369.514349712948
Yemen,2007,3293.602219710402
Yemen,2006,3205.2778855376523
Yemen,2005,3113.417396642617
Yemen,2004,2948.8184666616407
Yemen,2003,2844.1028138503616
Yemen,2002,2768.461044756339
Yemen,2001,2701.847024299487
Yemen,2000,2623.6153188726303
Yemen,1999,2491.6489511454347
Yemen,1998,2442.374845094024
Yemen,1997,2351.2979994700786
Yemen,1996,2267.6791256678366
Yemen,1995,2201.1293536779644
Yemen,1994,2114.9112944575268
Yemen,1993,2013.231590828879
Yemen,1992,1963.40527882636
Yemen,1991,1842.8115880355624
Yemen,1990,1742.477195443942
Zambia,2023,4076.995086866388
Zambia,2022,3840.724505111406
Zambia,2021,3503.034914183715
Zambia,2020,3157.300093116429
Zambia,2019,3361.3975029961207
Zambia,2018,3442.2730719630176
Zambia,2017,3391.627684927748
Zambia,2016,3313.35121570029
Zambia,2015,3337.473068876963
Zambia,2014,3441.3149764377495
Zambia,2013,3477.281787776828
Zambia,2012,3323.6331221985643
Zambia,2011,3228.487142550391
Zambia,2010,3097.6640049622265
Zambia,2009,2872.4641836760193
Zambia,2008,2708.00819664743
Zambia,2007,2554.6893762535674
Zambia,2006,2377.9923977267613
Zambia,2005,2212.812025510327
Zambia,2004,2067.937284591251
Zambia,2003,1942.2152086999024
Zambia,2002,1837.06585171666
Zambia,2001,1785.0671137772074
Zambia,2000,1708.5155261619364
Zambia,1999,1653.836495336869
Zambia,1998,1600.6282515882303
Zambia,1997,1631.173138409791
Zambia,1996,1584.581663491702
Zambia,1995,1501.391062443541
Zambia,1994,1464.0561171707382
Zambia,1993,1606.66943650035
Zambia,1992,1505.0264792962914
Zambia,1991,1534.0012994356089
Zambia,1990,1521.624169310523
Zimbabwe,2023,3820.362629497318
Zimbabwe,2022,3560.0432734352175
Zimbabwe,2021,3184.7854513873717
Zimbabwe,2020,3510.5940358995517
Zimbabwe,2019,3211.4719126159407
Zimbabwe,2018,2614.4062710980215
Zimbabwe,2017,7045.357425883143
Zimbabwe,2016,2796.7964752194375
Zimbabwe,2015,2646.6539928304796
Zimbabwe,2014,2553.4442142972175
Zimbabwe,2013,2475.290399457701
Zimbabwe,2012,2271.556280462816
Zimbabwe,2011,1993.4353063435335
Zimbabwe,2010,1734.485558596597
Zimbabwe,2009,1433.9247158663848
Zimbabwe,2008,1290.2478848720443
Zimbabwe,2007,1556.1459537244152
Zimbabwe,2006,1593.4070419736067
Zimbabwe,2005,1620.7890766986152
Zimbabwe,2004,1682.5434184090616
Zimbabwe,2003,1758.500458159149
Zimbabwe,2002,2102.3972680219117
Zimbabwe,2001,2294.2977170437907
Zimbabwe,2000,2226.7829760605473
Zimbabwe,1999,2266.874862002139
Zimbabwe,1998,2290.443711020884
Zimbabwe,1997,2244.9339553576165
Zimbabwe,1996,2189.996101949533
Zimbabwe,1995,1981.3518824864848
Zimbabwe,1994,1955.678952697793
Zimbabwe,1993,1754.9852817103772
Zimbabwe,1992,1721.491174306791
Zimbabwe,1991,1902.8774308474292
Zimbabwe,1990,1790.1784478684003
